PlanetNaturalId,HasLocalMarket,HasChamberOfCommerce,HasWarehouse,HasAdministrationCenter,HasShipyard,Gravity,Temperature,Pressure,Fertility,Surface
PG-241h,False,False,False,False,False,1.041806936264038,-212.86373901367188,1.245514154434204,-1,False
ZV-639a,False,True,True,True,False,0.4177207052707672,175.50100708007812,0.003447050228714943,-1,True
GY-110a,False,False,False,False,False,0.5866182446479797,144.734130859375,0.2183741331100464,-1,True
PG-710f,False,False,False,False,False,2.3277907371520996,-221.67372131347656,1.9799814224243164,-1,False
HM-049g,False,False,False,False,False,1.802412748336792,-195.42581176757812,1.7890986204147339,-1,False
NL-534b,False,False,False,False,False,0.8689919114112854,672.46435546875,7.7641215324401855,-1,True
NL-534a,False,False,False,False,False,1.3357264995574951,1162.3323974609375,5.294911861419678,-1,True
NL-044b,False,False,False,False,False,0.6476724147796631,216.5150146484375,25.798738479614258,-1,True
VH-043b,False,False,False,False,False,0.6180885434150696,-140.23745727539062,4.02420711517334,-1,True
EX-326c,False,False,False,False,False,0.879482090473175,-173.58799743652344,5.615248680114746,-1,True
EX-389b,False,False,False,False,False,1.0489908456802368,84.0420150756836,0.0000017802500451580272,-1,True
MG-630b,False,False,False,False,False,0.7591502666473389,199.28065490722656,2.7730157375335693,-1,True
XS-804h,False,False,False,False,False,1.3094260692596436,-238.63999938964844,0.505493700504303,-1,False
MG-630g,False,False,False,False,False,2.3729798793792725,-163.26339721679688,1.4196349382400513,-1,False
IY-112e,False,False,False,False,False,0.7195298671722412,-166.81748962402344,30.431468963623047,-1,True
SO-838c,True,True,True,True,False,0.6399441957473755,-18.824026107788086,1.2804406881332397,-1,True
GM-332f,False,False,False,False,False,0.9757313132286072,-233.0045166015625,0.9765124320983887,-1,False
YW-650a,False,False,False,False,False,1.2592827081680298,155.24310302734375,5.064793109893799,-1,True
LS-227b,False,False,False,False,False,0.6265829801559448,79.02783203125,3.596082925796509,-1,True
PG-502f,False,False,False,False,False,1.3132230043411255,-240.8290252685547,1.3113232851028442,-1,False
YI-280a,False,False,False,False,False,0.7196568250656128,393.0130615234375,0.5676189064979553,-1,True
PG-971h,False,False,False,False,False,2.7438995838165283,-241.12559509277344,1.1960906982421875,-1,False
GM-332a,False,False,False,False,False,1.3352382183074951,-128.30674743652344,23.01533317565918,-1,True
YA-462a,False,False,False,False,False,1.0211760997772217,442.9892883300781,34.5955924987793,-1,True
FW-918a,False,False,False,False,False,0.3895098865032196,89.598388671875,0.009301634505391121,-1,True
YA-997a,False,False,False,False,False,0.9997366666793823,262.98040771484375,0.33162960410118103,-1,True
NL-044e,False,False,False,False,False,0.9011587500572205,-105.79286193847656,3.609585762023926,-1,True
BI-805a,False,False,False,False,False,1.1828441619873047,464.3203430175781,5.392303943634033,-1,True
NL-743e,False,False,False,False,False,1.1659178733825684,-227.91065979003906,29.158445358276367,-1,True
YI-265i,False,False,False,False,False,1.580597162246704,-232.6419677734375,1.0917083024978638,-1,False
NL-534d,False,False,False,False,False,0.7521478533744812,215.27255249023438,2.315479278564453,-1,True
NL-044d,False,False,False,False,False,1.2403583526611328,-28.39805030822754,82.57552337646484,-1,True
NL-743a,False,False,False,False,False,0.9855232238769531,86.04918670654297,0.012856443412601948,-1,True
BI-805c,False,False,False,False,False,1.2862404584884644,-45.220855712890625,1.1075527667999268,-1,True
VI-291f,False,False,False,False,False,2.28764271736145,-168.95416259765625,0.7900621891021729,-1,False
XS-804c,False,False,False,False,False,0.7184604406356812,-124.9244384765625,5.972291946411133,-1,True
LA-236b,False,False,False,False,False,0.825619637966156,30.93893051147461,15.582493782043457,-1,True
PG-971c,False,False,False,False,False,1.013763189315796,-141.56114196777344,12.611222267150879,-1,True
KW-689f,False,False,False,False,False,0.6443239450454712,-212.38101196289062,1.4078774452209473,-1,False
EX-389c,False,False,False,False,False,0.3912011981010437,3.3570609092712402,0.014867393299937248,-1,True
PG-502d,False,False,False,False,False,0.4624156355857849,-184.366455078125,0.22054524719715118,-1,True
YA-997d,False,False,False,False,False,1.091748595237732,-41.06866455078125,97.16109466552734,-1,True
MG-630a,False,False,False,False,False,0.9882614612579346,174.158935546875,0.11280438303947449,-1,True
GH-527a,False,True,False,True,False,0.6160087585449219,-153.9651336669922,0.34682798385620117,-1,True
GM-332g,False,False,False,False,False,1.789618968963623,-204.2282257080078,1.8211873769760132,-1,False
EX-071a,False,False,False,False,False,1.2644977569580078,442.05584716796875,47.555458068847656,-1,True
MG-630d,False,False,False,False,False,0.9574447274208069,-87.9222183227539,5.529742240905762,-1,True
PG-973c,False,False,False,False,False,0.9876470565795898,-158.4075927734375,5.176394462585449,-1,True
AU-130a,False,False,False,False,False,0.37050744891166687,122.45875549316406,0.14963865280151367,-1,True
EY-430a,False,False,False,False,False,1.0443565845489502,747.4470825195312,30.45032501220703,-1,True
YI-265d,False,False,False,False,False,0.8217706680297852,-93.43366241455078,16.931053161621094,-1,True
YA-462d,False,False,False,False,False,0.793583333492279,-140.84097290039062,0.7110072374343872,-1,False
LS-227j,False,False,False,False,False,1.2059803009033203,-218.17559814453125,20.205032348632812,-1,True
XU-112e,False,False,False,False,False,1.1713781356811523,-218.3575439453125,1.091097354888916,-1,True
YA-997f,False,False,False,False,False,1.4031624794006348,-167.06866455078125,1.5008957386016846,-1,False
GM-332e,False,False,False,False,False,1.4892877340316772,-201.04873657226562,132.6797332763672,-1,True
AU-130b,False,False,False,False,False,0.4154730439186096,62.08367156982422,0.038374822586774826,-1,True
PG-241g,False,False,False,False,False,2.7165682315826416,-206.45008850097656,1.8067885637283325,-1,False
YI-265c,False,False,False,False,False,0.7050364017486572,-3.2288331985473633,4.3231682777404785,-1,True
XG-751a,False,False,False,False,False,0.8196560740470886,379.2870178222656,42.8704948425293,-1,True
YP-225a,False,False,False,False,False,1.0736621618270874,5.353420257568359,47.00563430786133,-1,True
PG-971b,False,False,False,False,False,0.9484803080558777,-38.622222900390625,4.625861167907715,-1,True
OT-680f,False,False,False,False,False,2.4595751762390137,-141.43592834472656,1.1974385976791382,-1,False
YA-997b,False,False,False,False,False,1.1247659921646118,76.37232971191406,0.5229664444923401,-1,True
SL-620a,False,False,False,False,False,0.633456826210022,363.7917785644531,2.4224960803985596,-1,True
GY-110d,False,False,False,False,False,1.162069320678711,-80.08924865722656,46.55482482910156,-1,True
LG-093a,True,True,True,True,False,0.23265340924263,-135.93524169921875,0.016199786216020584,-1,True
XG-287h,False,False,False,False,False,0.9642711877822876,-235.6463623046875,0.9532812833786011,-1,False
NL-534c,False,False,False,False,False,0.7550135850906372,401.5231628417969,6.143259525299072,-1,True
MG-885h,False,False,False,False,False,1.5042482614517212,-205.347900390625,0.8787208795547485,-1,False
BI-805b,False,False,False,False,False,1.2920790910720825,-1.1860214471817017,26.604148864746094,-1,True
NL-044c,False,False,False,False,False,1.001746416091919,58.089447021484375,0.019228080287575722,-1,True
OT-823b,False,False,False,False,False,0.9393414855003357,30.73332405090332,8.053321838378906,-1,True
AU-130c,False,False,False,False,False,1.1821011304855347,-92.3777084350586,24.241756439208984,-1,True
MG-630j,False,False,False,False,False,1.1797903776168823,-214.883544921875,52.09621047973633,-1,True
LS-014a,False,True,True,True,False,0.9297788143157959,-142.56539916992188,1.5052083730697632,-1,True
VH-778c,True,True,True,True,False,0.801091730594635,-82.58155059814453,1.7628520727157593,-1,True
PD-754d,True,True,True,True,False,0.8016646504402161,-4.794357776641846,1.5013532638549805,-1,True
MG-630f,False,False,False,False,False,0.574407160282135,-135.20223999023438,1.5180554389953613,-1,False
MG-885a,False,False,False,False,False,0.9655578136444092,208.947998046875,0.0010493604931980371,-1,True
YI-280i,False,False,False,False,False,1.3850247859954834,-198.7552490234375,1.5626308917999268,-1,False
NL-534h,False,False,False,False,False,1.0690171718597412,-155.5938720703125,1.498256802558899,-1,False
YI-683c,True,True,True,True,True,0.7653432488441467,0.47877323627471924,0.006434794049710035,-1,True
RC-040c,True,True,True,True,False,0.7138328552246094,-87.73828125,1.1595996618270874,-1,True
ZV-896a,False,True,True,True,False,0.4985296130180359,405.2122802734375,0.10340438783168793,-1,True
YA-997e,False,False,False,False,False,0.9764845967292786,-129.853515625,1.9741874933242798,-1,False
NL-044g,False,False,False,False,False,1.941342830657959,-173.69837951660156,1.3326271772384644,-1,False
NL-743b,False,False,False,False,False,1.2116122245788574,-98.68843078613281,3.7586658000946045,-1,True
NJ-553h,False,False,False,False,False,1.6367806196212769,-200.48475646972656,0.5990856885910034,-1,False
GM-332b,False,False,False,False,False,0.5013282299041748,-156.23492431640625,1.4844818115234375,-1,True
BI-805d,False,False,False,False,False,1.0576952695846558,-95.34674835205078,21.38141441345215,-1,True
AU-130d,False,False,False,False,False,1.0399365425109863,-83.97357940673828,95.15050506591797,-1,True
CC-558b,False,False,False,False,False,0.8329904079437256,150.88453674316406,10.768261909484863,-1,True
JS-637d,False,False,False,False,False,0.693108081817627,-44.08990478515625,5.661545276641846,-1,True
YI-280g,False,False,False,False,False,1.3573805093765259,-104.53094482421875,1.7648546695709229,-1,False
HM-049c,False,False,False,False,False,0.9885378479957581,-72.48068237304688,0.0003134165017399937,-1,True
OT-680d,True,False,True,False,False,1.0365417003631592,-7.677092552185059,0.004280978813767433,-1,True
MG-885f,False,False,False,False,False,1.6105725765228271,-162.9452667236328,0.8073533773422241,-1,False
YA-997c,False,False,False,False,False,0.7798876166343689,-45.632389068603516,2.460463285446167,-1,True
KW-689h,False,False,False,False,False,2.874715805053711,-225.19764709472656,0.9543364644050598,-1,False
PG-971e,False,False,False,False,False,1.127290964126587,-206.95399475097656,29.097278594970703,-1,True
OT-113d,False,False,False,False,False,1.4806559085845947,-56.16223907470703,101.05359649658203,-1,True
EX-071b,False,False,False,False,False,0.4088684022426605,444.8666076660156,0.0010741277365013957,-1,True
MG-630c,False,False,False,False,False,0.37487903237342834,-16.94883155822754,0.017282230779528618,-1,True
GM-332h,False,False,False,False,False,1.1320594549179077,-250.92361450195312,1.3044556379318237,-1,False
XS-804g,False,False,False,False,False,2.180368423461914,-244.5604705810547,0.6052243709564209,-1,False
NL-534e,False,False,False,False,False,1.4268215894699097,88.39266967773438,3.7124640941619873,-1,True
JS-637c,False,False,False,False,False,0.8199807405471802,124.00794982910156,30.308931350708008,-1,True
HY-608a,False,False,False,False,False,1.112323522567749,177.960693359375,7.181621551513672,-1,True
LG-298b,False,False,False,False,False,0.9925780892372131,-158.20791625976562,1.458862066268921,-1,True
DX-325a,False,False,False,False,False,0.7882172465324402,497.4606018066406,21.50054168701172,-1,True
NJ-553a,False,False,False,False,False,0.47842103242874146,64.92867279052734,1.7967262268066406,-1,False
RC-659c,False,False,False,False,False,0.327602356672287,-151.10523986816406,0.04839614778757095,-1,True
NG-164c,False,True,False,True,False,0.9887338876724243,69.09671783447266,1.3700488805770874,-1,True
NL-534f,False,False,False,False,False,1.0398447513580322,-31.866485595703125,1.123574137687683,-1,False
SE-052c,False,True,True,True,False,0.6895074844360352,-165.7532958984375,17.091079711914062,-1,True
UQ-328d,True,True,True,True,False,1.1953189373016357,-15.942682266235352,76.9405288696289,-1,True
LA-236a,False,False,False,False,False,0.959532618522644,144.76803588867188,17.632762908935547,-1,True
EM-929a,False,False,False,False,False,1.0542638301849365,42.2481803894043,39.26533508300781,-1,True
NL-044f,False,False,False,False,False,0.9521750807762146,-135.65103149414062,1.5448923110961914,-1,False
NJ-553f,False,False,False,False,False,1.798761010169983,-167.12757873535156,1.8654261827468872,-1,False
DX-325d,False,False,False,False,False,0.7335028648376465,81.65763854980469,22.148090362548828,-1,True
YA-997g,False,False,False,False,False,2.8430073261260986,-190.12791442871094,1.899864673614502,-1,False
EM-929f,False,False,False,False,False,1.930707335472107,-213.4071807861328,1.3544895648956299,-1,False
JS-637f,False,False,False,False,False,0.7212810516357422,-130.85638427734375,1.6814079284667969,-1,False
MG-630e,False,False,False,False,False,1.4362245798110962,-72.138671875,369.1758728027344,-1,True
YI-280c,False,False,False,False,False,1.3633248805999756,242.09886169433594,14.256845474243164,-1,True
NL-743f,False,False,False,False,False,1.9403036832809448,-202.8438720703125,0.5084920525550842,-1,False
WX-318d,False,False,False,False,False,0.5719828009605408,-56.923866271972656,0.5690635442733765,-1,True
UQ-328c,True,True,True,True,False,0.3154757618904114,-16.995319366455078,0.004955417476594448,-1,True
UQ-328a,False,False,False,False,False,1.030655860900879,343.1188049316406,19.943967819213867,-1,True
XS-804a,False,False,False,False,False,1.3592976331710815,-149.52410888671875,29.396936416625977,-1,True
LG-150a,False,False,False,False,False,0.2041245698928833,34.60194778442383,0.004149734508246183,-1,True
EM-929e,False,False,False,False,False,2.1330385208129883,-177.01454162597656,0.5417501926422119,-1,False
NL-534g,False,False,False,False,False,2.0382206439971924,-81.31346893310547,0.8862194418907166,-1,False
IV-524a,False,False,False,False,False,0.6858618855476379,88.59303283691406,4.1281538009643555,-1,True
EE-233g,False,False,False,False,False,2.525202989578247,-184.80621337890625,0.806183397769928,-1,False
MG-885d,False,False,False,False,False,1.0339819192886353,-114.60804748535156,25.065114974975586,-1,True
WX-556a,False,False,False,False,False,0.5179488062858582,-116.85966491699219,0.14754119515419006,-1,True
RC-659a,False,False,False,False,False,0.5168076753616333,-124.51712036132812,0.15555454790592194,-1,True
JY-136c,False,False,False,False,False,0.7763665318489075,-47.18327331542969,0.10186967253684998,-1,True
NJ-553b,False,False,False,False,False,0.3830888569355011,-10.04323673248291,0.002552429214119911,-1,True
LA-236c,False,False,False,False,False,0.9279751777648926,-110.9461898803711,0.18913578987121582,-1,True
NL-044h,False,False,False,False,False,0.9801703691482544,-209.773681640625,1.4271997213363647,-1,False
SE-052d,False,True,True,True,False,0.7733051180839539,-210.87867736816406,6.7284836769104,-1,True
EX-326b,False,False,False,False,False,0.7102514505386353,-154.2812957763672,0.26415368914604187,-1,True
LG-298f,False,False,False,False,False,1.9880056381225586,-236.1309051513672,1.8474364280700684,-1,False
EX-071d,False,False,False,False,False,0.8909446001052856,-85.80842590332031,0.5570698976516724,-1,False
IV-876e,False,False,False,False,False,0.6367639303207397,-145.1041717529297,0.5043542385101318,-1,False
YI-280h,False,False,False,False,False,2.8863255977630615,-164.0663604736328,1.9427109956741333,-1,False
NL-743c,False,False,False,False,False,0.6536957025527954,-93.61742401123047,24.136878967285156,-1,True
SO-245i,False,False,False,False,False,0.568717360496521,-243.78489685058594,0.5839709043502808,-1,False
LG-150b,False,False,False,False,False,0.21870556473731995,-143.8405303955078,0.021208297461271286,-1,True
PG-973f,False,False,False,False,False,2.116525888442993,-218.5859832763672,1.4439071416854858,-1,False
OT-113a,False,False,False,False,False,0.9052042961120605,287.578369140625,1.0515639781951904,-1,True
SO-245a,False,False,False,False,False,1.1821613311767578,-25.497652053833008,43.19388961791992,-1,True
EM-929d,False,False,False,False,False,1.8219077587127686,-177.30056762695312,7.025193214416504,-1,True
NL-044i,False,False,False,False,False,0.8049116730690002,-201.30062866210938,4.068405628204346,-1,True
EX-071c,False,False,False,False,False,1.5464808940887451,-72.11380767822266,22.751535415649414,-1,True
NJ-553d,False,False,False,False,False,0.9092936515808105,-145.9100341796875,46.398433685302734,-1,True
IV-524f,False,False,False,False,False,0.6485572457313538,-159.44839477539062,1.0460195541381836,-1,False
LA-236f,False,False,False,False,False,2.3005974292755127,-199.83106994628906,1.0890353918075562,-1,False
XS-804i,False,False,False,False,False,1.058445930480957,-228.9011688232422,8.561988830566406,-1,True
DX-325c,False,False,False,False,False,0.9678786396980286,174.6062469482422,17.921710968017578,-1,True
RC-659f,False,False,False,False,False,1.978381633758545,-229.1788330078125,1.6505653858184814,-1,False
SO-245g,False,False,False,False,False,2.57035493850708,-224.51025390625,1.241706132888794,-1,False
IV-524d,False,False,False,False,False,0.29777294397354126,-56.67680358886719,1.7236948013305664,-1,False
EX-389a,False,False,False,False,False,0.33418774604797363,244.01296997070312,0.07203051447868347,-1,True
HP-454a,False,False,True,False,False,0.5115653872489929,140.7098388671875,0.024343812838196754,-1,True
LG-150e,False,False,False,False,False,1.1536961793899536,-206.72621154785156,9.457700729370117,-1,True
YI-280f,False,False,False,False,False,0.5773347616195679,-78.75829315185547,1.089073657989502,-1,False
EX-740b,False,False,False,False,False,0.5927791595458984,8.432074546813965,0.018042663112282753,-1,True
MG-885g,False,False,False,False,False,2.5668044090270996,-187.8468780517578,1.8781864643096924,-1,False
AJ-946a,True,True,True,False,False,0.46328672766685486,219.34727478027344,0.3441673815250397,-1,True
UQ-328e,False,False,False,False,False,0.6560454964637756,-126.09280395507812,1.8902335166931152,-1,False
MG-630h,False,False,False,False,False,2.865877628326416,-183.78245544433594,1.0313074588775635,-1,False
NL-743d,False,False,False,False,False,0.6124139428138733,-182.53140258789062,3.3707706928253174,-1,True
HM-049f,False,False,False,False,False,0.8193649053573608,-190.6529998779297,4.495354652404785,-1,True
XS-804b,False,False,False,False,False,0.550199031829834,-172.4138946533203,2.782062292098999,-1,True
RC-659g,False,False,False,False,False,1.1148022413253784,-233.34164428710938,0.8958905935287476,-1,False
DX-325b,False,False,False,False,False,0.730626106262207,259.025146484375,25.71341896057129,-1,True
SO-245b,False,False,False,False,False,0.6868681907653809,-25.311328887939453,6.330411434173584,-1,True
OT-823f,False,False,False,False,False,2.0061185359954834,-175.293701171875,1.4560134410858154,-1,False
MG-885c,False,False,False,False,False,0.8868318796157837,95.97054290771484,8.645482063293457,-1,True
HM-049e,False,False,False,False,False,1.3039571046829224,-143.49188232421875,106.00364685058594,-1,True
OT-680h,False,False,False,False,False,1.2649317979812622,-223.21621704101562,1.6191264390945435,-1,False
EY-847d,True,True,True,True,False,0.8705781102180481,-50.98585891723633,21.092844009399414,-1,True
CH-131d,False,True,False,False,False,1.5768986940383911,-160.1265411376953,16.34212303161621,-1,True
LG-298a,False,False,False,False,False,0.8156216740608215,179.69554138183594,0.0005454861675389111,-1,True
NJ-553c,False,False,False,False,False,0.8326915502548218,-77.21829223632812,2.4295473098754883,-1,True
BS-788c,True,True,True,True,False,0.9544805288314819,27.700719833374023,1.1111503839492798,-1,True
HP-454f,False,False,False,False,False,1.8576022386550903,-157.0373992919922,0.7983118891716003,-1,False
HY-608d,False,False,False,False,False,1.0749759674072266,-78.73876953125,103.48970794677734,-1,True
HY-784c,False,False,False,False,False,1.2632429599761963,-170.82359313964844,3.2968575954437256,-1,True
UQ-328b,False,False,False,False,False,0.8737165331840515,88.90678405761719,1.5310510396957397,-1,True
IV-524e,False,False,False,False,False,1.0598846673965454,-144.72817993164062,0.28242239356040955,-1,True
JS-601a,False,False,False,True,False,0.604159951210022,529.6874389648438,0.10471664369106293,-1,True
IY-112f,False,False,False,False,False,2.2055370807647705,-233.7948455810547,0.5943025946617126,-1,False
AM-001h,False,False,False,False,False,1.4624302387237549,-233.1161651611328,1.6999869346618652,-1,False
HP-454c,False,False,False,False,False,0.8521777391433716,84.64168548583984,15.951204299926758,-1,True
MG-885b,False,False,False,False,False,1.2494263648986816,74.62340545654297,2.865285873413086,-1,True
LS-227g,False,False,False,False,False,2.2889492511749268,-174.80026245117188,0.5700304508209229,-1,False
AU-322a,False,False,False,False,False,0.4183052182197571,382.5981140136719,0.012252955697476864,-1,True
XU-112c,False,False,False,False,False,1.2337554693222046,-179.88551330566406,38.62822723388672,-1,True
EY-430f,False,False,False,False,False,1.608148217201233,-104.96884155273438,0.674038827419281,-1,False
YP-225b,False,False,False,False,False,0.7719117403030396,-141.9105682373047,0.34207630157470703,-1,True
EW-604d,False,False,False,False,False,1.404444694519043,-190.5755615234375,0.00004750538573716767,-1,True
OS-476e,False,False,False,False,False,0.5548402667045593,-160.35418701171875,1.7487432956695557,-1,False
IY-112d,False,False,False,False,False,0.929327666759491,-195.9708709716797,19.029743194580078,-1,True
NL-044a,False,False,False,False,False,0.5809226036071777,237.21913146972656,0.31194016337394714,-1,True
VH-043g,False,False,False,False,False,1.2778732776641846,-254.62757873535156,0.7020143866539001,-1,False
HM-049h,False,False,False,False,False,2.3441429138183594,-206.10443115234375,1.4182554483413696,-1,False
MG-885e,False,False,False,False,False,0.6796014904975891,-140.07728576660156,1.1679518222808838,-1,False
OS-476d,False,False,False,False,False,1.4880837202072144,-163.93759155273438,32.831336975097656,-1,True
HP-454b,False,False,False,False,False,0.3934296667575836,130.60848999023438,0.01994660496711731,-1,True
YW-650b,False,False,False,False,False,0.2603338062763214,118.59873962402344,0.03368336334824562,-1,True
LS-227d,False,False,False,False,False,0.7127482295036316,-54.833641052246094,0.018556511029601097,-1,True
LS-227f,False,False,False,False,False,1.0332380533218384,-150.11184692382812,0.823330819606781,-1,False
JS-637e,False,False,False,False,False,1.8945703506469727,-71.71087646484375,156.62452697753906,-1,True
OS-803a,False,False,False,False,False,0.4826425611972809,-49.59770584106445,0.1647801250219345,-1,True
XS-804e,False,False,False,False,False,0.7424048781394958,-198.6403350830078,1.1163966655731201,-1,False
GY-110b,False,False,False,False,False,0.43744975328445435,107.64063262939453,0.045553892850875854,-1,True
YP-225e,False,False,False,False,False,0.5876325964927673,-212.0729522705078,1.9310293197631836,-1,False
IV-524b,False,False,False,False,False,0.7703723311424255,-8.006057739257812,0.012322291731834412,-1,True
AU-322b,False,False,False,False,False,0.8183686137199402,49.44697189331055,23.657886505126953,-1,True
AW-006a,True,True,True,True,False,0.674647867679596,300.6048583984375,3.9210205078125,-1,True
IY-816h,False,True,True,True,False,2.6721994876861572,-208.20423889160156,1.0443413257598877,-1,False
IV-524c,False,False,False,False,False,1.0356144905090332,-53.591922760009766,0.10221807658672333,-1,True
JS-637b,False,False,False,False,False,0.21770967543125153,233.82095336914062,0.0000625473985564895,-1,True
IV-876a,False,False,False,False,False,0.8096746206283569,292.70025634765625,44.8525276184082,-1,True
HP-454e,False,False,False,False,False,1.242004156112671,-122.4126205444336,7.243601322174072,-1,True
EY-430b,False,False,False,False,False,1.1709010601043701,293.3978271484375,2.197657585144043,-1,True
YP-225c,False,False,False,False,False,1.4047523736953735,-201.53387451171875,63.37411880493164,-1,True
EX-071e,False,False,False,False,False,1.426343321800232,-145.6239471435547,1.8443315029144287,-1,False
EY-430e,False,False,False,False,False,0.873431384563446,-58.78278350830078,1.9034947156906128,-1,False
AM-001a,False,False,False,False,False,0.8715483546257019,163.82447814941406,0.5493122935295105,-1,True
AM-001i,False,False,False,False,False,1.0757486820220947,-258.84173583984375,24.11479377746582,-1,True
OS-476a,False,False,False,False,False,0.6391037106513977,-137.91404724121094,2.732515335083008,-1,True
IY-112c,False,False,False,False,False,0.8812591433525085,-174.86106872558594,0.00044171331683173776,-1,True
WU-013d,True,False,False,False,False,1.3045735359191895,-38.853397369384766,19.215972900390625,-1,True
LS-227h,False,False,False,False,False,2.7734475135803223,-190.5738983154297,1.3592891693115234,-1,False
DX-325e,False,False,False,False,False,1.2071293592453003,6.711112976074219,63.724876403808594,-1,True
WC-788c,False,False,False,False,False,0.920603334903717,-28.581510543823242,4.252182483673096,-1,True
HP-454d,False,False,False,False,False,1.3458852767944336,-41.013362884521484,4.8004937171936035,-1,True
ZV-194b,True,True,True,True,False,1.031795859336853,-118.13606262207031,0.9624947309494019,-1,True
IY-112b,False,False,False,False,False,0.6594317555427551,-35.583152770996094,0.6366916298866272,-1,True
LG-298c,False,False,False,False,False,0.579881489276886,-155.60305786132812,1.3510372638702393,-1,True
IV-524g,False,False,False,False,False,2.8008623123168945,-177.37631225585938,0.9969016909599304,-1,False
AU-322d,False,False,False,False,False,0.4575693607330322,-107.20846557617188,0.9029631018638611,-1,False
VH-043f,False,False,False,False,False,2.7081878185272217,-215.52259826660156,1.9189406633377075,-1,False
WC-803a,False,False,False,False,False,1.2193349599838257,88.17003631591797,1.4408870935440063,-1,True
KW-358a,True,True,True,True,False,0.5140947103500366,-153.85215759277344,5.058602333068848,-1,True
LA-236d,False,False,False,False,False,0.8181618452072144,-146.7764129638672,8.118657112121582,-1,True
IV-876d,False,False,False,False,False,1.0275040864944458,-100.52631378173828,0.028978044167160988,-1,True
JS-637g,False,False,False,False,False,1.8783866167068481,-147.79144287109375,1.2912914752960205,-1,False
XG-751d,False,False,False,False,False,0.8792626857757568,-160.95404052734375,0.5977380871772766,-1,False
AU-605c,True,True,True,True,False,0.7812087535858154,67.25281524658203,0.3656705617904663,-1,True
LS-231d,True,True,True,True,False,1.5564377307891846,49.43404006958008,15.697182655334473,-1,True
IV-876c,False,False,False,False,False,0.9666988253593445,-90.16088104248047,0.016678426414728165,-1,True
XS-804f,False,False,False,False,False,1.8046200275421143,-218.28640747070312,0.6500329375267029,-1,False
EX-389f,False,False,False,False,False,0.5853517055511475,-128.93228149414062,1.833026647567749,-1,False
HP-454h,False,False,False,False,False,0.8988892436027527,-208.44317626953125,1.393548846244812,-1,False
XH-556a,True,True,True,True,False,0.4696813225746155,-137.9569854736328,3.2257912158966064,-1,True
AU-322c,False,False,False,False,False,0.7537332773208618,-81.5623550415039,1.465566873550415,-1,True
WC-788e,False,False,False,False,False,1.6020965576171875,-200.8486785888672,1.5158015489578247,-1,False
UI-206f,False,False,False,False,False,0.6433335542678833,-221.25216674804688,0.8753290772438049,-1,False
YV-800a,False,True,False,True,False,0.4836810827255249,2.5468125343322754,0.3024638891220093,-1,True
AM-001b,False,False,False,False,False,0.3531299829483032,-113.20252990722656,0.11935415863990784,-1,True
NJ-553e,False,False,False,False,False,0.46816062927246094,-140.33242797851562,0.6459436416625977,-1,False
OS-803b,False,False,False,False,False,0.7733941674232483,-184.57472229003906,3.232597827911377,-1,True
WU-974e,False,False,False,False,False,0.6837987899780273,-50.33580017089844,0.7276332974433899,-1,False
NJ-553g,False,False,False,False,False,2.733048915863037,-177.16567993164062,0.7471988797187805,-1,False
WU-882e,False,False,False,False,False,1.472800374031067,-114.48242950439453,196.876953125,-1,True
HY-608f,False,False,False,False,False,2.1848602294921875,-169.44686889648438,1.481514573097229,-1,False
HY-784d,False,False,False,False,False,1.1444473266601562,-204.07627868652344,61.726810455322266,-1,True
JS-952e,False,False,False,False,False,1.1306843757629395,-120.13739776611328,3.465827465057373,-1,True
IC-945d,False,False,False,False,False,0.8598373532295227,78.83393096923828,3.4021880626678467,-1,True
SO-245d,False,False,False,False,False,1.2625573873519897,-219.51504516601562,17.828561782836914,-1,True
EX-740a,False,False,False,False,False,0.947406530380249,172.41172790527344,2.1948728561401367,-1,True
RC-659b,False,False,False,False,False,0.8974308967590332,-107.80406951904297,0.07256253063678741,-1,True
SO-245c,False,False,False,False,False,0.6633363366127014,-193.44125366210938,6.610008716583252,-1,True
YW-650e,False,False,False,False,False,0.832284152507782,-138.32220458984375,1.0962553024291992,-1,False
EY-430c,False,False,False,False,False,1.1149874925613403,277.8743591308594,27.87718391418457,-1,True
LS-227i,False,False,False,False,False,1.278297781944275,-193.99758911132812,1.657382845878601,-1,False
EW-652a,False,False,False,False,False,0.4468885064125061,88.91565704345703,0.21191662549972534,-1,True
UI-973c,False,False,False,False,False,0.8644644618034363,54.62480545043945,1.4843158721923828,-1,True
XS-804d,False,False,False,False,False,0.9246213436126709,-214.8554229736328,16.161741256713867,-1,True
WX-556d,False,False,False,False,False,0.6564953923225403,-185.10195922851562,14.505913734436035,-1,True
LG-150d,False,False,False,False,False,0.6762425303459167,-184.5330047607422,15.71667194366455,-1,True
EX-740g,False,False,False,False,False,2.0278711318969727,-218.46176147460938,0.7247543931007385,-1,False
JS-952a,False,False,False,False,False,0.5836033225059509,223.41807556152344,4.658310413360596,-1,True
YW-650d,False,False,False,False,False,0.4100317656993866,-110.30327606201172,0.023409007117152214,-1,True
EW-652c,False,False,False,False,False,0.6118177175521851,-105.6103286743164,0.04812226817011833,-1,True
EW-238d,False,False,False,False,False,1.0240745544433594,-35.218711853027344,31.84008026123047,-1,True
EE-233a,False,False,False,False,False,1.4765141010284424,83.40387725830078,1.1764510869979858,-1,True
AU-322e,False,False,False,False,False,0.6613740921020508,-153.67767333984375,0.820236086845398,-1,False
EW-652d,False,False,False,False,False,1.3007475137710571,-155.15623474121094,59.573333740234375,-1,True
AM-001d,False,False,False,False,False,1.0253641605377197,-210.16036987304688,38.430397033691406,-1,True
XU-112a,False,False,False,False,False,0.8027437329292297,-126.3866958618164,0.16827476024627686,-1,True
WU-504c,False,False,False,False,False,1.4776540994644165,-174.63522338867188,41.620548248291016,-1,True
EY-430d,False,False,False,False,False,0.5376484394073486,19.375354766845703,0.7191700339317322,-1,False
OS-898b,False,False,False,False,False,0.8791052103042603,-204.52789306640625,0.0013135683257132769,-1,True
EX-389e,False,False,False,False,False,0.6609417200088501,-68.09911346435547,6.6277689933776855,-1,True
OS-476f,False,False,False,False,False,0.5717448592185974,-231.2191619873047,1.5396015644073486,-1,False
WC-803h,False,False,False,False,False,1.134171724319458,-205.81234741210938,1.7863956689834595,-1,False
OP-630a,False,False,False,False,False,0.6689642667770386,187.09796142578125,0.009114779531955719,-1,True
AM-001e,False,False,False,False,False,1.684361219406128,-230.4390869140625,21.353357315063477,-1,True
OE-462a,False,False,False,False,False,1.076650857925415,127.20077514648438,30.94347381591797,-1,True
KI-448b,True,True,True,True,False,0.6133816242218018,27.489871978759766,1.109192967414856,-1,False
OE-462h,False,False,False,False,False,1.2852725982666016,-221.27886962890625,0.6851983070373535,-1,False
LG-150c,False,False,False,False,False,1.23318350315094,-171.69728088378906,0.45867833495140076,-1,True
EZ-176e,False,False,False,False,False,1.7376619577407837,-170.5854949951172,154.39871215820312,-1,True
HP-937b,False,False,False,False,False,1.3748970031738281,147.849365234375,99.65573120117188,-1,True
EY-847c,True,True,True,True,False,0.41918832063674927,-24.308658599853516,0.01083118375390768,-1,True
EX-326a,False,False,False,False,False,1.2146482467651367,-122.05584716796875,24.18726348876953,-1,True
WU-013e,False,False,False,False,False,1.027896761894226,-82.77267456054688,3.5479793548583984,-1,True
EW-604b,False,False,False,False,False,0.2846567928791046,-147.9449005126953,0.003200419247150421,-1,True
OS-476b,False,False,False,False,False,0.5656471848487854,-46.32669448852539,0.0666598454117775,-1,True
OT-627e,False,False,False,False,False,0.7084881067276001,-187.29994201660156,1.3377386331558228,-1,False
YA-646b,False,True,True,True,False,0.9254095554351807,147.14080810546875,0.40845081210136414,-1,True
OE-462d,False,False,False,False,False,0.6004124879837036,-135.49432373046875,6.820188522338867,-1,True
EW-238b,False,False,False,False,False,1.0548676252365112,214.5749969482422,9.119316101074219,-1,True
SO-245f,False,False,False,False,False,1.5119563341140747,-195.33628845214844,0.8153403401374817,-1,False
WC-803g,False,False,False,False,False,2.352708101272583,-179.75369262695312,0.5379634499549866,-1,False
SL-620f,False,False,False,False,False,2.092939853668213,-149.61093139648438,1.3644212484359741,-1,False
WU-882d,False,False,False,False,False,0.7828400135040283,-54.792301177978516,0.06241442635655403,-1,True
XG-751c,False,False,False,False,False,0.9924094080924988,-95.2562484741211,0.4714597761631012,-1,True
AM-001f,False,False,False,False,False,1.5559980869293213,-201.1362762451172,1.3179004192352295,-1,False
FK-317b,False,True,False,True,False,0.8986338376998901,-13.128460884094238,65.51483917236328,-1,True
XG-287d,False,False,False,False,False,0.40266335010528564,-95.42195892333984,0.6065760850906372,-1,False
RC-659e,False,False,False,False,False,0.8349016904830933,-194.44436645507812,0.5485427975654602,-1,False
LG-298d,False,False,False,False,False,1.1330760717391968,-224.34848022460938,36.37119674682617,-1,True
RC-659d,False,False,False,False,False,0.6389990448951721,-220.02508544921875,0.06827379018068314,-1,True
JS-952d,False,False,False,False,False,0.5747901797294617,-32.13908767700195,5.106785774230957,-1,True
SO-014c,False,True,False,True,False,0.882938802242279,-188.15756225585938,0.46722614765167236,-1,True
UB-402e,True,True,True,True,False,0.2516070604324341,-21.805627822875977,0.1429750919342041,-1,True
EW-604c,False,False,False,False,False,0.4316596984863281,-146.43260192871094,0.06083633750677109,-1,True
OF-375f,False,False,False,False,False,0.8655016422271729,-111.4680404663086,0.9645178914070129,-1,False
WU-504b,False,False,False,False,False,0.8932892084121704,-169.24440002441406,5.719188213348389,-1,True
SO-245e,False,False,False,False,False,0.7644340991973877,-211.897216796875,0.7438476085662842,-1,False
OT-823d,False,False,False,False,False,0.3438873887062073,-102.96625518798828,0.1371147185564041,-1,True
AM-001g,False,False,False,False,False,1.7056918144226074,-243.86724853515625,0.7117598056793213,-1,False
EX-740f,False,False,False,False,False,1.408959984779358,-192.9709014892578,0.6710477471351624,-1,False
SO-122j,False,False,False,False,False,0.6592665910720825,-253.95053100585938,3.515451192855835,-1,True
WU-013a,False,False,False,False,False,0.6074445843696594,276.4483337402344,0.014326084405183792,-1,True
HY-608e,False,False,False,False,False,0.7984515428543091,-157.14857482910156,1.1017764806747437,-1,False
UI-973b,False,False,False,False,False,0.6560713052749634,251.87738037109375,0.1140671819448471,-1,True
UI-550b,False,False,False,False,False,0.8600327372550964,-51.62003707885742,2.1071250438690186,-1,True
XG-287c,False,False,False,False,False,0.9118587374687195,-89.05333709716797,6.562534332275391,-1,True
XU-112b,False,False,False,False,False,0.3105524778366089,-131.04110717773438,0.03328583762049675,-1,True
CB-282a,False,True,True,True,False,0.42529425024986267,36.09059143066406,0.14131812751293182,-1,True
WU-974d,False,False,False,False,False,0.6784382462501526,3.571403980255127,13.362227439880371,-1,True
OP-630c,False,False,False,False,False,1.1515491008758545,-52.63137435913086,1.1209242343902588,-1,True
JS-952b,False,False,False,False,False,1.0961514711380005,91.35901641845703,4.190206050872803,-1,True
LG-298e,False,False,False,False,False,0.9672635197639465,-209.84426879882812,0.8557009696960449,-1,False
EX-740e,False,False,False,False,False,1.8486638069152832,-173.73214721679688,850.6736450195312,-1,True
EW-652b,False,False,False,False,False,0.6794240474700928,44.4962043762207,3.038923978805542,-1,True
OE-462e,False,False,False,False,False,1.1939918994903564,-215.1569061279297,7.676455497741699,-1,True
WC-803f,False,False,False,False,False,1.8416944742202759,-183.65431213378906,1.227494239807129,-1,False
XD-436b,False,False,False,False,False,0.9015017151832581,51.24850082397461,0.044357504695653915,-1,True
EW-369a,False,False,False,False,False,0.7153722047805786,595.7477416992188,33.83893585205078,-1,True
SL-620b,False,False,False,False,False,0.926166296005249,98.75431060791016,14.51492977142334,-1,True
WU-974a,False,False,False,False,False,1.2713627815246582,416.3371276855469,11.954864501953125,-1,True
YI-209i,False,False,False,False,False,1.372734546661377,-236.24034118652344,0.7012978792190552,-1,False
OP-630b,False,False,False,False,False,0.840901255607605,144.67242431640625,1.2021278142929077,-1,True
LS-231a,False,False,False,False,False,0.6870321035385132,702.1427612304688,1.982467532157898,-1,True
EX-389d,False,False,False,False,False,0.7431905269622803,-75.24502563476562,3.8692924976348877,-1,True
JS-952g,False,False,False,False,False,2.326716423034668,-174.62876892089844,0.7552499771118164,-1,False
XD-436d,False,False,False,False,False,1.2367417812347412,-130.11631774902344,6.866053581237793,-1,True
UP-972c,False,False,False,False,False,0.7858713865280151,-175.8975830078125,0.6516873240470886,-1,True
XG-287b,False,False,False,False,False,0.7351590394973755,-55.75518035888672,2.6807594299316406,-1,True
OE-462g,False,False,False,False,False,1.5723594427108765,-247.6656951904297,1.102498173713684,-1,False
YW-310a,False,False,False,False,False,0.9290161728858948,-151.01344299316406,8.499141693115234,-1,True
NJ-257b,False,False,False,False,False,0.5695575475692749,-41.311405181884766,1.3907480239868164,-1,True
EW-652e,False,False,False,False,False,1.3338584899902344,-175.3958282470703,152.99497985839844,-1,True
OP-630d,False,False,False,False,False,0.9708903431892395,-57.28664016723633,6.2544965744018555,-1,True
EX-326d,False,False,False,False,False,0.3011646568775177,-150.8271026611328,0.6269988417625427,-1,True
EX-389g,False,False,False,False,False,2.133462905883789,-147.72718811035156,0.523341715335846,-1,False
LS-231f,False,False,False,False,False,2.5474894046783447,-137.3306884765625,0.6869088411331177,-1,False
LS-763e,False,False,False,False,False,1.005432367324829,-85.03449249267578,0.9483278393745422,-1,False
LS-763d,False,False,False,False,False,1.3355472087860107,-70.20460510253906,72.6497802734375,-1,True
VI-291d,False,False,False,False,False,0.7527137994766235,-118.22147369384766,1.3320865631103516,-1,False
KW-950a,False,False,False,False,False,1.3977771997451782,-94.14338684082031,53.289981842041016,-1,True
RC-323b,False,False,False,False,False,0.18823781609535217,-57.5529670715332,0.07086124271154404,-1,True
RY-872a,False,False,False,False,False,0.20189368724822998,54.9122428894043,0.0008070304174907506,-1,True
IZ-816c,False,False,False,False,False,0.4198266863822937,-101.58003997802734,0.6280333399772644,-1,False
HY-784b,False,False,False,False,False,0.18953749537467957,-40.06144332885742,0.04711178317666054,-1,True
OF-375g,False,False,False,False,False,2.049118757247925,-175.26397705078125,1.5836998224258423,-1,False
XU-112g,False,False,False,False,False,2.1646039485931396,-212.49459838867188,1.1719173192977905,-1,False
KW-626a,False,True,False,False,False,1.0921406745910645,-4.288489818572998,15.476905822753906,-1,True
YI-209d,False,False,False,False,False,0.7788883447647095,-126.52760314941406,77.66268157958984,-1,True
ZV-759f,False,True,True,True,False,0.670349657535553,-160.5841522216797,1.7189356088638306,-1,False
TD-228c,False,True,True,True,False,1.0730226039886475,44.32417678833008,29.5100154876709,-1,True
XG-287f,False,False,False,False,False,1.2827070951461792,-177.7430877685547,1.683257818222046,-1,False
RC-323a,False,False,False,False,False,1.3502265214920044,-71.12206268310547,15.110895156860352,-1,True
FK-371a,False,False,False,False,False,1.0892267227172852,100.39842987060547,4.8630571365356445,-1,True
SO-245h,False,False,False,False,False,1.5578306913375854,-250.12477111816406,1.266896367073059,-1,False
OS-476c,False,False,False,False,False,1.040403127670288,-186.3394317626953,11.69476318359375,-1,True
WU-013b,False,False,False,False,False,0.4525413513183594,212.6043701171875,1.0723668336868286,-1,False
KW-950c,False,False,False,False,False,0.6850565671920776,-189.2986602783203,1.5168914794921875,-1,False
EX-326e,False,False,False,False,False,0.8211575150489807,-210.35211181640625,1.7085914611816406,-1,False
UP-972b,False,False,False,False,False,0.8923565149307251,-152.09886169433594,0.6362768411636353,-1,True
WU-882f,False,False,False,False,False,0.7967384457588196,-136.04823303222656,1.1004890203475952,-1,False
YW-310c,False,False,False,False,False,0.8897565007209778,-169.01612854003906,54.37260437011719,-1,True
OF-375e,False,False,False,False,False,1.6026731729507446,-126.4022216796875,42.562557220458984,-1,True
OT-680a,False,False,False,False,False,1.0377079248428345,292.4464416503906,4.653359413146973,-1,True
LS-231e,False,False,False,False,False,0.878852128982544,-89.8292007446289,0.7620629072189331,-1,False
IZ-816d,False,False,False,False,False,0.6663117408752441,-111.51785278320312,1.5421631336212158,-1,False
YA-646e,False,True,True,True,False,2.2364284992218018,-113.8936996459961,1.3981112241744995,-1,True
RV-854c,False,True,False,True,False,0.7586550116539001,39.7615852355957,15.929140090942383,-1,True
WX-918a,False,False,False,False,False,0.7287318706512451,348.3213195800781,0.000011304568033665419,-1,True
EX-740c,False,False,False,False,False,1.2535104751586914,-30.417491912841797,44.064876556396484,-1,True
EX-740d,False,False,False,False,False,0.625623345375061,-120.43605041503906,0.08600880205631256,-1,True
YP-278a,False,False,False,False,False,0.9835112690925598,-38.83025360107422,3.8857204914093018,-1,True
RY-872b,False,False,False,False,False,1.0227187871932983,97.22713470458984,4.521035194396973,-1,True
XG-287e,False,False,False,False,False,0.7294411063194275,-172.01583862304688,1.7800624370574951,-1,False
XG-452f,True,True,True,True,False,1.666212558746338,-48.095211029052734,1.6469309329986572,-1,False
OE-462f,False,False,False,False,False,2.0044949054718018,-227.2457733154297,0.7158104777336121,-1,False
GH-082b,False,True,False,True,False,0.3073578178882599,94.686279296875,0.0015879161655902863,-1,True
WC-803c,False,False,False,False,False,1.071353793144226,-61.98106002807617,8.165607452392578,-1,True
ZV-307h,False,True,True,True,False,2.4824907779693604,-190.84812927246094,1.6672239303588867,-1,False
XG-287i,False,False,False,False,False,1.3372282981872559,-237.7736358642578,32.40037536621094,-1,True
RC-323c,False,False,False,False,False,1.410806655883789,-80.89804077148438,0.000005000919372832868,-1,True
EW-604e,False,False,False,False,False,1.045454502105713,-168.605712890625,59.4083137512207,-1,True
LS-763a,False,False,False,False,False,0.4245315492153168,258.4333190917969,0.85868901014328,-1,True
WU-013c,False,False,False,False,False,0.23052062094211578,91.79996490478516,0.012770378962159157,-1,True
YP-278b,False,False,False,False,False,1.1981005668640137,-141.9650421142578,5.873050212860107,-1,True
XG-452c,False,False,False,False,False,0.763995885848999,390.2509460449219,6.996869087219238,-1,True
XU-112h,False,False,False,False,False,1.8042123317718506,-241.6232452392578,1.5331377983093262,-1,False
LS-763b,False,False,False,False,False,1.2923963069915771,181.2686004638672,47.79264831542969,-1,True
YP-278d,False,False,False,False,False,0.9946959018707275,-192.32180786132812,7.106847286224365,-1,True
KW-950d,False,False,False,False,False,2.216887950897217,-231.61465454101562,1.0773755311965942,-1,False
OE-462c,False,False,False,False,False,0.5265385508537292,-127.91988372802734,0.11396539956331253,-1,True
WC-702b,True,True,True,True,False,1.2337735891342163,72.4894027709961,1.7941093444824219,-1,True
SL-620d,False,False,False,False,False,0.8872261047363281,-84.76671600341797,6.745309352874756,-1,True
SL-620e,False,False,False,False,False,1.609836459159851,-124.39913177490234,55.473854064941406,-1,True
WC-788a,False,False,False,False,False,0.7250887155532837,105.63191223144531,2.029522180557251,-1,True
WC-803d,False,False,False,False,False,1.0163780450820923,-82.10757446289062,0.10500994324684143,-1,True
OT-680c,False,False,False,False,False,0.19244647026062012,189.19522094726562,0.002691070083528757,-1,True
EW-369d,False,False,False,False,False,0.8772576451301575,-104.55252075195312,0.29338791966438293,-1,True
WU-013f,False,False,False,False,False,0.6630030274391174,-91.60909271240234,0.9392722249031067,-1,False
KW-626c,False,False,False,False,False,0.5626357197761536,-105.10633850097656,0.00843651033937931,-1,True
OE-462b,False,False,False,False,False,1.4070357084274292,-71.73213958740234,181.85598754882812,-1,True
GK-115g,False,False,False,False,False,2.374133825302124,-211.8326873779297,0.7225276827812195,-1,False
XV-396a,False,False,False,False,False,0.7190365195274353,280.67950439453125,0.06186709553003311,-1,True
XU-112f,False,False,False,False,False,0.5516523718833923,-221.635498046875,1.397792935371399,-1,False
WC-803e,False,False,False,False,False,1.1157281398773193,-146.75794982910156,37.900936126708984,-1,True
HV-813e,False,False,True,False,False,1.357629656791687,-193.10984802246094,8.146876335144043,-1,True
OS-898a,False,False,False,False,False,0.975562572479248,-137.297119140625,5.837718486785889,-1,True
EW-604f,False,False,False,False,False,1.243346095085144,-217.2533721923828,0.8517195582389832,-1,False
VI-291a,False,False,False,False,False,1.0149294137954712,158.35256958007812,8.594743728637695,-1,True
LS-763c,False,False,False,False,False,1.0640339851379395,104.54693603515625,7.7084269523620605,-1,True
EW-369b,False,False,False,False,False,0.955062747001648,186.3799285888672,26.57785987854004,-1,True
WU-882g,False,False,False,False,False,1.5489232540130615,-192.81997680664062,1.1132410764694214,-1,False
EW-238a,False,False,False,False,False,0.8830816745758057,231.0399627685547,19.729854583740234,-1,True
NJ-257c,False,False,False,False,False,0.7780224084854126,-83.03278350830078,4.6855149269104,-1,True
WU-013g,False,False,False,False,False,2.400244951248169,-145.23410034179688,1.7272204160690308,-1,False
JS-753c,True,False,False,False,False,1.2219735383987427,14.033419609069824,0.14715541899204254,-1,True
WU-504a,False,False,False,False,False,1.0576740503311157,-114.35415649414062,2.7323625087738037,-1,True
HP-937f,False,False,False,False,False,0.8779932260513306,-135.61746215820312,1.7703858613967896,-1,False
CC-558a,False,False,False,False,False,1.1065356731414795,320.19000244140625,20.59665870666504,-1,True
OS-099c,True,True,True,True,True,1.1881494522094727,55.00034713745117,0.7803444266319275,-1,True
OT-889e,True,True,True,True,True,0.40070220828056335,-152.24070739746094,0.03240007162094116,-1,True
KW-626b,False,False,False,False,False,1.3054050207138062,-11.331588745117188,14.760186195373535,-1,True
YA-646i,False,True,True,True,False,0.8423858284950256,-208.2213592529297,32.439971923828125,-1,True
OS-898e,False,False,False,False,False,1.8148512840270996,-199.61166381835938,1.9954549074172974,-1,False
RY-872d,False,False,False,False,False,1.1875762939453125,-147.20481872558594,1.6093941926956177,-1,True
XV-396c,False,False,False,False,False,0.39705944061279297,-4.7599310874938965,1.757327675819397,-1,False
QV-266b,False,False,False,False,False,0.9570414423942566,26.1641902923584,48.52432632446289,-1,True
YW-310d,False,False,False,False,False,1.198076605796814,-162.4390411376953,98.0130844116211,-1,True
IZ-816b,False,False,False,False,False,0.6690202951431274,-23.34370994567871,0.30872753262519836,-1,True
QV-266a,False,False,False,False,False,0.3382575213909149,521.25927734375,0.20606166124343872,-1,True
VI-291b,False,False,False,False,False,0.9567388892173767,160.02537536621094,23.256845474243164,-1,True
IV-876b,False,False,False,False,False,1.3750568628311157,7.431982040405273,17.413034439086914,-1,True
IZ-482b,False,False,False,False,False,0.19936978816986084,-148.2906951904297,0.017423005774617195,-1,True
GC-645h,False,False,False,False,False,1.2948427200317383,-239.02841186523438,1.3119899034500122,-1,False
OS-898c,False,False,False,False,False,1.1246023178100586,-159.98001098632812,58.31291198730469,-1,True
GC-645f,False,False,False,False,False,1.6075634956359863,-192.25985717773438,1.646691083908081,-1,False
OT-680e,False,False,False,False,False,0.6276838183403015,-106.0267105102539,1.6543482542037964,-1,False
WU-882a,False,False,False,False,False,0.6879481077194214,133.1437530517578,8.766631126403809,-1,True
YW-310b,False,False,False,False,False,1.0578875541687012,-178.5642852783203,4.5586676597595215,-1,True
UV-351b,True,True,True,True,True,1.3843460083007812,-112.82342529296875,0.0005552737857215106,-1,True
GY-986b,False,True,True,True,False,0.9699611663818359,-153.68170166015625,0.571319580078125,-1,True
LS-763f,False,False,False,False,False,1.2964287996292114,-139.25845336914062,1.3731833696365356,-1,False
PG-973e,False,True,False,True,False,1.9239459037780762,-173.04550170898438,1.264813780784607,-1,False
KW-626e,False,False,False,False,False,0.5510429739952087,-177.10084533691406,0.761293888092041,-1,False
IZ-482d,False,False,False,False,False,0.9804117679595947,-203.3196258544922,1.0431421995162964,-1,True
IZ-437a,False,False,False,False,False,0.9554418921470642,-8.854951858520508,2.9383928775787354,-1,True
GY-811d,False,True,True,True,False,0.6113301515579224,-84.43182373046875,0.6596624255180359,-1,True
EL-419j,True,True,True,True,False,1.5738848447799683,-219.5750732421875,34.238487243652344,-1,True
YP-278c,False,False,False,False,False,0.8652353882789612,-137.468994140625,0.05424472689628601,-1,True
KW-626d,False,False,False,False,False,1.6010116338729858,-102.72128295898438,2.8241848945617676,-1,True
UP-972d,False,False,False,False,False,1.013684630393982,-115.63766479492188,10.198288917541504,-1,True
EW-369f,False,False,False,False,False,1.5978275537490845,-166.4126434326172,0.5905484557151794,-1,False
YK-266a,False,False,False,False,False,0.32867002487182617,179.33580017089844,0.0020860512740910053,-1,True
YK-266h,False,False,False,False,False,1.6316308975219727,-172.9024200439453,0.8639785051345825,-1,False
VI-291c,False,False,False,False,False,1.194322943687439,-103.3801498413086,0.06918469816446304,-1,True
KQ-966g,False,False,False,False,False,1.636133074760437,-234.81101989746094,1.405781865119934,-1,False
IZ-257b,False,False,False,False,False,0.5806860327720642,-170.52780151367188,0.11084308475255966,-1,True
NJ-325j,False,False,False,False,False,0.6893434524536133,-238.68832397460938,17.50697898864746,-1,True
OS-898d,False,False,False,False,False,0.6371483206748962,-214.10125732421875,1.8535099029541016,-1,False
UI-973d,False,False,False,False,False,0.546829104423523,-83.73185729980469,1.958954095840454,-1,False
UV-072d,False,False,False,False,False,0.9333717823028564,-106.26740264892578,15.099613189697266,-1,True
UI-550e,False,False,False,False,False,2.376812696456909,-166.0006866455078,1.871351718902588,-1,False
VI-291e,False,False,False,False,False,1.541345238685608,-135.31170654296875,1.3241549730300903,-1,False
NJ-325a,False,False,False,False,False,0.7142143845558167,149.77755737304688,0.275943398475647,-1,True
OY-661a,False,False,False,False,False,0.33340156078338623,41.405181884765625,0.1558692306280136,-1,True
KQ-966c,False,False,False,False,False,1.2675656080245972,-94.72662353515625,139.3223114013672,-1,True
IZ-768g,False,False,False,False,False,2.4571070671081543,-201.31495666503906,0.7592033743858337,-1,False
WX-918h,False,False,False,False,False,2.9818429946899414,-189.58570861816406,1.2528009414672852,-1,False
UB-402d,False,False,False,False,False,1.428537130355835,8.00317668914795,41.43173599243164,-1,True
SG-928d,False,False,False,False,False,0.8266670107841492,-40.861934661865234,0.9492042660713196,-1,True
HP-937a,False,False,False,False,False,0.8674894571304321,55.063682556152344,3.171621084213257,-1,True
EW-369c,False,False,False,False,False,0.8401839137077332,97.54362487792969,1.7370039224624634,-1,True
YP-278f,False,False,False,False,False,0.7101501822471619,-226.9307403564453,0.8318758010864258,-1,False
GM-498c,False,False,False,False,False,0.889244019985199,-76.50431060791016,7.543796062469482,-1,True
IZ-768a,False,False,False,False,False,0.42014414072036743,75.88345336914062,0.001374967978335917,-1,True
GC-645i,False,False,False,False,False,0.4285276532173157,-245.89842224121094,1.4044734239578247,-1,True
QV-266c,False,False,False,False,False,0.7085596323013306,-86.67030334472656,3.187516450881958,-1,True
GY-694i,True,True,True,True,False,0.3226088285446167,-243.7748260498047,0.005705469753593206,-1,True
HP-937c,False,False,False,False,False,0.7573322653770447,8.836129188537598,9.973151206970215,-1,True
GM-498b,False,False,False,False,False,0.6193867921829224,30.056732177734375,6.038165092468262,-1,True
WC-788d,False,False,False,False,False,1.1459537744522095,-46.470481872558594,33.4921989440918,-1,True
EE-233c,False,False,False,False,False,0.4489758014678955,-44.5620231628418,1.428970217704773,-1,True
XV-396d,False,False,False,False,False,1.1496680974960327,-61.652462005615234,51.12782287597656,-1,True
GK-115f,False,False,False,False,False,1.22319757938385,-241.7526397705078,1.2846235036849976,-1,False
OT-113f,False,False,False,False,False,1.6262531280517578,-140.2479248046875,0.9036113023757935,-1,False
AJ-768a,True,True,True,True,False,0.9243991374969482,4.78912353515625,0.5827598571777344,-0.492173969745636,True
YW-338a,False,False,False,False,False,0.7192547917366028,231.58792114257812,0.1722186952829361,-1,True
LS-763g,False,False,False,False,False,2.0538759231567383,-153.0268096923828,1.539783239364624,-1,False
JY-136a,False,False,False,False,False,0.725239098072052,358.11529541015625,6.0790534019470215,-1,True
YW-338d,False,False,False,False,False,0.9710527658462524,-125.6301040649414,3.722177028656006,-1,True
XD-436a,False,False,False,False,False,0.7692774534225464,122.89086151123047,1.0678741931915283,-1,True
WU-882j,False,False,False,False,False,0.6366560459136963,-241.24221801757812,7.43488073348999,-1,True
YK-266i,False,False,False,False,False,1.3724325895309448,-212.41665649414062,1.1109144687652588,-1,False
KQ-966a,False,False,False,False,False,0.35799771547317505,127.99427032470703,0.1800834983587265,-1,True
QV-266d,False,False,False,False,False,1.3450441360473633,-127.57683563232422,0.2037305384874344,-1,True
OT-113h,False,False,False,False,False,1.1571232080459595,-219.75538635253906,1.504838228225708,-1,False
UB-402h,False,False,False,False,False,2.3380632400512695,-165.00454711914062,0.6234585046768188,-1,False
LS-300g,False,False,False,False,False,1.524509072303772,-169.8648681640625,1.5576262474060059,-1,False
WU-882b,False,False,False,False,False,0.8460347652435303,23.25567626953125,5.295340061187744,-1,True
GM-498d,False,False,False,False,False,1.298324704170227,-75.80577087402344,43.715396881103516,-1,True
YK-266b,False,False,False,False,False,0.5267096161842346,100.78888702392578,0.014465215615928173,-1,True
XV-396e,False,False,False,False,False,0.9309107661247253,-109.75609588623047,1.0992509126663208,-1,False
IZ-768d,False,False,False,False,False,0.8237259387969971,-98.90753173828125,18.429405212402344,-1,True
XV-396b,False,False,False,False,False,0.21167871356010437,63.14097213745117,0.00900278054177761,-1,True
QV-266e,False,False,False,False,False,0.7646449208259583,-116.78328704833984,1.5533312559127808,-1,False
AM-695c,False,False,False,False,False,0.7460541725158691,0.060162682086229324,3.3847641944885254,-1,True
QQ-645a,False,True,True,True,False,0.3590582609176636,275.7279968261719,0.9961003065109253,-1,True
WB-947h,True,True,True,False,False,2.5182578563690186,-209.9037628173828,0.7579917907714844,-1,False
PB-673c,False,True,True,True,False,1.0545001029968262,-184.16357421875,0.055200714617967606,-1,True
YP-278e,False,False,False,False,False,1.231952428817749,-160.73777770996094,3.6282060146331787,-1,True
IZ-768f,False,False,False,False,False,1.6248801946640015,-168.30030822753906,0.7656556367874146,-1,False
YW-338f,False,False,False,False,False,1.8988159894943237,-186.21710205078125,1.8616623878479004,-1,False
XD-436c,False,False,False,False,False,0.45232459902763367,-71.81291198730469,0.9214993715286255,-1,False
AM-695d,False,False,False,False,False,0.8789004683494568,-36.942962646484375,10.156970024108887,-1,True
UB-402a,False,False,False,False,False,0.8113436698913574,334.3825378417969,3.5554232597351074,-1,True
YK-266d,False,False,False,False,False,0.7243587374687195,-31.63853645324707,11.811968803405762,-1,True
JK-782a,False,False,False,False,False,1.234069585800171,150.0848388671875,23.826242446899414,-1,True
IZ-768e,False,False,False,False,False,0.8382198810577393,-181.0697479248047,1.9748544692993164,-1,False
AU-876c,False,False,False,False,False,0.35324737429618835,-166.54042053222656,1.520887851715088,-1,False
UB-402j,False,False,False,False,False,1.4033710956573486,-222.0305938720703,18.78876304626465,-1,True
YK-024c,False,False,False,False,False,1.0351635217666626,-56.677677154541016,5.106972694396973,-1,True
XU-145a,False,False,False,False,False,0.9627506732940674,147.68675231933594,36.431800842285156,-1,True
PB-673f,False,True,True,True,False,1.6345750093460083,-218.8492889404297,0.9139348268508911,-1,False
IZ-768b,True,True,True,False,False,0.6880656480789185,-8.693265914916992,0.08194412291049957,-1,True
YW-310e,False,False,False,False,False,0.7977955341339111,-217.54306030273438,1.9778773784637451,-1,False
GM-498e,False,False,False,False,False,0.7901612520217896,-143.98536682128906,1.8856315612792969,-1,False
AU-876a,False,True,True,True,False,0.6100744605064392,21.9918212890625,4.908520698547363,-1,True
IZ-482g,False,False,False,False,False,2.247131824493408,-203.5402069091797,1.523956060409546,-1,False
QV-266g,False,False,False,False,False,2.3105995655059814,-209.7537078857422,0.6528052091598511,-1,False
SO-122d,False,True,True,True,False,0.920954704284668,-200.60293579101562,20.97676658630371,-1,True
HV-813a,False,False,False,False,False,1.0769093036651611,-123.48602294921875,27.46134376525879,-1,True
XD-436e,False,False,False,False,False,1.5223625898361206,-184.48106384277344,0.829197883605957,-1,False
YK-266e,False,False,False,False,False,0.9782659411430359,-109.86932373046875,0.01304977759718895,-1,True
IC-748a,False,False,False,False,False,0.9076657891273499,63.64632034301758,22.0170955657959,-1,True
JK-782g,False,False,False,False,False,1.4497160911560059,-155.3789825439453,0.8474286198616028,-1,False
QJ-149b,True,True,True,True,False,0.42909958958625793,173.21273803710938,0.08648090809583664,-1,True
KQ-966d,False,False,False,False,False,0.8647947907447815,-186.9891815185547,0.7174279689788818,-1,False
GM-498f,False,False,False,False,False,2.2761642932891846,-188.3119659423828,0.6772521734237671,-1,False
UB-402g,False,False,False,False,False,1.7507628202438354,-143.25450134277344,0.6933979988098145,-1,False
KC-051d,False,False,False,False,False,0.8907509446144104,-171.0386962890625,1.4901598691940308,-1,False
YK-266f,False,False,False,False,False,0.9169456958770752,-97.04109191894531,0.9079017043113708,-1,False
IZ-482f,False,False,False,False,False,0.54291170835495,-211.861328125,1.2720255851745605,-1,False
KI-446b,True,True,True,True,False,0.9686726927757263,13.073556900024414,0.744658350944519,-0.014291346073150635,True
KC-051a,False,False,False,False,False,1.0704933404922485,105.49891662597656,1.3543156385421753,-1,True
IZ-257i,False,False,False,False,False,0.8980737924575806,-258.5499572753906,10.936598777770996,-1,True
KC-220b,False,False,False,False,False,0.9510548710823059,153.71047973632812,1.5254549980163574,-1,True
KC-421a,False,False,False,False,False,0.8400365114212036,87.82608032226562,17.621234893798828,-1,True
KQ-966b,False,False,False,False,False,0.2863570749759674,29.714773178100586,0.274398535490036,-1,True
OS-803g,False,False,False,False,False,1.6027815341949463,-242.3300323486328,1.082160472869873,-1,False
AM-695f,False,False,False,False,False,1.7719581127166748,-181.90048217773438,1.1954973936080933,-1,False
XH-400e,False,False,False,False,False,0.9947987794876099,-182.80233764648438,1.9577654600143433,-1,False
XH-594a,True,True,True,True,True,1.0462993383407593,51.90943908691406,0.8850148916244507,-1,True
IC-748d,True,False,True,False,False,0.6192789077758789,-129.43373107910156,0.156646728515625,-1,True
XD-436f,False,False,False,False,False,2.4188284873962402,-178.23226928710938,1.5348591804504395,-1,False
KW-976a,False,False,False,False,False,0.4931579828262329,735.0075073242188,0.00031520231277681887,-1,True
IZ-768c,False,False,False,False,False,0.8649073839187622,-46.38896942138672,1.9457910060882568,-1,True
AM-695h,False,False,False,False,False,1.1803507804870605,-229.63702392578125,1.0808545351028442,-1,False
JK-782d,False,False,False,False,False,0.876433789730072,-26.972118377685547,0.5990954637527466,-1,True
IZ-437d,False,False,False,False,False,1.1094942092895508,-147.2369842529297,0.5517659783363342,-1,True
QV-266f,False,False,False,False,False,1.4362397193908691,-174.06776428222656,0.9264313578605652,-1,False
UB-402c,False,False,False,False,False,1.492850661277771,48.81861114501953,119.41170501708984,-1,True
YK-266g,False,False,False,False,False,2.239974021911621,-146.97207641601562,1.5009222030639648,-1,False
WX-918d,False,False,False,False,False,1.3831712007522583,-13.137040138244629,38.99465560913086,-1,True
VH-331c,True,True,True,True,True,0.9350004196166992,-176.5025634765625,29.5714111328125,-1,True
IZ-437e,False,False,False,False,False,1.065311074256897,-146.1287841796875,1.59689199924469,-1,False
UV-135c,False,True,True,True,False,0.5909593105316162,-202.98573303222656,1.6934878826141357,-1,True
IZ-257h,False,False,False,False,False,1.332047700881958,-243.4827423095703,1.7771673202514648,-1,False
CC-848b,False,False,False,False,False,0.7287558913230896,9.35999584197998,2.074091911315918,-1,True
GY-694f,False,False,False,False,False,1.7430264949798584,-205.965576171875,0.7153342366218567,-1,False
JK-782h,False,False,False,False,False,2.665040969848633,-178.0841522216797,1.1710437536239624,-1,False
GY-252b,False,False,False,False,False,0.22593316435813904,194.42703247070312,0.012425532564520836,-1,True
KQ-966e,False,False,False,False,False,2.2680881023406982,-171.0039520263672,0.9391413927078247,-1,False
YW-338g,False,False,False,False,False,1.7116258144378662,-187.40675354003906,1.0776338577270508,-1,False
XD-436g,False,False,False,False,False,1.451991319656372,-201.39105224609375,1.6751724481582642,-1,False
OS-803i,False,False,False,False,False,1.234356164932251,-259.3988342285156,0.27818819880485535,-1,True
UB-402b,False,False,False,False,False,0.8719592690467834,132.51394653320312,15.775546073913574,-1,True
IZ-437c,False,False,False,False,False,1.2921090126037598,-50.64371871948242,112.3614273071289,-1,True
IC-748e,False,False,False,False,False,1.0065877437591553,-149.0692901611328,1.237852692604065,-1,False
GY-135d,False,False,False,False,False,0.7924071550369263,-95.72328186035156,86.45630645751953,-1,True
GC-728a,False,False,False,False,False,0.31158536672592163,128.80972290039062,0.0062711043283343315,-1,True
KQ-966f,False,False,False,False,False,1.5627855062484741,-185.89346313476562,0.628393292427063,-1,False
YK-266j,False,False,False,False,False,0.9212861061096191,-236.98004150390625,5.607442378997803,-1,True
IZ-257e,False,False,False,False,False,0.9352994561195374,-197.3414764404297,0.6502179503440857,-1,False
UB-402f,False,False,False,False,False,0.6261875033378601,-101.0030746459961,0.6238222122192383,-1,False
WC-702g,False,False,False,False,False,1.356097936630249,-173.8455047607422,0.7901194095611572,-1,False
CC-848d,False,False,False,False,False,1.3339524269104004,-113.13572692871094,108.67943572998047,-1,True
OF-259a,False,False,False,False,False,0.8024901151657104,215.56692504882812,9.638108253479004,-1,True
HM-365b,False,False,False,False,False,0.7419790029525757,173.1889190673828,3.128765344619751,-1,True
IV-543a,False,False,False,False,False,0.8163443803787231,-132.61756896972656,0.47963207960128784,-1,True
JK-978a,False,False,False,False,False,0.41880178451538086,3.229094982147217,0.02079036459326744,-1,True
IC-748f,False,False,False,False,False,2.034132480621338,-165.52670288085938,1.7236247062683105,-1,False
VV-980a,False,False,False,False,False,0.9571218490600586,93.35833740234375,31.619373321533203,-1,True
OY-569a,False,True,True,True,False,0.7056623697280884,122.59566497802734,0.1201256513595581,-1,True
OS-803d,False,False,False,False,False,1.0687147378921509,-217.21456909179688,0.8853789567947388,-1,True
GC-728c,False,False,False,False,False,0.34874823689460754,-49.293800354003906,0.0035371810663491488,-1,True
EZ-969c,False,False,False,False,False,0.7813126444816589,-60.81332778930664,10.801440238952637,-1,True
FW-918c,False,False,False,False,False,0.9439498782157898,50.53261947631836,10.349348068237305,-1,True
JS-829a,False,False,False,False,False,0.7939088940620422,182.14503479003906,0.11794453859329224,-1,True
KC-421d,False,False,False,False,False,0.4293533265590668,-107.66867065429688,0.1457461267709732,-1,True
CC-848f,False,False,False,False,False,1.25291907787323,-169.5021209716797,1.8046207427978516,-1,False
GY-694h,False,False,False,False,False,1.0025954246520996,-223.7149658203125,1.3615409135818481,-1,False
IV-543c,False,False,False,False,False,0.733673095703125,-172.91799926757812,5.399569988250732,-1,True
JK-782b,False,False,False,False,False,0.6444209218025208,169.7812042236328,0.48342010378837585,-1,True
VV-980e,False,False,False,False,False,0.7508130073547363,-161.34059143066406,0.7765268087387085,-1,False
JS-829h,False,False,False,False,False,1.6502223014831543,-194.670166015625,1.46328604221344,-1,False
IZ-768h,False,False,False,False,False,1.0828419923782349,-215.61048889160156,1.7831131219863892,-1,False
NJ-257g,False,False,False,False,False,2.207087516784668,-190.8105926513672,0.9837787747383118,-1,False
IZ-257g,False,False,False,False,False,2.6945900917053223,-241.6042938232422,1.9141113758087158,-1,False
EZ-969e,False,False,False,False,False,0.9094244241714478,-137.22918701171875,1.4894253015518188,-1,False
IC-748b,False,False,False,False,False,0.476727157831192,20.421947479248047,1.4247080087661743,-1,True
WX-918j,False,False,False,False,False,1.5717458724975586,-229.25479125976562,169.18408203125,-1,True
KC-452c,False,False,False,False,False,1.2173221111297607,-146.8480987548828,8.642284393310547,-1,True
YW-650c,True,True,True,True,False,0.6577950119972229,-24.354751586914062,14.884662628173828,-1,True
UB-402i,False,False,False,False,False,1.472635269165039,-216.9785919189453,0.6737056970596313,-1,False
EZ-969g,False,False,False,False,False,2.325436592102051,-206.65277099609375,1.613312840461731,-1,False
WX-918i,False,False,False,False,False,1.46369469165802,-199.14581298828125,1.3739393949508667,-1,False
JK-978b,False,False,False,False,False,0.8798578381538391,-161.01004028320312,0.18820308148860931,-1,True
AM-695a,False,False,False,False,False,0.254960834980011,417.4994812011719,0.028604373335838318,-1,True
EW-369e,False,False,False,False,False,0.6436985731124878,-82.361572265625,1.1442495584487915,-1,False
GK-115h,False,False,False,False,False,1.420279860496521,-227.7491912841797,1.3117421865463257,-1,False
FK-794a,False,True,True,True,False,0.6362770199775696,334.68212890625,0.19451817870140076,-1,True
IC-748c,False,False,False,False,False,0.8100704550743103,-95.38985443115234,0.23170426487922668,-1,True
IV-543b,False,False,False,False,False,0.5883192420005798,-148.12710571289062,1.3563975095748901,-1,True
IZ-768i,False,False,False,False,False,0.786165177822113,-222.40328979492188,53.42450714111328,-1,True
AX-013a,False,False,False,False,False,0.25613924860954285,110.07872009277344,0.06522008031606674,-1,True
NJ-257e,False,False,False,False,False,0.9707340598106384,-156.92874145507812,1.0396085977554321,-1,False
XH-400d,False,False,False,False,False,0.8554124236106873,-179.0426788330078,17.924875259399414,-1,True
JK-776a,False,True,False,True,False,0.3860098421573639,79.8155288696289,0.11215217411518097,-1,True
HP-937e,False,False,False,False,False,1.0884164571762085,-151.04747009277344,3.8380634784698486,-1,True
EW-369h,False,False,False,False,False,1.2922334671020508,-182.24203491210938,1.570629596710205,-1,False
CC-848h,False,False,False,False,False,1.1592174768447876,-198.93511962890625,1.069669485092163,-1,False
GK-115b,False,False,False,False,False,1.5835858583450317,-183.23504638671875,0.6187458634376526,-1,True
OF-375c,True,True,True,True,True,0.8969108462333679,18.849037170410156,6.28383816092537e-7,-1,True
TD-203d,True,True,True,True,False,1.2290372848510742,-35.29255676269531,0.263712078332901,-1,True
EZ-969f,False,False,False,False,False,1.737396240234375,-165.97666931152344,1.5379292964935303,-1,False
GY-694g,False,False,False,False,False,1.7852152585983276,-182.07638549804688,1.6587775945663452,-1,False
OZ-189c,True,True,True,True,True,0.791026771068573,2.1412582397460938,0.08442793786525726,-1,True
KW-688d,True,True,True,True,False,0.7706664800643921,-83.82675170898438,0.2264757752418518,-1,True
FK-794d,True,True,True,True,False,0.9112332463264465,-101.14852142333984,0.0033600768074393272,-1,True
GC-728b,False,False,False,False,False,1.3226149082183838,34.92360305786133,7.726548194885254,-1,True
SG-195b,False,True,False,True,True,0.5263162851333618,25.441265106201172,0.18272171914577484,-1,True
IZ-257c,False,False,False,False,False,1.0213059186935425,-178.3763885498047,65.61454010009766,-1,True
JS-570d,True,True,True,True,False,1.395766019821167,-148.5133819580078,0.22166559100151062,-1,True
YW-338b,False,False,False,False,False,0.8731721639633179,229.02003479003906,1.2379319667816162,-1,True
JK-782f,False,False,False,False,False,0.5706813335418701,-124.23731994628906,0.699334979057312,-1,False
KC-051c,False,False,False,False,False,0.8575619459152222,-105.14115142822266,18.394729614257812,-1,True
LS-923a,False,False,False,False,False,0.23393242061138153,-129.70704650878906,0.029471807181835175,-1,True
FW-918i,False,False,False,False,False,1.0724574327468872,-230.9263153076172,1.0939875841140747,-1,False
EZ-176c,False,False,False,False,False,0.3623150885105133,-155.05126953125,0.3460751175880432,-1,True
UV-351e,False,True,False,True,False,2.723273754119873,-195.66334533691406,1.115031361579895,-1,False
IC-748i,False,False,False,False,False,0.6595758199691772,-240.58494567871094,0.2713667154312134,-1,True
SE-866e,True,True,True,True,False,0.6676248908042908,-127.71266174316406,1.6623828411102295,-1,True
CC-848c,False,False,False,False,False,1.3618820905685425,-73.7701416015625,67.17131042480469,-1,True
KC-544d,False,False,False,False,False,0.44230493903160095,-28.558269500732422,0.795291543006897,-1,False
CC-848e,False,False,False,False,False,0.5627133250236511,-158.47979736328125,1.3381015062332153,-1,False
AU-876b,False,False,False,False,False,1.2242165803909302,-155.4459228515625,16.43671989440918,-1,True
GC-728f,False,False,False,False,False,0.915571928024292,-158.86166381835938,0.6844245195388794,-1,False
LS-300d,False,True,True,True,False,1.2556977272033691,0.8650636672973633,37.228851318359375,-1,True
GY-694e,False,False,False,False,False,0.6827203035354614,-110.1401596069336,19.534374237060547,-1,True
AM-978a,False,False,False,False,False,0.7030994892120361,122.2678451538086,1.1848077774047852,-1,True
XH-400b,False,False,False,False,False,0.8029205799102783,-37.829254150390625,21.397357940673828,-1,True
JK-978c,False,False,False,False,False,1.1644192934036255,-112.16362762451172,22.535865783691406,-1,True
JK-782j,False,False,False,False,False,0.40341997146606445,-222.5302276611328,1.2420138120651245,-1,False
FW-918b,False,False,False,False,False,0.6927743554115295,150.4544677734375,3.654581069946289,-1,True
XD-005g,True,True,True,True,False,1.3434293270111084,-170.3842315673828,0.6363442540168762,-1,False
FW-918d,False,False,False,False,False,0.8418497443199158,-87.20286560058594,1.7909412384033203,-1,True
EZ-969d,False,False,False,False,False,1.9661054611206055,-109.09176635742188,506.92974853515625,-1,True
HM-365e,False,False,False,False,False,2.073162317276001,-179.6678466796875,1.1870766878128052,-1,False
IC-748g,False,False,False,False,False,1.9349581003189087,-195.35621643066406,1.1582380533218384,-1,False
IC-748h,False,False,False,False,False,1.1674621105194092,-194.26174926757812,1.4826722145080566,-1,False
LS-227e,False,False,False,False,False,1.7809662818908691,-60.65746307373047,405.5373840332031,-1,True
IZ-257d,False,False,False,False,False,1.03199303150177,-178.96664428710938,42.23193359375,-1,True
WX-918g,False,False,False,False,False,2.2691352367401123,-169.97970581054688,1.3745592832565308,-1,False
KW-976d,False,False,False,False,False,1.0028173923492432,-81.89794921875,1.8901342153549194,-1,False
IA-093f,False,False,False,False,False,2.238406181335449,-152.9776611328125,0.615344762802124,-1,False
WX-918c,False,False,False,False,False,0.4273088872432709,88.24364471435547,0.00469578942283988,-1,True
JK-782i,False,False,False,False,False,1.2870445251464844,-198.9095001220703,1.8271377086639404,-1,False
KC-421c,False,False,False,False,False,0.9857127070426941,-43.82587432861328,4.735235691070557,-1,True
WX-918e,False,False,False,False,False,0.6892136335372925,-83.66426849365234,8.127518653869629,-1,True
UI-550a,False,False,False,False,False,0.7626477479934692,6.175457954406738,0.13753865659236908,-1,True
KC-452e,False,False,False,False,False,1.4725995063781738,-212.48037719726562,0.5854639410972595,-1,True
VV-980b,False,False,False,False,False,1.3360761404037476,-32.76698684692383,19.37965202331543,-1,True
AM-978d,False,False,False,False,False,1.4874411821365356,-147.02777099609375,4.935085296630859,-1,True
OS-803f,False,False,False,False,False,1.4773976802825928,-216.1165771484375,0.5637125372886658,-1,False
JS-829f,False,False,False,False,False,0.6252068281173706,-142.45059204101562,1.2824946641921997,-1,False
AX-013e,False,False,False,False,False,0.593931257724762,-177.80996704101562,1.5421327352523804,-1,False
GY-135a,False,False,False,False,False,0.6425828337669373,401.2506408691406,1.9532644748687744,-1,True
HM-223a,False,False,False,False,False,0.35708385705947876,129.490234375,0.0031930538825690746,-1,True
JY-136g,False,False,False,False,False,1.5815019607543945,-207.55653381347656,0.8628608584403992,-1,False
GK-476b,True,True,True,True,True,0.710982084274292,-61.89188003540039,0.011103575117886066,-1,True
VV-980c,False,False,False,False,False,0.7850040197372437,-112.67963409423828,5.158877372741699,-1,True
GK-219h,False,False,False,False,False,0.8650763034820557,-226.0954132080078,1.5232138633728027,-1,False
EZ-969i,False,False,False,False,False,1.0166226625442505,-236.06204223632812,0.33298808336257935,-1,True
HM-365a,False,False,False,False,False,0.8837787508964539,75.38152313232422,3.3450217247009277,-1,True
AM-978b,False,False,False,False,False,0.7793915271759033,-59.668460845947266,2.914518356323242,-1,True
GC-728d,False,False,False,False,False,1.5340137481689453,-57.75753402709961,230.65968322753906,-1,True
JK-978e,False,False,False,False,False,0.7867758274078369,-226.1620635986328,0.2950381338596344,-1,True
JS-829g,False,False,False,False,False,1.7023521661758423,-171.12673950195312,1.1330891847610474,-1,False
OS-803c,False,False,False,False,False,0.5328184366226196,-196.1424102783203,0.031076496466994286,-1,True
UV-351d,True,True,True,True,False,1.9664082527160645,-158.329833984375,0.8327193856239319,-1,False
GK-462a,False,False,False,False,False,1.204026222229004,177.25938415527344,18.31232452392578,-1,True
OT-442d,False,True,True,True,False,1.5141351222991943,-124.39013671875,284.253173828125,-1,True
CC-558c,False,False,False,False,False,0.6660758852958679,7.133648872375488,0.06849846243858337,-1,True
GY-811g,False,False,False,True,False,1.902292013168335,-163.1969451904297,0.5062758326530457,-1,False
TD-203b,True,True,True,True,True,0.41259342432022095,5.390095233917236,0.109307199716568,-1,True
FK-371e,False,True,False,True,False,1.7663944959640503,-176.47735595703125,1.2130542993545532,-1,False
GC-728e,False,False,False,False,False,0.9284071922302246,-119.07611846923828,24.899150848388672,-1,True
FW-918f,False,False,False,False,False,0.8156868815422058,-173.09454345703125,0.9781988263130188,-1,False
JK-978d,False,False,False,False,False,1.174025535583496,-176.03536987304688,46.45114517211914,-1,True
QQ-082b,True,True,True,True,False,0.42638272047042847,-1.6511852741241455,0.011161434464156628,-1,True
GK-462d,False,False,False,False,False,1.1024222373962402,-82.74624633789062,5.475342750549316,-1,True
GK-219g,False,False,False,False,False,2.4155542850494385,-243.40530395507812,1.483932375907898,-1,False
EZ-969h,False,False,False,False,False,0.9686793088912964,-199.43177795410156,1.0637667179107666,-1,False
JS-829c,False,False,False,False,False,0.9329942464828491,0.8040493130683899,5.126344680786133,-1,True
LS-227c,False,False,False,False,False,0.999058723449707,14.586724281311035,6.66291618347168,-1,True
FW-918h,False,False,False,False,False,2.162700891494751,-192.62416076660156,1.5281848907470703,-1,False
FK-794f,False,False,False,False,False,0.5754512548446655,-155.01748657226562,1.437398910522461,-1,False
UV-796d,False,False,False,False,False,1.010839581489563,-147.57814025878906,40.60158920288086,-1,True
AM-978c,False,False,False,False,False,1.0352351665496826,-82.14008331298828,12.707221031188965,-1,True
JK-978f,False,False,False,False,False,0.7640551924705505,-215.5403594970703,1.0382264852523804,-1,False
WU-070b,False,True,True,True,False,0.39180320501327515,-153.94683837890625,0.0036812438629567623,-1,True
GK-462c,False,False,False,False,False,0.5329475402832031,1.3856210708618164,0.47973769903182983,-1,True
JS-829d,False,False,False,False,False,0.26806163787841797,-63.37038803100586,0.00799645110964775,-1,True
CC-848g,False,False,False,False,False,2.238386869430542,-169.18252563476562,1.6457539796829224,-1,False
AX-013b,False,False,False,False,False,1.2990641593933105,-5.207691669464111,23.74308967590332,-1,True
VV-980d,False,False,False,False,False,1.1901016235351562,-147.3855438232422,18.046628952026367,-1,True
OS-803e,False,False,False,False,False,2.1570825576782227,-244.33541870117188,9.4678955078125,-1,True
FW-918e,False,False,False,False,False,0.5236279964447021,-130.9332275390625,0.9787217974662781,-1,False
GK-219c,False,False,False,False,False,0.6557454466819763,-204.01318359375,0.25864148139953613,-1,True
IZ-257f,False,False,False,False,False,2.2335286140441895,-236.1316680908203,0.5492936372756958,-1,False
VV-980f,False,False,False,False,False,1.4698524475097656,-205.66905212402344,1.1660584211349487,-1,False
YW-240a,False,False,False,False,False,0.9459418654441833,-26.79386329650879,7.22310733795166,-1,True
OS-803h,False,False,False,False,False,1.170681357383728,-222.8178253173828,1.0782756805419922,-1,False
KC-051f,False,False,False,False,False,2.955244779586792,-204.4943389892578,1.7052420377731323,-1,False
AM-978e,False,False,False,False,False,0.8608981966972351,-123.52684020996094,1.9193699359893799,-1,False
AX-013d,False,False,False,False,False,1.1022523641586304,-140.08438110351562,3.223320245742798,-1,True
YI-552a,True,True,True,True,False,1.4237092733383179,-144.32945251464844,54.01846694946289,-1,True
YK-715c,True,True,True,True,False,0.3927203118801117,83.09916687011719,0.46355190873146057,-1,True
PG-027a,False,True,True,True,False,0.6346691846847534,8.65866470336914,1.9329235553741455,-1,True
YA-646g,False,True,True,True,False,2.383309841156006,-165.62135314941406,0.9743277430534363,-1,False
FK-794g,False,False,False,False,False,2.31783127784729,-206.3472442626953,1.6925077438354492,-1,False
GY-135c,False,False,False,False,False,0.7090817093849182,-45.36696243286133,12.484771728515625,-1,True
OT-113g,False,False,False,False,False,2.821056365966797,-168.59898376464844,1.2169030904769897,-1,False
HM-365d,False,False,False,False,False,1.089595079421997,-112.38117218017578,1.7315938472747803,-1,True
AM-978f,False,False,False,False,False,1.7446660995483398,-179.51248168945312,1.7087125778198242,-1,False
GM-844f,False,False,False,False,False,2.0882811546325684,-172.95452880859375,0.22758784890174866,-1,True
NJ-215a,False,False,False,False,False,0.3230927884578705,-61.45041275024414,0.1473754495382309,-1,True
JK-782e,False,False,False,False,False,1.8181939125061035,-115.4227523803711,56.89838409423828,-1,True
FW-918g,False,False,False,False,False,1.3004381656646729,-169.51036071777344,1.1994041204452515,-1,False
AX-013c,False,False,False,False,False,0.45384809374809265,-68.52630615234375,2.7077741622924805,-1,True
JK-978g,False,False,False,False,False,1.7420721054077148,-201.17446899414062,0.5998731851577759,-1,False
KW-688c,True,True,True,True,True,0.5614709854125977,31.400123596191406,0.3981054127216339,-0.699999988079071,True
GK-462e,False,False,False,False,False,1.544683814048767,-95.62633514404297,69.89527893066406,-1,True
GK-219f,False,False,False,False,False,1.4661211967468262,-227.42604064941406,1.1864843368530273,-1,False
JS-829e,False,False,False,False,False,1.4411104917526245,-109.15483856201172,19.06905746459961,-1,True
CG-044c,True,True,True,True,False,1.0220493078231812,-218.5553741455078,1.109858751296997,-1,True
LS-923d,False,False,False,False,False,1.1413853168487549,-196.98004150390625,5.397896766662598,-1,True
GK-219a,False,False,False,False,False,1.2706624269485474,38.68491744995117,13.080242156982422,-1,True
HY-239a,False,False,False,False,False,1.3434174060821533,14.561785697937012,59.566551208496094,-1,True
GK-462b,False,False,False,False,False,0.3310301601886749,142.55001831054688,0.02700899913907051,-1,True
GK-115i,False,False,False,False,False,1.1084527969360352,-241.01353454589844,24.740327835083008,-1,True
EW-369g,False,False,False,False,False,2.532081365585327,-168.82064819335938,1.862175703048706,-1,False
NJ-605f,False,False,False,False,False,2.279609441757202,-191.4380645751953,0.8568143844604492,-1,False
JS-829b,False,False,False,False,False,0.32454144954681396,163.78729248046875,0.05630757659673691,-1,True
HP-937h,False,False,False,False,False,1.948569416999817,-217.9134979248047,0.5482269525527954,-1,False
BN-908b,True,True,True,True,True,0.6070451140403748,12.698025703430176,2.7940831184387207,-1,True
GM-212b,False,False,False,False,False,0.4823727607727051,122.95221710205078,0.02388845570385456,-1,True
HM-365f,False,False,False,False,False,1.881687045097351,-188.25802612304688,0.873982310295105,-1,False
XH-400a,False,False,False,False,False,0.6474985480308533,-144.9671173095703,0.00005693869024980813,-1,True
HV-780e,False,False,False,False,False,0.7900122404098511,-151.04159545898438,1.2022055387496948,-1,False
AU-605a,False,False,False,False,False,0.4118271768093109,261.5476379394531,0.13711047172546387,-1,True
KW-976b,False,False,False,False,False,0.9981014728546143,163.32516479492188,0.5852311253547668,-1,True
CH-131a,False,False,False,False,False,0.3648882806301117,89.10902404785156,0.012953370809555054,-1,True
YA-646h,False,True,True,True,False,1.5626744031906128,-199.04348754882812,0.5712810754776001,-1,False
LS-923c,False,False,False,False,False,0.3188677430152893,-181.0333709716797,0.01741097867488861,-1,True
IZ-911i,False,False,False,False,False,1.316538691520691,-235.25083923339844,157.4140167236328,-1,True
IV-583c,False,False,False,False,False,0.9359509944915771,-112.62672424316406,34.34366989135742,-1,True
IZ-482c,False,False,False,False,False,1.221506953239441,-182.7559051513672,0.6716547608375549,-1,True
OT-889a,True,True,True,True,False,0.9180861711502075,5.268187999725342,0.8214569687843323,-1,True
LG-598a,False,False,False,False,False,1.0681575536727905,-44.23747253417969,0.22230619192123413,-1,True
LG-672g,False,False,False,False,False,1.992859959602356,-206.4981689453125,1.6420453786849976,-1,False
NJ-257a,False,False,False,False,False,0.8644670248031616,106.01649475097656,0.08060446381568909,-1,True
OP-802a,False,False,False,False,False,0.8481444120407104,531.6790161132812,0.052767034620046616,-1,True
LG-598g,False,False,False,False,False,1.122104287147522,-234.69155883789062,0.5680710673332214,-1,False
QQ-645d,False,False,False,False,False,0.6423839330673218,-66.52630615234375,3.7943332195281982,-1,True
KW-688e,False,False,False,False,False,0.45862507820129395,-106.87609100341797,0.8426867127418518,-1,False
AJ-768c,False,False,False,False,False,0.9303427338600159,-77.51229095458984,12.50493335723877,-1,True
KW-688f,False,False,False,False,False,0.7570640444755554,-153.95947265625,1.677838921546936,-1,False
OZ-189a,True,True,True,True,False,0.6960864663124084,140.4864501953125,1.4208972454071045,-1,True
HV-780b,False,False,False,False,False,0.7639281749725342,1.718390941619873,2.5698554515838623,-1,True
LB-716a,False,True,False,True,False,1.009731411933899,108.5634994506836,15.991463661193848,-1,True
HP-937d,False,False,False,False,False,0.8967359066009521,-118.89356231689453,0.23364552855491638,-1,True
QQ-645e,False,False,False,False,False,0.8210052251815796,-144.53407287597656,1.3158013820648193,-1,False
LS-923b,False,False,False,False,False,0.40089720487594604,-94.90988159179688,0.09640825539827347,-1,True
FK-371d,False,False,False,False,False,1.0966062545776367,-105.74783325195312,9.325793266296387,-1,True
AJ-768d,False,False,False,False,False,0.38253191113471985,-115.09585571289062,0.9037980437278748,-1,False
IV-583b,False,False,False,False,False,0.8879609704017639,-160.9251708984375,2.21353816986084,-1,True
FK-371b,False,False,False,False,False,0.3338475525379181,87.34442901611328,0.000019044828150072135,-1,True
LG-672h,False,False,False,False,False,2.4169814586639404,-210.28895568847656,0.8074362277984619,-1,False
NJ-257d,False,False,False,False,False,1.4664899110794067,-149.76779174804688,6.658603191375732,-1,True
HY-239e,False,False,False,False,False,2.1791882514953613,-157.5898895263672,0.6210139393806458,-1,False
AU-605h,False,False,False,False,False,2.9298784732818604,-185.868896484375,1.3902167081832886,-1,False
WX-918b,False,False,False,False,False,1.3393548727035522,176.09507751464844,0.030763773247599602,-1,True
WX-918f,False,False,False,False,False,1.1427969932556152,-133.7497100830078,190.909912109375,-1,True
YK-590a,False,False,False,False,False,0.9116725325584412,402.2882385253906,27.794740676879883,-1,True
CH-131c,False,False,False,False,False,0.8780387043952942,-60.33723068237305,5.275985240936279,-1,True
LG-598d,False,False,False,False,False,0.5859956741333008,-134.4078369140625,1.5465189218521118,-1,False
HV-780c,False,False,False,False,False,0.6632595658302307,-92.41030883789062,5.730643272399902,-1,True
HY-239d,False,False,False,False,False,0.6895951628684998,-118.51664733886719,1.4900362491607666,-1,False
LS-923e,False,False,False,False,False,1.2892043590545654,-221.46014404296875,8.886125564575195,-1,True
IV-583a,False,False,False,False,False,1.4001003503799438,41.87887191772461,84.60202026367188,-1,True
JY-136i,False,False,False,False,False,0.666431188583374,-217.16552734375,33.729366302490234,-1,True
AJ-768f,False,False,False,False,False,2.0175228118896484,-160.48373413085938,1.7769451141357422,-1,False
HV-780a,False,False,False,False,False,1.0203187465667725,263.0937194824219,65.23741912841797,-1,True
NJ-257f,False,False,False,False,False,2.4080145359039307,-166.4813232421875,0.8930419087409973,-1,False
IA-093a,False,False,False,False,False,0.5994272232055664,76.44032287597656,4.3829665184021,-1,True
OP-802e,False,False,False,False,False,0.7143071889877319,-58.88987350463867,1.6905213594436646,-1,False
OP-802f,False,False,False,False,False,2.5298550128936768,-132.6385498046875,1.466414451599121,-1,False
LG-672i,False,False,False,False,False,1.2929213047027588,-243.15432739257812,0.6127080917358398,-1,False
FK-371c,False,False,False,False,False,1.1927257776260376,-93.84095001220703,2.8790807723999023,-1,True
NJ-325d,False,False,False,False,False,1.3326457738876343,-58.10913848876953,6.801511764526367,-1,True
SG-928i,False,False,False,False,False,0.8004722595214844,-235.45635986328125,0.38205423951148987,-1,True
HP-937g,False,False,False,False,False,1.8277783393859863,-182.55752563476562,0.9785254597663879,-1,False
FA-042a,False,False,False,False,False,0.9272202253341675,-126.03411865234375,0.3409036695957184,-1,True
FA-042g,False,False,False,False,False,2.5112228393554688,-216.82666015625,1.3418530225753784,-1,False
QQ-082a,False,False,False,False,False,0.22726157307624817,188.6737518310547,0.0016468019457533956,-1,True
LB-716e,False,True,False,True,False,1.104748249053955,-165.4871826171875,105.26146697998047,-1,True
GK-115a,False,False,False,False,False,1.4595245122909546,-137.99830627441406,1.11347234249115,-1,True
RG-716b,False,False,False,False,False,0.3177489936351776,-183.9232635498047,0.09626582264900208,-1,True
CB-045a,False,False,False,False,False,0.7376638650894165,83.2906494140625,0.4345930814743042,-1,True
DW-456a,False,False,False,False,False,0.6519984006881714,119.68916320800781,35.39198684692383,-1,True
JK-776d,False,False,False,False,False,1.0066933631896973,-104.2497329711914,1.8431724309921265,-1,True
RC-040e,False,False,False,False,False,0.899028480052948,-151.34933471679688,1.911266803741455,-1,False
IV-583g,False,False,False,False,False,2.6786274909973145,-241.4512481689453,1.3534966707229614,-1,False
YI-715a,True,True,True,True,False,0.5194130539894104,151.85076904296875,0.007164763752371073,-1,True
AU-605b,False,False,False,False,False,0.726131796836853,152.9762420654297,0.6393639445304871,-1,True
YK-590d,False,False,False,False,False,0.5355061292648315,-153.6401824951172,1.1211353540420532,-1,False
OF-732e,False,False,False,False,False,0.7830954194068909,-142.22402954101562,1.2255481481552124,-1,False
YI-715e,False,True,True,False,False,0.7573201656341553,-166.22755432128906,0.9492493867874146,-1,False
FA-042b,False,False,False,False,False,1.1276652812957764,6.452234268188477,46.059425354003906,-1,True
LG-598b,False,False,False,False,False,0.9698458313941956,-108.21965026855469,0.7519479990005493,-1,True
IV-583e,False,False,False,False,False,0.9503169655799866,-195.13914489746094,58.950531005859375,-1,True
LG-672c,False,False,False,False,False,0.6358790397644043,-72.44271087646484,26.338497161865234,-1,True
UV-796f,False,True,False,False,False,2.195497989654541,-194.58392333984375,0.5037142038345337,-1,False
YI-715c,True,True,True,True,False,1.3531594276428223,-104.39915466308594,0.007043964695185423,-1,True
IA-093d,False,False,False,False,False,0.7930975556373596,-66.38072967529297,7.348056316375732,-1,True
JK-776e,False,False,False,False,False,1.4847533702850342,-130.6453857421875,13.626680374145508,-1,True
DW-456f,False,False,False,False,False,1.9793130159378052,-187.7150115966797,1.66206693649292,-1,False
YI-059c,False,False,False,False,False,1.5834383964538574,232.07276916503906,12.842621803283691,-1,True
NJ-215f,False,False,False,False,False,1.8252562284469604,-196.05685424804688,0.6572164297103882,-1,False
NJ-605b,False,False,False,False,False,0.6864843368530273,230.72767639160156,3.3153433799743652,-1,True
UP-102a,False,False,False,False,False,0.43162286281585693,258.7406921386719,0.15990209579467773,-1,True
CH-657a,False,False,False,False,False,1.0573712587356567,91.5956802368164,1.0474858283996582,-1,True
UP-102d,False,False,False,False,False,0.35281652212142944,-88.44978332519531,0.1541416198015213,-1,True
FA-042d,False,False,False,False,False,1.0262852907180786,-114.97427368164062,1.9745330810546875,-1,True
AJ-768e,False,False,False,False,False,0.7006233930587769,-177.75131225585938,0.8204948902130127,-1,False
OP-802g,False,False,False,False,False,2.753751754760742,-153.88172912597656,0.6067444682121277,-1,False
NJ-215d,False,False,False,False,False,1.6004555225372314,-211.77407836914062,3.2894327640533447,-1,True
LG-672e,False,False,False,False,False,0.9227662682533264,-209.1768798828125,7.171499252319336,-1,True
LG-598c,False,False,False,False,False,1.2936147451400757,-144.7165069580078,23.726430892944336,-1,True
FA-042c,False,False,False,False,False,0.3289783000946045,-168.08340454101562,0.004410016816109419,-1,True
HM-517j,True,True,True,True,False,0.3630254864692688,-218.7733917236328,0.45597904920578003,-1,True
AU-605g,False,False,False,False,False,2.128861665725708,-129.75094604492188,1.967577338218689,-1,False
HY-239f,False,False,False,False,False,2.61708927154541,-194.57167053222656,1.5210522413253784,-1,False
GK-462h,False,False,False,False,False,1.9654220342636108,-199.44354248046875,1.5191320180892944,-1,False
GH-780a,False,False,False,False,False,0.7673473358154297,248.0699920654297,8.56151008605957,-1,True
KW-976e,False,False,False,False,False,1.3665766716003418,-121.75285339355469,1.4885345697402954,-1,False
FA-042e,False,False,False,False,False,0.9453675746917725,-197.4947509765625,1.532842755317688,-1,False
GY-986d,False,True,True,True,False,0.9172391891479492,-169.0803985595703,0.9687260985374451,-1,True
GM-037i,False,False,False,False,False,1.1607108116149902,-259.4347229003906,0.1880994290113449,-1,True
YI-059e,False,False,False,False,False,0.9890252947807312,-85.30719757080078,47.80511474609375,-1,True
TO-392f,True,True,True,True,False,0.6038724184036255,-134.41116333007812,1.7680798768997192,-1,False
AJ-768b,False,False,False,False,False,1.4464282989501953,-60.03078079223633,8.413878440856934,-1,True
CH-131b,False,False,False,False,False,1.106715440750122,114.45734405517578,8.378693580627441,-1,True
NJ-605e,False,False,False,False,False,0.8192622661590576,-107.85652923583984,1.7247052192687988,-1,False
NJ-215c,False,False,False,False,False,0.7205097079277039,-172.64483642578125,0.5130515694618225,-1,True
GM-037e,False,False,False,False,False,0.8442936539649963,-229.19825744628906,1.1189619302749634,-1,False
DW-456c,False,False,False,False,False,0.6489511728286743,-70.29859924316406,14.355711936950684,-1,True
YK-590b,False,False,False,False,False,0.6485046744346619,86.91864776611328,0.9075865149497986,-1,True
GK-462f,False,False,False,False,False,0.7079253792762756,-134.51646423339844,1.8798871040344238,-1,False
IV-583f,False,False,False,False,False,1.5357259511947632,-225.70521545410156,1.575397253036499,-1,False
IA-093e,False,False,False,False,False,0.9490748047828674,-171.8404541015625,0.5448518395423889,-1,False
OP-802d,False,False,False,False,False,0.7087497711181641,-27.84293556213379,0.9798742532730103,-1,False
GK-219d,False,False,False,False,False,1.770957112312317,-215.78543090820312,9.690422058105469,-1,True
LG-598f,False,False,False,False,False,2.6938395500183105,-201.21417236328125,1.5681936740875244,-1,False
YA-471a,False,True,True,True,False,0.677783191204071,99.86434936523438,0.0024380567483603954,-1,True
YW-240h,False,False,False,False,False,1.740902304649353,-226.68228149414062,1.352809190750122,-1,False
QF-564e,False,False,False,False,False,1.0578069686889648,-225.73048400878906,1.7680054903030396,-1,False
RC-040f,True,False,False,False,False,1.3166403770446777,-177.7327423095703,1.6878234148025513,-1,False
YI-059d,False,False,False,False,False,0.8478989005088806,102.58177947998047,8.557028770446777,-1,True
KC-051b,False,False,False,False,False,0.2823634743690491,15.815655708312988,0.04601038992404938,-1,True
RG-716c,False,False,False,False,False,0.7371218800544739,-192.9497528076172,10.719979286193848,-1,True
KC-220d,False,False,False,False,False,0.8380445241928101,-77.09265899658203,24.23137092590332,-1,True
UP-102c,False,False,False,False,False,0.8384719491004944,-56.33245849609375,2.4554519653320312,-1,True
LG-598e,False,False,False,False,False,2.35813570022583,-173.01678466796875,1.440358281135559,-1,False
LG-672d,False,False,False,False,False,0.774914562702179,-201.11331176757812,0.055535536259412766,-1,True
IV-583d,False,False,False,False,False,0.8273550271987915,-160.5945281982422,0.1860121190547943,-1,True
LG-672b,False,False,False,False,False,1.2324137687683105,-58.82477569580078,23.23318099975586,-1,True
DW-456d,False,False,False,False,False,1.2746508121490479,-157.50921630859375,7.972174167633057,-1,True
KC-424a,False,False,False,False,False,0.7093056440353394,164.19656372070312,5.253795623779297,-1,True
GY-694a,False,False,False,False,False,0.3936294615268707,85.02725219726562,0.44058486819267273,-1,True
FA-042f,False,False,False,False,False,2.318883180618286,-221.18377685546875,1.1281217336654663,-1,False
CC-674d,False,False,False,False,False,0.3085673451423645,-194.0370635986328,0.0005368042620830238,-1,True
RY-305a,False,False,False,False,False,0.8575518131256104,99.23836517333984,2.4368717670440674,-1,True
HV-780f,False,False,False,False,False,1.8391927480697632,-202.4108428955078,0.9131967425346375,-1,False
JK-776h,False,False,False,False,False,1.9001739025115967,-190.35430908203125,1.3230350017547607,-1,False
HY-239c,False,False,False,False,False,1.2323969602584839,-121.82999420166016,0.7580575346946716,-1,True
CB-045e,False,False,False,False,False,1.0179377794265747,-83.64810180664062,18.093175888061523,-1,True
NJ-215b,False,False,False,False,False,0.7611398696899414,-139.9084014892578,0.033858396112918854,-1,True
NJ-605a,False,False,False,False,False,0.8378579616546631,310.7765808105469,0.8717676401138306,-1,True
LG-672f,False,False,False,False,False,1.369450569152832,-179.71554565429688,306.9031066894531,-1,True
UP-102b,False,False,False,False,False,0.32416942715644836,144.51246643066406,0.07459244877099991,-1,True
KQ-451d,False,False,False,False,False,0.9687707424163818,278.8577880859375,1.561991810798645,-1,True
AJ-768g,False,False,False,False,False,1.7488276958465576,-196.5476837158203,1.8409267663955688,-1,False
FA-042i,False,False,False,False,False,0.9296022653579712,-240.59854125976562,4.933984756469727,-1,True
IA-093g,False,False,False,False,False,2.7126822471618652,-219.646240234375,0.8158406019210815,-1,False
RG-716a,False,False,False,False,False,0.9408446550369263,-129.50021362304688,0.12736204266548157,-1,True
OP-802c,False,False,False,False,False,0.6763682961463928,104.62345123291016,4.215880870819092,-1,True
LG-758f,False,False,False,False,False,0.988246738910675,-110.05221557617188,1.4808851480484009,-1,False
OY-717a,False,False,False,False,False,0.9214670062065125,30.60162925720215,10.704354286193848,-1,True
OP-802b,False,False,False,False,False,0.9393736124038696,149.28260803222656,0.5446516871452332,-1,True
AU-605d,False,False,False,False,False,1.2687839269638062,38.1005973815918,91.86394500732422,-1,True
JK-776b,False,False,False,False,False,0.7299246191978455,46.734596252441406,8.0056791305542,-1,True
FA-042h,False,False,False,False,False,1.3282414674758911,-228.5571746826172,0.5496558547019958,-1,False
HV-780d,False,False,False,False,False,1.2581982612609863,-89.03346252441406,8.450175285339355,-1,True
RG-716e,False,False,False,False,False,0.7129522562026978,-206.31768798828125,1.859471082687378,-1,False
DX-916f,False,False,False,False,False,1.6677815914154053,-171.4321746826172,1.4151439666748047,-1,False
UX-755c,False,False,False,False,False,0.7982450723648071,48.5619010925293,3.363279342651367,-1,True
GK-462g,False,False,False,False,False,1.5682227611541748,-149.07847595214844,1.5922057628631592,-1,False
OF-732a,False,False,False,False,False,0.9185924530029297,90.79679107666016,26.499082565307617,-1,True
DW-456e,False,False,False,False,False,0.589333713054657,-152.8621063232422,1.4268500804901123,-1,False
XV-158a,False,False,False,False,False,0.7372804880142212,-11.799726486206055,5.20185661315918,-1,True
GC-231e,False,False,False,False,False,0.905369222164154,-185.5789337158203,1.59064781665802,-1,True
NH-555e,False,False,False,False,False,0.5932694673538208,-2.6637277603149414,0.904207706451416,-1,False
GK-219b,False,False,False,False,False,0.4621497094631195,-157.7338409423828,4.017485618591309,-1,True
UP-102e,False,False,False,False,False,0.8253092169761658,-150.5699005126953,1.9037383794784546,-1,False
AU-605e,False,False,False,False,False,0.7898657321929932,-73.90221405029297,2.737762451171875,-1,True
OF-732d,False,False,False,False,False,0.6840543150901794,-157.44375610351562,6.190240383148193,-1,True
OF-732c,False,False,False,False,False,0.4273819625377655,-44.845977783203125,0.1138506829738617,-1,True
CH-131f,False,False,False,False,False,1.4172306060791016,-210.84815979003906,1.1965289115905762,-1,False
GK-219e,False,False,False,False,False,0.8461849689483643,-210.7417449951172,0.9318407773971558,-1,False
GK-115e,False,False,False,False,False,0.9385027289390564,-197.74346923828125,1.987977147102356,-1,False
AX-215h,False,False,False,False,False,2.5622143745422363,-191.55926513671875,1.9850102663040161,-1,False
KQ-451j,False,False,False,False,False,1.2862681150436401,-190.74923706054688,27.753482818603516,-1,True
JK-776g,False,False,False,False,False,1.486485481262207,-204.27499389648438,0.5027952194213867,-1,False
RC-040a,False,True,True,False,False,0.34342044591903687,117.80227661132812,0.02055070921778679,-1,True
CB-045g,False,False,False,False,False,1.3514307737350464,-188.13787841796875,1.6221683025360107,-1,False
DW-456b,False,False,False,False,False,0.7211465239524841,-57.40222930908203,18.626441955566406,-1,True
LG-758d,False,True,False,False,False,0.53067946434021,-70.98406219482422,0.28097790479660034,-1,True
XV-158g,False,False,False,False,False,2.1752090454101562,-217.67669677734375,1.4542644023895264,-1,False
HY-239g,False,False,False,False,False,1.3663380146026611,-210.0397491455078,0.5383580923080444,-1,False
QR-697a,False,False,False,False,False,0.5883793234825134,-23.010772705078125,4.323387622833252,-1,True
RG-716d,False,False,False,False,False,1.2915754318237305,-161.72740173339844,4.520133972167969,-1,True
HY-976i,False,False,False,False,False,1.3727494478225708,-234.49069213867188,1.4085228443145752,-1,False
KC-424b,False,False,False,False,False,0.4258469045162201,235.37245178222656,0.02144584059715271,-1,True
OF-732g,False,False,False,False,False,1.7247915267944336,-188.85206604003906,1.140627145767212,-1,False
IC-530e,False,False,False,False,False,0.9103029370307922,-167.37423706054688,1.1020004749298096,-1,False
CH-131e,False,False,False,False,False,0.7637026906013489,-132.57089233398438,0.6278017163276672,-1,False
YA-711a,False,False,False,False,False,1.4194921255111694,269.02410888671875,125.48577880859375,-1,True
YA-471b,False,True,True,True,False,1.1514471769332886,174.09530639648438,9.27559757232666,-1,True
XV-158b,False,False,False,False,False,1.1741199493408203,-153.00491333007812,0.15955863893032074,-1,True
XV-158e,False,False,False,False,False,0.961122989654541,-185.4398193359375,35.32004928588867,-1,True
HY-976j,False,False,False,False,False,1.2528502941131592,-254.88436889648438,141.7147979736328,-1,True
HY-976a,False,False,False,False,False,1.084951400756836,21.646162033081055,7.430575847625732,-1,True
AM-884a,True,True,True,True,False,0.38395825028419495,-116.1152114868164,0.0014269406674429774,-1,True
GC-231d,False,False,False,False,False,1.4033175706863403,-185.87762451171875,46.1373291015625,-1,True
YA-711e,False,False,False,False,False,0.7926886677742004,-150.85275268554688,1.734291434288025,-1,False
OF-363e,False,False,False,False,False,1.8985018730163574,-226.59974670410156,119.46623229980469,-1,True
FK-794c,True,True,True,True,False,0.5457387566566467,-50.583946228027344,0.7188557982444763,-1,True
SL-132b,False,False,False,False,False,0.7224925756454468,-177.24920654296875,1.047633171081543,-1,True
OF-732b,False,False,False,False,False,1.2057840824127197,-45.42926025390625,1.0592436790466309,-1,True
OF-185a,True,True,True,True,False,0.7866295576095581,-124.77960205078125,0.17106445133686066,-1,True
SL-132c,False,False,False,False,False,1.319765329360962,-163.2568817138672,98.71646881103516,-1,True
IC-530b,False,False,False,False,False,0.38725975155830383,-30.004283905029297,0.10274218767881393,-1,True
KQ-451i,False,False,False,False,False,1.4757341146469116,-182.04296875,0.5256122946739197,-1,False
GH-780f,False,False,False,False,False,1.7919458150863647,-173.0661163330078,1.7619049549102783,-1,False
JS-367e,False,False,False,False,False,0.5524345636367798,-214.72921752929688,1.8347734212875366,-1,False
OY-717c,False,False,False,False,False,1.7908744812011719,-221.0986785888672,102.11087799072266,-1,True
OY-569d,False,False,False,False,False,0.9071184992790222,-105.59303283691406,0.12113700062036514,-1,True
YI-715d,True,True,True,True,False,1.199748158454895,-159.22616577148438,18.49818992614746,-1,True
QR-697c,False,False,False,False,False,1.2545888423919678,-182.73097229003906,21.10363006591797,-1,True
EM-759c,True,True,True,True,False,0.7107865214347839,-143.04119873046875,4.886813163757324,-1,True
JK-776c,False,False,False,False,False,1.0783253908157349,-62.07073211669922,4.7935686111450195,-1,True
RC-040g,False,False,False,False,False,1.826792597770691,-198.9530487060547,0.5827837586402893,-1,False
WC-788b,True,True,True,True,False,1.182884931564331,30.43450927734375,14.784202575683594,-1,True
IC-530f,False,False,False,False,False,2.1385905742645264,-195.8227996826172,1.396470308303833,-1,False
KQ-451c,False,False,False,False,False,0.7301025390625,474.240234375,10.490487098693848,-1,True
LG-758b,False,False,False,False,False,1.1543052196502686,68.56498718261719,0.272859662771225,-1,True
OF-363c,False,False,False,False,False,0.5255045294761658,-119.99829864501953,0.6220117807388306,-1,True
FW-344a,False,False,False,False,False,0.5294503569602966,222.17141723632812,0.4688948094844818,-1,True
JS-367c,False,False,False,False,False,0.6324182152748108,-200.70285034179688,10.296354293823242,-1,True
HM-365c,True,True,True,True,False,0.6248423457145691,-29.283655166625977,1.1957496404647827,-1,True
AW-006b,False,True,True,True,False,0.5186665654182434,61.69826126098633,0.039198923856019974,-1,True
GK-115c,False,False,False,False,False,1.3207619190216064,-195.58053588867188,12.17677116394043,-1,True
CB-045h,False,False,False,False,False,2.8021512031555176,-188.8771514892578,1.897172212600708,-1,False
YI-705a,False,True,True,True,False,1.1271651983261108,-132.90682983398438,2.579289436340332,-1,True
EL-179b,True,True,True,True,False,1.1087377071380615,32.76316452026367,0.12684644758701324,-1,True
YA-711d,False,False,False,False,False,1.0528360605239868,-128.75721740722656,7.248912334442139,-1,True
IC-530d,False,False,False,False,False,1.5268110036849976,-129.9118194580078,107.05235290527344,-1,True
JS-367a,False,False,False,False,False,0.3358933627605438,-149.4143524169922,0.012826518155634403,-1,True
LG-758a,False,False,False,False,False,0.890363335609436,185.9787139892578,0.6867735981941223,-1,True
YA-711c,False,False,False,False,False,0.46031469106674194,-114.48438262939453,0.1818331778049469,-1,True
MG-594a,False,False,False,False,False,0.5642229914665222,106.76148986816406,0.08499593287706375,-1,True
EZ-190g,False,False,False,False,False,2.3613622188568115,-226.92283630371094,1.6114768981933594,-1,False
OY-569e,False,False,False,False,False,1.1096277236938477,-102.40545654296875,25.534727096557617,-1,True
OT-627b,False,True,False,True,False,0.9113910794258118,14.00078010559082,0.13862483203411102,-1,True
OS-456a,False,False,False,False,False,1.2633867263793945,169.95089721679688,46.89989471435547,-1,True
SG-875a,False,False,False,False,False,1.3899154663085938,-126.54417419433594,39.39975357055664,-1,True
JK-749d,False,True,True,True,False,1.3451025485992432,-196.09747314453125,1.5084538459777832,-1,False
NG-164b,False,False,False,False,False,0.6615607142448425,103.67672729492188,2.661466360092163,-1,True
SO-838a,False,False,False,False,False,0.9273727536201477,201.64027404785156,10.397794723510742,-1,True
JK-776f,False,False,False,False,False,0.8843373656272888,-143.42764282226562,1.8567482233047485,-1,False
NG-574a,False,False,False,False,False,0.5907031297683716,178.47474670410156,0.1433039754629135,-1,True
KQ-451h,False,False,False,False,False,2.6273932456970215,-131.3064727783203,1.6406668424606323,-1,False
QR-697d,False,False,False,False,False,0.3404812216758728,-138.3047332763672,0.15531645715236664,-1,True
HY-976d,False,False,False,False,False,1.4434378147125244,-197.10691833496094,21.576101303100586,-1,True
EZ-190f,False,False,False,False,False,1.4667490720748901,-240.5646514892578,0.5014573931694031,-1,False
PB-673e,False,True,True,True,False,2.1887004375457764,-222.1665802001953,1.2143124341964722,-1,False
CB-045f,False,False,False,False,False,0.8117024302482605,-169.61068725585938,1.1322975158691406,-1,False
SO-838e,False,False,False,False,False,1.3050800561904907,-100.40411376953125,89.5419692993164,-1,True
SO-838i,False,False,False,False,False,0.9395610690116882,-197.51097106933594,0.5752047300338745,-1,False
JS-601e,True,True,True,True,False,1.6245954036712646,-58.818382263183594,0.7809399962425232,-1,True
KQ-451f,False,False,False,False,False,0.8366068601608276,-3.4802188873291016,0.6175591349601746,-1,False
JS-367b,False,False,False,False,False,0.3399326205253601,-98.68614196777344,0.10222151130437851,-1,True
OY-569g,False,False,False,False,False,1.4363423585891724,-165.42144775390625,1.1184165477752686,-1,False
XV-158i,False,False,False,False,False,1.4173485040664673,-235.07003784179688,1.7071527242660522,-1,False
SL-132d,False,False,False,False,False,1.0160884857177734,-220.6637420654297,25.736093521118164,-1,True
IC-530c,False,False,False,False,False,0.41857051849365234,-44.09586715698242,1.451007604598999,-1,False
EZ-190d,False,False,False,False,False,0.9498827457427979,-210.21739196777344,0.5237418413162231,-1,True
OF-732f,False,False,False,False,False,1.984331488609314,-190.76138305664062,1.6290942430496216,-1,False
AU-605f,False,False,False,False,False,0.772512674331665,-105.71907806396484,1.461898684501648,-1,False
JS-367f,False,False,False,False,False,2.0689499378204346,-226.84225463867188,0.9418407082557678,-1,False
HV-029a,False,False,False,False,False,0.666972279548645,63.18867492675781,0.05695545673370361,-1,True
YA-471g,False,True,True,True,False,1.9548403024673462,-191.644287109375,1.0312453508377075,-1,False
IC-530g,False,False,False,False,False,1.9938098192214966,-221.95559692382812,0.6209522485733032,-1,False
XD-492f,False,True,True,True,False,2.321364641189575,-239.28330993652344,1.6058872938156128,-1,False
HY-976h,False,False,False,False,False,2.212965965270996,-226.3403778076172,0.5648424029350281,-1,False
HY-976e,False,False,False,False,False,1.0128357410430908,-174.08334350585938,10.179848670959473,-1,True
MG-594b,False,False,False,False,False,1.0486453771591187,-88.88140869140625,0.031112555414438248,-1,True
OF-363d,False,False,False,False,False,1.590211033821106,-189.5028839111328,17.92339515686035,-1,True
YA-711b,False,False,False,False,False,0.3625679016113281,135.6961212158203,0.007793208118528128,-1,True
NG-164g,False,False,False,False,False,1.7285382747650146,-206.16864013671875,1.9676152467727661,-1,False
XV-158f,False,False,False,False,False,0.9277560710906982,-174.95013427734375,1.0148992538452148,-1,False
MG-594c,False,False,False,False,False,1.0913867950439453,-162.53367614746094,0.6410176753997803,-1,False
NJ-215e,False,False,False,False,False,0.7813506722450256,-200.4987030029297,1.5526119470596313,-1,False
QR-697f,False,False,False,False,False,0.71612548828125,-242.9866485595703,1.2465928792953491,-1,False
YW-240f,False,False,False,False,False,1.058000087738037,-179.67709350585938,1.5499088764190674,-1,False
KQ-451b,False,False,False,False,False,0.3985879123210907,486.2431945800781,0.0029580893460661173,-1,True
YW-523a,False,False,False,False,False,0.9301064014434814,68.01438903808594,7.441189765930176,-1,True
CB-282d,True,True,True,True,False,0.8398381471633911,-122.10771179199219,1.1294783353805542,-1,False
HY-976b,False,False,False,False,False,1.25523841381073,-159.42543029785156,5.271327018737793,-1,True
GC-231c,False,False,False,False,False,1.1465659141540527,-81.77830505371094,2.4026858806610107,-1,True
EZ-190b,False,False,False,False,False,0.636879026889801,-169.4187774658203,0.22161543369293213,-1,True
KC-452d,False,False,False,False,False,0.3337952792644501,-197.53359985351562,0.00016402528854086995,-1,True
IC-530h,False,False,False,False,False,0.9448010921478271,-219.00299072265625,0.7430750131607056,-1,False
GK-115d,False,False,False,False,False,1.1577297449111938,-198.68446350097656,78.91942596435547,-1,True
KC-544a,False,False,False,False,False,0.8417202234268188,106.52631378173828,0.16591987013816833,-1,True
XD-354a,False,True,False,True,False,0.28791162371635437,66.67304992675781,0.027724063023924828,-1,True
KC-421f,False,False,False,False,False,0.8178884387016296,-128.22900390625,0.6337568163871765,-1,False
QR-697b,False,False,False,False,False,0.8460050225257874,-137.76187133789062,0.05361254885792732,-1,True
LB-476c,False,True,True,True,False,0.554394543170929,41.56333923339844,3.7771785259246826,-1,True
XV-158h,False,False,False,False,False,2.0361714363098145,-245.72891235351562,0.6322518587112427,-1,False
GC-231a,False,False,False,False,False,0.698108434677124,155.56080627441406,1.7996737957000732,-1,True
SO-838h,False,False,False,False,False,2.4271492958068848,-206.2032928466797,0.8237868547439575,-1,False
KQ-451g,False,False,False,False,False,2.4703574180603027,-54.72834396362305,0.626926064491272,-1,False
OY-569i,False,False,False,False,False,1.6889106035232544,-203.16148376464844,1.8603827953338623,-1,False
NJ-605c,False,False,False,False,False,0.728911280632019,41.69425964355469,5.733585357666016,-1,True
HY-976f,False,False,False,False,False,0.8152430653572083,-210.82662963867188,1.204676866531372,-1,False
HV-029e,False,False,False,False,False,1.6936758756637573,-219.5435333251953,8.593427658081055,-1,True
IC-530a,True,False,True,False,False,0.930801272392273,5.568282604217529,2.335249900817871,-1,True
HY-976c,False,False,False,False,False,0.8028265237808228,-170.406005859375,0.6047329306602478,-1,True
UI-938g,False,False,False,False,False,2.8129043579101562,-237.1055145263672,1.837179183959961,-1,False
UI-938a,False,False,False,False,False,0.7654554843902588,-123.05882263183594,13.87867546081543,-1,True
GY-694c,False,True,True,False,False,0.39016199111938477,-28.107511520385742,0.06669095158576965,-1,True
QR-697e,False,False,False,False,False,1.6374845504760742,-214.94842529296875,222.71490478515625,-1,True
HM-223b,True,False,True,True,False,0.6695377230644226,-115.83731079101562,2.0372018814086914,-1,True
YA-646a,False,False,False,False,False,0.24530723690986633,276.43243408203125,0.0007982984534464777,-1,True
OT-627a,True,True,True,True,True,0.7274051308631897,199.81259155273438,3.4085886478424072,-1,True
MG-594e,False,False,False,False,False,2.6506550312042236,-216.45126342773438,1.2339770793914795,-1,False
EZ-190e,False,False,False,False,False,0.8816248774528503,-228.1020050048828,0.6520751118659973,-1,False
GC-231f,False,False,False,False,False,0.7628178000450134,-183.70358276367188,1.550106406211853,-1,False
XV-158c,False,False,False,False,False,0.5156145095825195,-157.3620147705078,1.711567759513855,-1,False
XH-083c,True,True,True,True,False,0.9692220091819763,-179.9556121826172,24.322195053100586,-1,True
JK-758a,False,False,False,False,False,0.5205156207084656,77.97071075439453,2.582150936126709,-1,True
KC-424d,False,False,False,False,False,1.5473275184631348,-97.78924560546875,188.96469116210938,-1,True
QJ-382i,False,True,True,True,False,0.9535888433456421,-258.3248291015625,0.9796678423881531,-1,True
YW-240i,False,False,False,False,False,1.2663094997406006,-242.0950164794922,1.2492810487747192,-1,False
KI-439b,True,True,True,True,True,1.211966633796692,-167.12612915039062,6.740734100341797,-1,True
QJ-382g,True,True,True,True,False,1.624116063117981,-235.094482421875,1.5980416536331177,-1,False
UV-796a,True,True,True,True,False,1.1573147773742676,187.02110290527344,36.03092575073242,-1,True
SE-052e,False,True,True,True,False,1.1349722146987915,-216.52935791015625,20.294628143310547,-1,True
XV-158j,False,False,False,False,False,0.8743982315063477,-255.7602081298828,8.253127098083496,-1,True
JS-299d,False,False,False,False,False,1.4678343534469604,-155.40692138671875,60.43781661987305,-1,True
LG-758c,False,False,False,False,False,0.2492395043373108,98.14328002929688,0.05373615026473999,-1,True
GC-231b,False,False,False,False,False,1.0574127435684204,-131.1317901611328,4.504871845245361,-1,True
JK-758d,False,False,False,False,False,0.6325910687446594,-217.53713989257812,1.6186275482177734,-1,False
IC-530i,False,False,False,False,False,0.5927181243896484,-218.72271728515625,1.6402158737182617,-1,True
HY-976g,False,False,False,False,False,1.8968175649642944,-235.51536560058594,1.3808021545410156,-1,False
TD-298b,True,True,True,True,False,1.2614550590515137,-14.757644653320312,1.5339305400848389,-1,True
LB-716b,False,True,False,True,False,0.9638174176216125,-25.467296600341797,0.19474872946739197,-1,True
KC-544f,False,False,False,False,False,0.9591200351715088,-173.65042114257812,0.9965492486953735,-1,False
NJ-605d,False,False,False,False,False,1.020232915878296,-46.03767776489258,4.8777241706848145,-1,True
EZ-190c,False,False,False,False,False,0.7416061162948608,-112.76740264892578,25.872835159301758,-1,True
GH-209e,False,False,False,False,False,0.44598206877708435,-105.38835906982422,1.0558174848556519,-1,False
LG-758e,False,False,False,False,False,0.9261008501052856,-121.238525390625,0.33255836367607117,-1,True
OY-569j,False,False,False,False,False,1.2959213256835938,-221.78924560546875,102.85089874267578,-1,True
NJ-325b,False,False,False,False,False,1.1732465028762817,104.89517974853516,12.799644470214844,-1,True
JK-758e,False,False,False,False,False,1.3744529485702515,-235.43191528320312,1.4913688898086548,-1,False
WB-947g,False,True,False,False,False,1.4755140542984009,-202.41197204589844,0.7608688473701477,-1,False
GH-082d,False,True,False,True,False,0.7953073382377625,-69.30378723144531,0.0791153609752655,-1,True
OT-823a,True,True,True,True,False,0.808288037776947,48.89262390136719,0.6136050224304199,-1,True
YW-240e,True,True,True,True,False,1.506798505783081,-205.4311065673828,1.4115979671478271,-1,True
AJ-135d,False,False,False,False,False,0.9221755862236023,-208.8022918701172,0.6462130546569824,-1,True
MG-594d,False,False,False,False,False,1.868183970451355,-191.4439239501953,0.8782228231430054,-1,False
HM-301a,False,False,False,False,False,1.1047563552856445,109.36289978027344,4.623128890991211,-1,True
GM-844a,False,False,False,False,False,0.7692676186561584,298.1278381347656,1.603327751159668,-1,True
WU-974c,False,True,True,True,False,0.33257991075515747,64.42829132080078,0.13542887568473816,-1,True
NJ-325c,False,False,False,False,False,0.8426461815834045,9.720559120178223,0.007183385547250509,-1,True
YA-471c,False,True,True,True,False,0.9587873220443726,-76.70701599121094,54.287166595458984,-1,True
YA-424d,False,False,False,False,False,1.5491821765899658,-138.7410125732422,101.76702880859375,-1,True
AN-240a,False,False,False,False,False,1.144955039024353,290.01568603515625,86.51978302001953,-1,True
JS-299a,True,True,True,True,True,1.0345962047576904,33.79474639892578,1.2245652675628662,0.22716569900512695,True
QV-312a,False,False,False,False,False,1.202358365058899,-34.132164001464844,0.10109724849462509,-1,True
JS-299c,False,False,False,False,False,1.1715210676193237,-74.27201080322266,112.36873626708984,-1,True
NG-164f,False,False,False,False,False,2.2415714263916016,-145.8297882080078,1.8711152076721191,-1,False
OY-793a,False,False,False,False,False,1.1556975841522217,55.76459503173828,2.1274094581604004,-1,True
SG-875c,False,False,False,False,False,1.1361113786697388,-170.39334106445312,0.033201877027750015,-1,True
XS-305d,True,False,False,False,False,1.3597774505615234,-191.9908447265625,15.89101791381836,-1,True
UX-755a,False,False,False,False,False,1.1965783834457397,265.03814697265625,0.9479138255119324,-1,True
OS-456b,False,False,False,False,False,0.9607808589935303,-29.61804962158203,31.239852905273438,-1,True
BN-908a,True,True,True,True,False,0.9466428160667419,218.95315551757812,59.727142333984375,-1,True
KW-688a,False,True,True,True,False,0.9772587418556213,134.15858459472656,0.12199680507183075,-1,True
UX-674b,False,False,False,False,False,0.8291546106338501,-159.00132751464844,2.37825083732605,-1,True
UX-357a,False,False,False,False,False,0.6236682534217834,339.138671875,0.9856024980545044,-1,True
AX-128d,False,False,False,False,False,0.519439697265625,-108.74866485595703,1.3691011667251587,-1,False
AX-558b,False,False,False,False,False,1.0439274311065674,-25.397123336791992,10.960077285766602,-1,True
YA-424b,False,False,False,False,False,0.41184964776039124,116.01358032226562,0.03189237415790558,-1,True
OY-569h,False,False,False,False,False,2.2970755100250244,-195.44744873046875,0.5273590087890625,-1,False
HV-512b,True,True,True,True,False,0.7672111988067627,58.78959274291992,0.5276825428009033,-1,True
NH-555f,False,False,False,False,False,0.7764820456504822,-2.765019178390503,0.9802039265632629,-1,False
HV-029b,False,False,False,False,False,0.42707669734954834,-160.04859924316406,0.39783671498298645,-1,True
AX-215j,False,False,False,False,False,0.7945264577865601,-243.14329528808594,3.000654458999634,-1,True
BN-908e,True,True,True,True,False,0.9186932444572449,-149.79270935058594,1.8942608833312988,-1,False
OT-580d,True,True,True,True,True,1.145250916481018,-123.16895294189453,48.13898849487305,-1,True
CB-282c,False,False,False,False,False,1.492576241493225,-140.94020080566406,50.20008087158203,-1,True
HM-301c,False,False,False,False,False,0.6612619161605835,-42.66044998168945,7.736636638641357,-1,True
JK-758c,False,False,False,False,False,0.7055979371070862,-147.1311798095703,4.062902927398682,-1,True
KC-421g,False,False,False,False,False,1.8871574401855469,-188.97109985351562,1.145521879196167,-1,False
YW-240g,False,False,False,False,False,2.1483101844787598,-231.66664123535156,1.7933648824691772,-1,False
KC-424c,False,False,False,False,False,1.2804844379425049,49.87617492675781,26.379423141479492,-1,True
AM-884d,True,True,True,True,False,2.1041526794433594,-214.4989776611328,299.4776916503906,-1,True
KC-544c,False,False,False,False,False,0.5296899676322937,63.24455642700195,7.739099502563477,-1,True
YA-424c,False,False,False,False,False,0.8907036185264587,-53.450103759765625,4.940552234649658,-1,True
AN-240d,False,False,False,False,False,0.6567575931549072,-109.5128402709961,2.2704720497131348,-1,True
OF-552a,True,True,True,True,False,0.5375098586082458,-82.3863525390625,0.5979300141334534,-1,True
JS-009c,True,True,True,False,False,0.4563281536102295,-96.33251953125,3.9208202362060547,-1,True
XH-594e,True,True,True,True,False,0.9159237742424011,-143.3282012939453,1.264743685722351,-1,False
EW-943a,False,False,False,False,False,0.9397254586219788,114.56670379638672,26.440401077270508,-1,True
CB-282e,False,False,False,False,False,1.5253229141235352,-186.9917449951172,1.7176783084869385,-1,False
GK-439e,False,False,False,False,False,1.1334205865859985,-219.87069702148438,1.535064697265625,-1,True
OY-569f,False,False,False,False,False,0.808226466178894,-156.04486083984375,1.7505919933319092,-1,False
KC-452b,False,False,False,False,False,0.2740722596645355,-139.31817626953125,0.03472520411014557,-1,True
OY-793b,False,False,False,False,False,1.3189940452575684,83.46863555908203,49.98974609375,-1,True
JK-758b,False,False,False,False,False,0.6519687175750732,-161.19265747070312,6.138882637023926,-1,True
NH-555b,False,False,False,False,False,0.3442416787147522,428.06658935546875,0.00036465763696469367,-1,True
CH-115d,False,False,False,False,False,1.6172610521316528,-208.33155822753906,1.7290737628936768,-1,False
DX-916e,False,False,False,False,False,0.6822007298469543,-177.75001525878906,1.8661638498306274,-1,False
HM-301f,False,False,False,False,False,1.2648465633392334,-182.55194091796875,191.2095947265625,-1,True
BN-908c,False,False,False,False,False,0.30047163367271423,-54.38064956665039,0.06267963349819183,-1,True
FK-037c,True,True,True,True,False,0.6919416189193726,-63.91475296020508,0.6554464101791382,-1,True
EW-943d,False,False,False,False,False,1.2710473537445068,-132.7443389892578,4.695682048797607,-1,True
YA-424g,False,False,False,False,False,1.9990605115890503,-198.9577178955078,0.9501388669013977,-1,False
GK-439g,False,False,False,False,False,2.114342451095581,-233.14321899414062,1.028425931930542,-1,False
BN-908f,False,False,False,False,False,2.701822280883789,-200.97406005859375,1.6873010396957397,-1,False
AN-240c,False,False,False,False,False,1.082610011100769,-64.48686981201172,6.63118839263916,-1,True
CB-282f,False,False,False,False,False,2.7657418251037598,-191.4192657470703,1.2315211296081543,-1,False
JK-758f,False,False,False,False,False,1.6003721952438354,-242.72215270996094,1.9102275371551514,-1,False
AJ-135f,False,False,False,False,False,1.5728155374526978,-214.06484985351562,1.5040254592895508,-1,False
QJ-382c,True,True,True,True,False,0.6508735418319702,-171.5375213623047,6.439198970794678,-1,True
WU-882c,True,True,True,True,False,0.34878796339035034,-17.868066787719727,0.037829454988241196,-1,True
NH-555a,False,False,False,False,False,0.9733431339263916,1012.979736328125,69.89845275878906,-1,True
QQ-645c,False,False,False,False,False,1.4019120931625366,58.46481704711914,228.9884796142578,-1,True
DX-916b,False,False,False,False,False,1.1528940200805664,-0.2951982319355011,101.92859649658203,-1,True
AX-215c,False,False,False,False,False,0.3986847400665283,-18.379899978637695,0.006741324905306101,-1,True
UX-755d,False,False,False,False,False,0.4717136323451996,-35.25970458984375,2.016984224319458,-1,True
UX-674i,False,False,False,False,False,0.8527060747146606,-259.324951171875,10.240358352661133,-1,True
HM-301e,False,False,False,False,False,1.5031960010528564,-117.84405517578125,32.290103912353516,-1,True
QV-312b,False,False,False,False,False,0.6588399410247803,-155.81124877929688,0.799454927444458,-1,True
XS-305e,False,False,False,False,False,1.5869399309158325,-178.9175567626953,137.30557250976562,-1,True
AJ-135a,False,False,False,False,False,0.9508510828018188,-109.45377349853516,34.01154708862305,-1,True
NJ-325g,False,False,False,False,False,2.3114218711853027,-166.3245086669922,1.0539765357971191,-1,False
OY-793e,False,False,False,False,False,1.2877724170684814,-139.6920928955078,44.56406784057617,-1,True
IY-816c,True,True,True,True,True,0.7831323146820068,15.447670936584473,4.417222499847412,-1,True
FK-794b,True,True,True,True,True,1.2368887662887573,25.3662052154541,0.28093957901000977,-0.10000002384185791,True
YA-424h,False,False,False,False,False,1.3579161167144775,-227.17092895507812,1.3356356620788574,-1,False
UX-617d,False,False,False,False,False,0.8141064643859863,-200.07992553710938,2.2458934783935547,-1,True
UX-357d,False,False,False,False,False,0.8830251693725586,-1.274756669998169,18.654499053955078,-1,True
NH-555c,False,False,False,False,False,1.309197187423706,271.27508544921875,25.984500885009766,-1,True
AX-215b,False,False,False,False,False,0.922143816947937,242.40306091308594,28.713048934936523,-1,True
DX-916h,False,False,False,False,False,1.0180389881134033,-199.18116760253906,0.9376347661018372,-1,False
AN-240b,False,False,False,False,False,0.8569414019584656,-3.4201462268829346,0.5043068528175354,-1,True
XS-305i,False,False,False,False,False,1.2730119228363037,-261.1225891113281,0.8254960179328918,-1,True
XH-668f,False,False,False,False,False,0.7527422308921814,-144.56065368652344,1.0477663278579712,-1,False
GK-439a,False,False,False,False,False,0.8137168288230896,-135.1594696044922,2.590178966522217,-1,True
SO-838b,False,True,True,True,False,1.0976048707962036,238.24264526367188,52.85012435913086,-1,True
SG-875b,False,False,False,False,False,0.24901115894317627,-92.0442886352539,0.01122650783509016,-1,True
HV-029c,False,False,False,False,False,0.6700199842453003,-171.22715759277344,0.6158254146575928,-1,True
YW-240d,False,False,False,False,False,1.1092588901519775,-190.861328125,5.7358832359313965,-1,True
YW-240j,False,False,False,False,False,1.2896708250045776,-248.4857940673828,60.171627044677734,-1,True
AN-240f,False,False,False,False,False,0.602368175983429,-171.1245880126953,1.0700322389602661,-1,False
KW-976c,True,True,True,True,False,1.5026417970657349,-54.859073638916016,1.051216721534729,-1,True
UV-135d,False,True,True,True,False,0.33810073137283325,-178.10031127929688,0.04108342528343201,-1,True
OY-793d,False,False,False,False,False,0.5975608825683594,-114.67450714111328,2.476301908493042,-1,True
KC-421b,False,False,False,False,False,1.0422817468643188,157.06573486328125,6.221180438995361,-1,True
UX-755e,False,False,False,False,False,1.070183515548706,-50.002601623535156,0.849898099899292,-1,True
WC-702d,False,False,False,False,False,1.2081899642944336,-52.86637496948242,12.732490539550781,-1,True
EW-943c,False,False,False,False,False,1.335764765739441,-161.5722198486328,10.042255401611328,-1,True
HV-029f,False,False,False,False,False,0.8860095739364624,-187.72555541992188,0.5271728038787842,-1,False
KC-832c,False,False,False,False,False,1.3725618124008179,-101.8643569946289,15.111968994140625,-1,True
XS-305c,False,False,False,False,False,0.5951114892959595,-169.54287719726562,5.7895989418029785,-1,True
KC-452a,False,False,False,False,False,0.961009681224823,-115.56263732910156,2.214027166366577,-1,True
EL-179a,False,False,False,False,False,0.6261112093925476,115.71553802490234,0.013154173269867897,-1,True
HV-512a,False,False,True,False,False,0.8734253644943237,264.5971984863281,3.402371406555176,-1,True
BN-886a,False,False,False,False,False,1.0117015838623047,352.6081848144531,3.4061708450317383,-1,True
EL-179c,False,False,False,False,False,1.6051427125930786,-92.24188232421875,0.27978456020355225,-1,True
QV-164c,False,False,False,False,False,0.313894122838974,-172.85641479492188,0.01155975740402937,-1,True
NH-555h,False,False,False,False,False,2.9389219284057617,-122.9979476928711,1.4172539710998535,-1,False
AX-215g,False,False,False,False,False,1.9163336753845215,-165.58676147460938,0.9323198199272156,-1,False
QV-312d,False,False,False,False,False,0.935575008392334,-197.6003875732422,36.98799514770508,-1,True
YA-424f,False,False,False,False,False,2.1330840587615967,-195.5000762939453,0.8454288244247437,-1,False
YW-523c,False,False,False,False,False,0.23307837545871735,-55.2987060546875,0.002784855430945754,-1,True
HV-029d,False,False,False,False,False,0.8905002474784851,-170.08827209472656,4.986687660217285,-1,True
KC-832b,False,False,False,False,False,0.6458315849304199,95.08284759521484,1.7758290767669678,-1,True
QV-312c,False,False,False,False,False,0.7640777826309204,-176.89491271972656,2.0828723907470703,-1,True
EW-943b,False,False,False,False,False,0.9945458173751831,-149.9600067138672,0.36765292286872864,-1,True
OF-185f,False,False,False,False,False,0.650667130947113,-175.54046630859375,1.730686068534851,-1,False
KC-421e,False,False,False,False,False,1.0011725425720215,-155.7405548095703,0.7095887064933777,-1,True
XS-305h,True,False,False,False,False,1.1170973777770996,-228.24154663085938,0.6253204941749573,-1,False
OF-185e,False,False,False,False,False,0.5211656093597412,-177.55523681640625,1.3173352479934692,-1,False
QQ-001b,True,True,True,True,True,0.8073592185974121,-3.739917516708374,0.8796219229698181,-1,True
AN-240e,False,False,False,False,False,0.6737168431282043,-145.85968017578125,2.104640007019043,-1,True
AJ-135g,False,False,False,False,False,1.0085099935531616,-248.39808654785156,1.042486548423767,-1,False
WC-702e,False,False,False,False,False,1.4637850522994995,-111.20868682861328,1.2854139804840088,-1,True
YW-523d,False,False,False,False,False,1.3728551864624023,-126.38866424560547,30.550851821899414,-1,True
EL-179e,False,False,False,False,False,0.6979414820671082,-171.95457458496094,1.7652419805526733,-1,False
JS-761c,True,True,True,True,False,0.3088738024234772,-170.69203186035156,0.07287085801362991,-1,True
SG-875d,False,False,False,False,False,1.1869409084320068,-202.44033813476562,0.043273117393255234,-1,True
KC-220a,False,False,False,False,False,0.7492762804031372,395.53326416015625,16.010435104370117,-1,True
YA-424e,False,False,False,False,False,0.7303876280784607,-163.04563903808594,1.9932861328125,-1,False
GK-439b,False,False,False,False,False,1.2131786346435547,-154.70510864257812,31.940383911132812,-1,True
AM-628a,False,False,False,False,False,0.443371057510376,72.69464874267578,0.1405436098575592,-1,True
AM-628h,False,False,False,False,False,1.3783053159713745,-196.3925018310547,0.8548306226730347,-1,False
VI-270a,False,False,False,False,False,0.8735721111297607,393.067138671875,0.1290799081325531,-1,True
EW-943f,False,False,False,False,False,1.8805073499679565,-211.39878845214844,1.1750863790512085,-1,False
AN-240g,False,False,False,False,False,1.3033714294433594,-207.4987030029297,0.755955159664154,-1,False
NJ-325i,False,False,False,False,False,1.2922327518463135,-228.44107055664062,0.9656174778938293,-1,False
AJ-135c,False,False,False,False,False,0.5793210864067078,-202.25563049316406,0.6453099846839905,-1,True
QV-312e,False,False,False,False,False,0.5006662607192993,-184.78488159179688,1.268228530883789,-1,False
NG-114a,False,False,False,False,False,0.5746695399284363,155.5033721923828,0.2789345383644104,-1,True
QV-164a,False,False,False,False,False,0.40206536650657654,-138.00320434570312,0.012920977547764778,-1,True
OS-456c,False,False,False,False,False,1.2978934049606323,-97.91423797607422,7.236896514892578,-1,True
CC-674c,False,False,False,False,False,0.3471217155456543,-169.06532287597656,0.0813978761434555,-1,True
EW-943e,False,False,False,False,False,1.6948596239089966,-212.92747497558594,196.64389038085938,-1,True
GM-212d,False,False,False,False,False,1.188052773475647,-19.982799530029297,66.3257827758789,-1,True
YP-888f,False,False,False,False,False,0.8061480522155762,-216.67359924316406,0.7615457773208618,-1,False
IY-816g,False,False,False,False,False,2.1447718143463135,-174.09165954589844,1.7773972749710083,-1,False
KC-424f,False,False,False,False,False,1.3159687519073486,-169.57618713378906,1.7544407844543457,-1,False
EY-303b,True,True,True,True,False,0.4342145025730133,-1.8003255128860474,0.2920985519886017,-1,True
XS-305b,False,False,False,False,False,0.7117708921432495,-64.55599975585938,0.005838221870362759,-1,True
LB-506g,True,True,True,True,False,1.1366417407989502,-249.5078125,0.9950507879257202,-1,False
GM-844g,False,False,False,False,False,2.4010701179504395,-190.64382934570312,0.7320305109024048,-1,False
GK-439f,False,False,False,False,False,1.054351806640625,-224.98660278320312,0.612651526927948,-1,False
YP-888e,False,False,False,False,False,1.2575527429580688,-169.20907592773438,40.45820617675781,-1,True
BS-658e,False,True,True,True,False,0.677093505859375,-210.5596466064453,1.0794001817703247,-1,True
VI-270e,False,False,False,False,False,1.6731795072555542,-181.8863067626953,1.8426178693771362,-1,False
KC-832d,False,False,False,False,False,0.9213292598724365,-144.9609832763672,0.00006602604116778821,-1,True
ZV-896b,True,True,True,True,True,1.3926182985305786,17.269290924072266,1.444271445274353,-0.1037449836730957,True
XD-311a,True,True,True,True,False,0.525754451751709,250.72239685058594,0.005608369130641222,-1,True
AM-628d,False,False,False,False,False,1.4780203104019165,-117.64777374267578,69.43035125732422,-1,True
JK-758g,False,False,False,False,False,1.6403511762619019,-248.2428436279297,1.00693678855896,-1,False
XD-354d,False,False,False,False,False,1.272108554840088,-63.06178283691406,2.813152551651001,-1,True
GK-439c,False,False,False,False,False,0.8852531313896179,-169.28396606445312,28.64080238342285,-1,True
XH-265c,False,False,False,False,False,1.3030121326446533,-197.2654266357422,20.29789924621582,-1,True
GK-996b,False,False,False,False,False,1.6314729452133179,-48.41111373901367,6.493042469024658,-1,True
GC-602a,False,False,False,False,False,0.9169971942901611,-135.6078643798828,18.17203140258789,-1,True
ZV-194f,False,True,True,True,False,0.88631272315979,-203.98300170898438,1.3191230297088623,-1,False
SG-779a,False,False,False,False,False,0.733167827129364,114.60191345214844,6.867190361022949,-1,True
YW-523f,False,False,False,False,False,2.354872226715088,-184.3919219970703,1.7806719541549683,-1,False
JS-601c,True,True,True,True,False,0.7446911334991455,62.622711181640625,4.853503227233887,-1,True
YA-471i,False,True,True,True,False,1.2853251695632935,-233.54617309570312,24.80558204650879,-1,True
XS-305f,False,False,False,False,False,0.7793065905570984,-196.34381103515625,0.8436219096183777,-1,False
YP-888d,False,False,False,False,False,0.7969166040420532,-127.36087799072266,0.6361077427864075,-1,True
OS-456d,False,False,False,False,False,0.8468387722969055,-119.65404510498047,0.6831614375114441,-1,False
XD-354f,False,False,False,False,False,0.6509125828742981,-130.03390502929688,1.6111009120941162,-1,False
VI-270b,False,False,False,False,False,1.3299142122268677,-28.532188415527344,70.02691650390625,-1,True
AM-628b,False,False,False,False,False,1.2028969526290894,-20.28490447998047,0.10215394198894501,-1,True
AM-628f,False,False,False,False,False,1.2858768701553345,-149.91957092285156,1.127419114112854,-1,False
VI-270d,False,False,False,False,False,0.6623021364212036,-172.7384033203125,1.0677820444107056,-1,False
XD-354c,False,False,False,False,False,1.1183151006698608,17.522075653076172,42.98938751220703,-1,True
XH-668c,True,True,True,True,False,0.30964797735214233,70.65848541259766,0.22385410964488983,-1,True
XH-265b,False,False,False,False,False,0.8609984517097473,-180.51898193359375,0.0018707222770899534,-1,True
GC-602f,False,False,False,False,False,1.7822439670562744,-235.0413818359375,0.9007218480110168,-1,False
OY-717b,False,False,False,False,False,1.1783643960952759,-199.0714569091797,35.61954116821289,-1,True
NJ-325h,False,False,False,False,False,2.1537179946899414,-202.35313415527344,1.0436993837356567,-1,False
GK-439d,False,False,False,False,False,1.0085495710372925,-184.79124450683594,68.80142211914062,-1,True
XH-668e,False,False,False,False,False,0.7061021327972412,-138.42532348632812,1.3810890913009644,-1,False
AN-240h,False,False,False,False,False,2.565980911254883,-211.61477661132812,1.5421407222747803,-1,False
XH-807e,False,False,False,False,False,0.6436201930046082,-213.84829711914062,1.4875214099884033,-1,False
GM-844c,False,False,False,False,False,0.6157910227775574,3.2614574432373047,2.020845651626587,-1,True
HV-194a,False,False,False,False,False,0.7581760287284851,437.7249450683594,2.4809648990631104,-1,True
XS-305g,False,False,False,False,False,2.8005259037017822,-228.77011108398438,0.5388378500938416,-1,False
NG-114f,False,False,False,False,False,0.8094687461853027,-129.89671325683594,0.6332730054855347,-1,False
PG-027c,False,False,False,False,False,0.712000846862793,-63.27425765991211,18.061744689941406,-1,True
NJ-325f,False,False,False,False,False,0.7500398755073547,-129.5918426513672,0.7723870277404785,-1,False
GK-476c,False,False,False,False,False,0.6100369095802307,-99.43634796142578,1.9796299934387207,-1,False
AM-628c,False,False,False,False,False,1.5371639728546143,-45.77976608276367,168.96632385253906,-1,True
ZV-194g,False,False,False,False,False,1.3277606964111328,-209.2579345703125,1.8949135541915894,-1,False
YP-888g,False,False,False,False,False,1.8664802312850952,-221.40451049804688,1.1878392696380615,-1,False
PG-027d,False,False,False,False,False,1.284975290298462,-121.5370101928711,1.5621609687805176,-1,True
BN-908d,False,False,False,False,False,0.7419718503952026,-101.8017807006836,0.20382839441299438,-1,True
HV-194d,False,False,False,False,False,1.6848924160003662,-133.73068237304688,0.24862033128738403,-1,True
IC-685a,False,False,False,False,False,1.2816340923309326,-130.9474639892578,0.02034401148557663,-1,True
SG-928a,False,False,False,False,False,0.7614573240280151,415.1348876953125,0.8562222719192505,-1,True
AM-628g,False,False,False,False,False,2.376511812210083,-192.66282653808594,1.6479122638702393,-1,False
YP-888i,False,False,False,False,False,1.0226671695709229,-250.91563415527344,1.1906256675720215,-1,False
BN-516a,False,False,False,False,False,0.5624045729637146,-144.8385009765625,0.4416634440422058,-1,True
YW-523g,False,False,False,False,False,1.4906442165374756,-226.9191131591797,1.5500566959381104,-1,False
VI-270c,False,False,False,False,False,0.7197288274765015,-75.7403564453125,9.823887825012207,-1,True
OF-185h,False,False,False,False,False,0.9901419281959534,-219.68853759765625,0.6020337343215942,-1,False
LG-418b,True,True,True,True,True,0.7621128559112549,3.564990997314453,0.9510337114334106,0.21890485286712646,True
BN-516b,False,False,False,False,False,0.42731961607933044,-22.716394424438477,1.7082200050354004,-1,True
BN-516d,False,False,False,False,False,1.2290774583816528,-197.7335662841797,119.61161041259766,-1,True
AM-628e,False,False,False,False,False,0.951403796672821,-108.57144927978516,1.7404217720031738,-1,False
KQ-833a,False,False,False,False,False,1.1462805271148682,-153.22216796875,6.010867118835449,-1,True
PG-027e,False,False,False,False,False,0.5493915677070618,-172.78721618652344,1.3507585525512695,-1,False
KQ-833c,False,False,False,False,False,1.380492091178894,-182.8265838623047,113.05447387695312,-1,True
YW-523e,False,False,False,False,False,1.7255947589874268,-161.7242889404297,77.06430053710938,-1,True
EZ-566a,False,False,False,False,False,0.9041919112205505,-97.58573913574219,1.516564130783081,-1,True
OF-185g,False,False,False,False,False,2.6755504608154297,-234.47459411621094,0.7691670060157776,-1,False
KC-220c,False,False,False,False,False,0.6118157505989075,54.56217956542969,0.4182409346103668,-1,True
HV-194b,False,False,False,False,False,0.5818310379981995,-18.87801170349121,2.4527957439422607,-1,True
XH-668b,False,False,False,False,False,1.4092984199523926,85.92140197753906,80.20988464355469,-1,True
YP-888j,False,False,False,False,False,1.0818226337432861,-259.20660400390625,12.859046936035156,-1,True
NG-114g,False,False,False,False,False,1.4455617666244507,-187.51559448242188,0.8487553000450134,-1,False
XH-668a,False,False,False,False,False,1.209803581237793,205.17994689941406,6.639586925506592,-1,True
UQ-807a,False,False,False,False,False,0.9771838188171387,-139.394775390625,2.3324923515319824,-1,True
QV-164h,False,False,False,False,False,2.160853862762451,-227.6288299560547,1.3788036108016968,-1,False
IC-685c,False,False,False,False,False,0.6111804842948914,-194.525146484375,6.989832878112793,-1,True
WC-702c,False,False,False,False,False,1.1454055309295654,4.434139728546143,19.191049575805664,-1,True
NG-114h,False,False,False,False,False,1.6186299324035645,-189.15830993652344,0.9847674369812012,-1,False
UI-938d,False,False,False,False,False,0.8449745774269104,-151.86585998535156,17.72383689880371,-1,True
UI-938f,False,False,False,False,False,2.3066844940185547,-229.59970092773438,1.6326404809951782,-1,False
IY-816a,False,False,False,False,False,1.4432529211044312,203.48594665527344,29.300127029418945,-1,True
HV-194c,False,False,False,False,False,0.6310606002807617,-67.72429656982422,7.035594940185547,-1,True
XH-807a,False,False,False,False,False,1.2433091402053833,-127.81391906738281,20.433074951171875,-1,True
IC-685b,False,False,False,False,False,1.2859587669372559,-151.27537536621094,11.32703685760498,-1,True
AJ-135b,False,False,False,False,False,1.2614597082138062,-141.06809997558594,42.42890548706055,-1,True
JS-570h,False,True,True,True,False,1.208346962928772,-197.7008056640625,1.0343228578567505,-1,False
NG-114e,False,False,False,False,False,1.1912697553634644,-128.67185974121094,81.48896789550781,-1,True
UQ-807c,False,False,False,False,False,0.8543829321861267,-164.71481323242188,2.5958309173583984,-1,True
NJ-325e,False,False,False,False,False,0.4310973882675171,-115.29129791259766,0.027396906167268753,-1,True
XH-556e,True,True,True,True,False,1.0875370502471924,-211.80355834960938,34.05244827270508,-1,True
GK-476a,False,False,False,False,False,0.7436479330062866,196.82298278808594,0.012843163684010506,-1,True
AM-628i,False,False,False,False,False,0.9798092842102051,-236.5322265625,16.037578582763672,-1,True
GK-476e,False,False,False,False,False,2.1203720569610596,-154.0828857421875,0.9109019041061401,-1,False
XH-668d,False,False,False,False,False,1.0573461055755615,-28.74638557434082,12.892925262451172,-1,True
IC-685d,False,False,False,False,False,1.1165543794631958,-220.2064666748047,23.44961166381836,-1,True
UI-550c,False,False,False,False,False,1.1539132595062256,-93.60546875,22.152915954589844,-1,True
GY-252h,False,False,False,False,False,2.675420045852661,-196.89602661132812,1.6554510593414307,-1,False
SG-928e,False,False,False,False,False,0.7065939903259277,-96.89181518554688,1.8772995471954346,-1,False
IY-816f,False,False,False,False,False,0.4962678551673889,-124.52962493896484,0.6159010529518127,-1,False
UQ-807b,False,False,False,False,False,0.9422622919082642,-124.55641174316406,8.14311408996582,-1,True
GK-996a,False,False,False,False,False,0.8132033944129944,105.98299407958984,0.5043215751647949,-1,True
SG-928b,False,False,False,False,False,0.7202659845352173,109.4003677368164,14.071290969848633,-1,True
QV-257a,False,False,False,False,False,1.0347529649734497,-24.958900451660156,0.11234492808580399,-1,True
BN-908g,False,False,False,False,False,1.387404441833496,-221.45179748535156,1.399638056755066,-1,False
HP-933a,False,False,False,False,False,0.8591788411140442,288.2164611816406,4.977151393890381,-1,True
CC-674e,False,False,False,False,False,0.7471038699150085,-215.0869903564453,8.431554794311523,-1,True
OE-563a,False,False,False,False,False,0.8981069922447205,-63.02418899536133,1.0423997640609741,-1,True
MG-197d,False,False,False,False,False,1.2864961624145508,-73.7612075805664,25.033668518066406,-1,True
NH-555i,False,False,False,False,False,1.549838900566101,-178.07952880859375,0.930752158164978,-1,False
AU-686c,False,False,False,False,False,0.7108185887336731,-197.2122802734375,1.9315764904022217,-1,False
GK-476g,False,False,False,False,False,1.2451874017715454,-222.6790008544922,1.1962958574295044,-1,False
VH-874b,True,True,True,True,False,1.2097667455673218,-176.78587341308594,0.0020306685473769903,-1,True
XH-807b,False,False,False,False,False,0.5068086981773376,-25.690261840820312,0.5235226154327393,-1,True
PG-027f,False,False,False,False,False,1.3775871992111206,-198.37135314941406,1.8179806470870972,-1,False
GK-258g,False,False,False,False,False,2.6010026931762695,-194.52915954589844,0.9929636716842651,-1,False
SO-838d,False,False,False,False,False,0.838189959526062,-60.567039489746094,1.8109787702560425,-1,True
NG-164a,False,False,False,False,False,0.5814062356948853,215.88888549804688,1.4962681531906128,-1,True
SG-779c,False,True,False,True,False,0.44624027609825134,46.91405487060547,0.0006456947303377092,-1,True
OE-563b,False,False,False,False,False,0.8609731197357178,-119.8598861694336,27.55245018005371,-1,True
NG-114i,False,False,False,False,False,1.3833240270614624,-213.0385284423828,1.819087028503418,-1,False
SG-928c,False,False,False,False,False,1.3237508535385132,-31.359521865844727,5.004548072814941,-1,True
EM-398a,False,False,False,False,False,1.2464790344238281,331.9155578613281,4.441268444061279,-1,True
IY-816b,False,False,False,False,False,1.1125879287719727,181.95306396484375,26.568315505981445,-1,True
YA-646c,False,True,True,True,False,1.0094034671783447,100.28890228271484,0.97101229429245,-1,True
AU-686a,False,False,False,False,False,0.7698805332183838,-58.10499954223633,1.2948918342590332,-1,True
GM-844d,False,False,False,False,False,1.0856117010116577,-78.76671600341797,32.24605941772461,-1,True
GM-212e,False,False,False,False,False,1.0752726793289185,-195.41876220703125,1.3356664180755615,-1,False
GK-996f,False,False,False,False,False,2.836010456085205,-178.54510498046875,1.9033578634262085,-1,False
OE-563h,False,False,False,False,False,2.5905590057373047,-238.71829223632812,0.9601184725761414,-1,False
GK-476d,False,False,False,False,False,1.900382399559021,-155.1111602783203,82.98778533935547,-1,True
IC-685e,False,False,False,False,False,0.8249231576919556,-226.2709197998047,0.7294290661811829,-1,False
KQ-833e,False,False,False,False,False,0.6181989312171936,-221.0988311767578,1.3105690479278564,-1,False
AU-686b,False,False,False,False,False,0.5547903180122375,-198.26150512695312,5.337833881378174,-1,True
IC-685f,False,False,False,False,False,2.229182720184326,-216.02137756347656,1.7877435684204102,-1,False
TD-152b,True,True,True,True,False,0.5884913802146912,-157.69688415527344,0.9810689687728882,-1,True
GK-996d,False,False,False,False,False,1.117964267730713,-122.82449340820312,12.31265926361084,-1,True
OE-563i,False,False,False,False,False,1.7311227321624756,-246.5301055908203,1.7691478729248047,-1,False
EM-355d,False,False,False,False,False,1.2408255338668823,-61.22062301635742,6.793707370758057,-1,True
EM-398b,False,False,False,False,False,0.6095531582832336,85.53932189941406,0.7375606298446655,-1,True
AW-066c,False,False,False,False,False,1.0204747915267944,48.18717956542969,12.1067476272583,-1,True
NG-114d,False,False,False,False,False,0.6434334516525269,-34.188575744628906,15.413052558898926,-1,True
XH-807d,False,False,False,False,False,1.0912578105926514,-160.78211975097656,12.482157707214355,-1,True
NG-164e,False,False,False,False,False,0.8298182487487793,-129.92587280273438,0.9050472974777222,-1,False
HP-933b,False,False,False,False,False,0.9351773262023926,121.71725463867188,0.7412084937095642,-1,True
AJ-120a,False,False,False,False,False,0.4546058475971222,95.8556900024414,0.00477634696289897,-1,True
SG-928f,False,False,False,False,False,1.4847450256347656,-129.90003967285156,0.6317364573478699,-1,False
AJ-120e,False,False,False,False,False,1.1412172317504883,-118.12837982177734,52.366058349609375,-1,True
SO-838j,False,False,False,False,False,0.27484673261642456,-216.75038146972656,0.05737598240375519,-1,True
OE-563d,False,False,False,False,False,0.34297046065330505,-196.9635772705078,0.05722283944487572,-1,True
OE-563g,False,False,False,False,False,1.6710294485092163,-199.8055877685547,0.6567074656486511,-1,False
GK-476f,False,False,False,False,False,1.894606590270996,-170.8804168701172,1.414637565612793,-1,False
AJ-505d,False,False,False,False,False,1.9547423124313354,-213.551025390625,1.5436127185821533,-1,False
QR-119a,False,False,False,False,False,0.5041491389274597,84.17576599121094,2.538133144378662,-1,True
WR-681c,False,False,False,False,False,0.7199932932853699,2.6752572059631348,5.075017929077148,-1,True
GY-110c,True,True,True,True,False,0.6425624489784241,4.721792221069336,0.11284513026475906,-0.5,True
EZ-566b,False,False,False,False,False,1.0618000030517578,-44.46836853027344,28.039873123168945,-1,True
AJ-505a,False,False,False,False,False,0.2967797517776489,-174.2903594970703,0.032503630965948105,-1,True
KQ-833b,False,False,False,False,False,1.1156835556030273,-164.91250610351562,53.013458251953125,-1,True
GY-252g,False,False,False,False,False,2.020494222640991,-201.03311157226562,0.5690630674362183,-1,False
LS-300b,False,False,False,False,False,1.019636631011963,150.04232788085938,8.455582618713379,-1,True
JS-601d,False,False,False,False,False,0.8927834630012512,26.463855743408203,37.9119873046875,-1,True
AJ-120d,False,False,False,False,False,0.7684974670410156,-91.41980743408203,1.7227267026901245,-1,True
OS-209b,False,False,False,False,False,0.9607773423194885,89.43798828125,4.528563499450684,-1,True
OS-057a,False,False,False,False,False,1.0411663055419922,111.63317108154297,0.6165826916694641,-1,True
SE-648a,True,True,True,True,True,0.5467104315757751,-161.46499633789062,1.66038179397583,-1,True
IC-685g,False,False,False,False,False,1.9881517887115479,-246.1685791015625,0.8537864089012146,-1,False
XH-807c,False,False,False,False,False,0.6768808364868164,-204.05455017089844,0.018827451393008232,-1,True
OP-418a,False,False,False,False,False,1.003083348274231,467.4325256347656,2.6012322902679443,-1,True
AJ-300c,False,False,False,False,False,0.2733129858970642,73.43472290039062,0.03787354752421379,-1,True
WX-031a,False,True,True,True,True,1.4102863073349,-82.16349792480469,12.717729568481445,-1,True
AJ-120g,False,False,False,False,False,2.387291669845581,-191.81622314453125,1.3748188018798828,-1,False
AJ-300e,False,False,False,False,False,0.8055891990661621,-146.11830139160156,1.1810059547424316,-1,False
GK-996e,False,False,False,False,False,0.6122726202011108,-187.19796752929688,1.2809001207351685,-1,False
KQ-833d,False,False,False,False,False,1.2367231845855713,-155.36959838867188,173.26870727539062,-1,True
TO-392c,True,True,True,True,False,0.676782488822937,-27.353321075439453,11.19908618927002,-1,True
VH-778e,False,True,True,True,False,1.7538529634475708,-194.39578247070312,0.6687529683113098,-1,False
OS-189c,False,False,False,False,False,0.9751548171043396,-157.25526428222656,1.1761773824691772,-1,False
OS-189e,False,False,False,False,False,2.6514835357666016,-188.4771728515625,1.3676059246063232,-1,False
OS-057e,False,False,False,False,False,0.6304788589477539,-137.7689208984375,0.8371750712394714,-1,False
OS-209g,False,False,False,False,False,1.7145761251449585,-203.3137664794922,0.8873172998428345,-1,False
AS-479e,False,False,False,False,False,1.8221937417984009,-216.2940216064453,13.348546028137207,-1,True
EM-398c,False,False,False,False,False,0.7504961490631104,25.901784896850586,10.173566818237305,-1,True
EM-355c,False,False,False,False,False,0.33106622099876404,110.61504364013672,0.9972526431083679,-1,False
EM-759a,False,False,False,False,False,1.0198873281478882,53.04303741455078,13.530560493469238,-1,True
OP-418b,False,False,False,False,False,0.8786316514015198,285.0297546386719,10.012736320495605,-1,True
EM-355a,False,False,False,False,False,0.8661291599273682,221.2760772705078,28.35174560546875,-1,True
HV-512e,False,False,False,False,False,0.5673238039016724,-91.9967041015625,1.5422697067260742,-1,False
EM-398e,False,False,False,False,False,0.7911288738250732,-134.86878967285156,1.6156612634658813,-1,False
AW-066a,False,False,False,False,False,1.1264194250106812,383.3961181640625,19.628252029418945,-1,True
QR-119e,False,False,False,False,False,1.0166767835617065,-172.25172424316406,0.7810734510421753,-1,False
SG-928h,False,False,False,False,False,1.0960651636123657,-212.8600616455078,1.7677931785583496,-1,False
OE-563c,False,False,False,False,False,0.6555619239807129,-179.83360290527344,0.06483209878206253,-1,True
XH-807f,False,False,False,False,False,1.9694753885269165,-213.17001342773438,0.7655471563339233,-1,False
AJ-120c,False,False,False,False,False,1.557403564453125,-62.93855667114258,12.487131118774414,-1,True
AJ-505c,False,False,False,False,False,1.553178310394287,-189.3536834716797,71.41453552246094,-1,True
BN-516c,False,False,False,False,False,1.2470920085906982,-198.67591857910156,14.306607246398926,-1,True
EW-274a,False,False,False,False,False,1.0544353723526,193.3603973388672,0.032869622111320496,-1,True
BN-436a,False,False,False,False,False,0.9541745781898499,37.87736892700195,21.39653205871582,-1,True
AJ-300b,False,False,False,False,False,0.983041524887085,98.86597442626953,1.6473565101623535,-1,True
EW-274c,False,False,False,False,False,0.8339921832084656,109.42298889160156,56.727989196777344,-1,True
EM-759b,False,False,False,False,False,0.9484434723854065,-114.04953002929688,0.544845700263977,-1,True
AJ-120h,False,False,False,False,False,2.2899270057678223,-183.9515380859375,0.9167591333389282,-1,False
NG-848e,False,True,False,True,False,0.373002827167511,-9.579730987548828,0.8162532448768616,-1,False
JS-570c,False,True,True,True,False,1.0997635126113892,-92.3001480102539,10.431151390075684,-1,True
LS-934a,False,False,False,False,False,1.0811307430267334,162.36776733398438,21.815628051757812,-1,True
EM-355b,False,False,False,False,False,0.8736449480056763,123.95684814453125,6.693588733673096,-1,True
XH-400c,True,True,True,True,False,1.1883068084716797,-113.07652282714844,24.854820251464844,-1,True
YK-715a,False,False,False,False,False,0.7055830955505371,452.7760009765625,28.956315994262695,-1,True
BN-901a,False,False,False,False,False,0.47336098551750183,85.75524139404297,0.0015054213581606746,-1,True
KQ-833g,False,False,False,False,False,2.036855697631836,-229.67881774902344,0.884820282459259,-1,False
AW-066d,False,False,False,False,False,1.4335527420043945,-44.441917419433594,21.167879104614258,-1,True
GK-996c,False,False,False,False,False,0.9791853427886963,-90.33992767333984,2.8878495693206787,-1,True
OY-793g,False,False,False,False,False,2.892396926879883,-192.25633239746094,1.7100952863693237,-1,False
NH-555d,False,False,False,False,False,0.98639976978302,116.36162567138672,45.13072204589844,-1,True
YK-715b,False,False,False,False,False,1.1910641193389893,140.38560485839844,36.369998931884766,-1,True
EM-398d,False,False,False,False,False,1.0862947702407837,-54.63029861450195,46.868778228759766,-1,True
MG-708d,False,False,False,False,False,0.9501190185546875,-70.57318115234375,18.855648040771484,-1,True
EM-355e,False,False,False,False,False,1.0047253370285034,-130.13841247558594,1.710749626159668,-1,True
AJ-120f,False,False,False,False,False,0.8087987899780273,-144.7711181640625,1.0108833312988281,-1,False
NG-114b,False,True,False,True,False,0.5445062518119812,35.6724853515625,1.0712792873382568,-1,True
EY-493a,False,False,False,False,False,0.4738052785396576,142.40650939941406,0.7929812669754028,-1,True
OE-073c,False,True,False,True,False,0.9649947285652161,-186.79144287109375,25.789424896240234,-1,True
AJ-300a,False,False,False,False,False,1.2865709066390991,218.63389587402344,26.275856018066406,-1,True
CG-021b,False,False,False,False,False,1.2986140251159668,415.5656433105469,0.07883979380130768,-1,True
NH-613a,False,False,False,False,False,0.436217337846756,205.21400451660156,0.03127386048436165,-1,True
DX-916a,False,False,False,False,False,0.6422041654586792,8.989012718200684,0.19274722039699554,-1,True
NH-613g,False,False,False,False,False,1.8309928178787231,-187.8622589111328,1.370717167854309,-1,False
KQ-833f,False,False,False,False,False,1.4689970016479492,-238.61329650878906,1.674644947052002,-1,False
GY-252f,False,False,False,False,False,0.7904635071754456,-130.5625,0.6224437952041626,-1,False
MG-708h,False,False,False,False,False,1.6769706010818481,-233.76600646972656,1.4714959859848022,-1,False
WR-681d,False,False,False,False,False,0.9517228603363037,-58.296142578125,33.14013671875,-1,True
SO-838g,False,True,False,True,False,1.3410112857818604,-155.05941772460938,0.9340209364891052,-1,False
AW-066b,False,False,False,False,False,0.8333321213722229,213.2606964111328,11.479040145874023,-1,True
CG-281b,False,False,False,False,False,0.9383876919746399,-42.72603225708008,0.5826090574264526,-1,True
NH-555g,False,False,False,False,False,2.0873467922210693,-100.9871597290039,0.7963994145393372,-1,False
EM-759d,False,False,False,False,False,0.8046275973320007,-138.2909698486328,1.2494240999221802,-1,False
EM-355f,False,False,False,False,False,0.847135066986084,-115.03350830078125,0.9277108311653137,-1,False
OY-793c,False,False,False,False,False,1.5239942073822021,-59.82957077026367,45.18330001831055,-1,True
AJ-120i,False,False,False,False,False,1.3590227365493774,-228.211181640625,1.9240214824676514,-1,False
LG-854a,False,False,False,False,False,1.2059990167617798,101.34248352050781,6.227488994598389,-1,True
CG-021a,False,False,False,False,False,1.0311998128890991,645.4288940429688,12.654582977294922,-1,True
AJ-300f,False,False,False,False,False,1.870564341545105,-163.54983520507812,1.749678611755371,-1,False
JS-309c,False,False,False,False,False,0.39979422092437744,29.1485538482666,0.18298140168190002,-1,True
WR-681g,False,False,False,False,False,1.2299484014511108,-189.37046813964844,0.5490376949310303,-1,False
EZ-566c,False,False,False,False,False,0.8712570071220398,-184.59507751464844,0.049580167979002,-1,True
KQ-833h,False,False,False,False,False,1.393241047859192,-237.6577911376953,1.1049551963806152,-1,False
NH-613d,False,False,False,False,False,0.8294655680656433,11.469132423400879,22.325279235839844,-1,True
XD-354b,True,True,True,True,False,0.4421630799770355,-5.460177421569824,0.4207964241504669,-1,True
EW-274b,False,False,False,False,False,0.75595623254776,125.46891784667969,2.0325264930725098,-1,True
EW-274e,False,False,False,False,False,0.599040687084198,-88.34219360351562,0.7553949952125549,-1,False
EW-274f,False,False,False,False,False,0.6670365333557129,-130.90689086914062,1.8208845853805542,-1,False
LG-854b,False,False,False,False,False,1.1982743740081787,24.842683792114258,7.938440322875977,-1,True
YK-715d,False,False,False,False,False,0.84791499376297,-14.827959060668945,10.079691886901855,-1,True
HV-512d,False,False,False,False,False,0.732556939125061,-96.64124298095703,7.947995185852051,-1,True
JS-570f,False,True,True,True,False,2.3894357681274414,-168.76658630371094,1.9800089597702026,-1,False
CG-021e,False,False,False,False,False,0.6143597364425659,-21.404644012451172,0.7645103931427002,-1,False
KQ-833i,False,False,False,False,False,0.35521721839904785,-258.9327697753906,0.023545848205685616,-1,True
UI-938b,False,False,False,False,False,0.622839629650116,-66.66966247558594,0.01063827145844698,-1,True
OS-057d,False,False,False,False,False,0.9952788949012756,-100.2874984741211,45.597999572753906,-1,True
UI-550g,False,False,False,False,False,1.3245749473571777,-200.89309692382812,0.9651010632514954,-1,False
NH-613f,False,False,False,False,False,1.0628734827041626,-153.60101318359375,0.9013492465019226,-1,False
LS-934d,False,False,False,False,False,1.5337580442428589,-203.76473999023438,77.01627349853516,-1,True
EW-274g,False,False,False,False,False,1.9021592140197754,-174.16734313964844,1.0054924488067627,-1,False
MG-708c,False,False,False,False,False,0.9389446377754211,-25.101289749145508,13.152338027954102,-1,True
OS-209h,False,False,False,False,False,1.1452282667160034,-201.6055450439453,1.162110447883606,-1,False
GY-252d,False,False,False,False,False,1.3444695472717285,-97.91381072998047,37.219329833984375,-1,True
YK-715e,False,False,False,False,False,1.3349699974060059,-134.76528930664062,22.399198532104492,-1,True
AJ-300d,False,False,False,False,False,0.5638238787651062,-98.92643737792969,2.2208445072174072,-1,True
CG-021f,False,False,False,False,False,1.530918836593628,-102.9715805053711,0.8584485650062561,-1,False
EY-493b,False,False,False,False,False,0.39064350724220276,-147.74954223632812,0.032567065209150314,-1,True
EY-303d,True,True,True,True,False,0.7943862080574036,-119.57662200927734,1.3578051328659058,-1,True
IY-206i,False,True,True,True,False,0.992066502571106,-237.31100463867188,0.7152652144432068,-1,False
UP-170e,False,True,False,True,False,1.2825700044631958,-208.29957580566406,0.6232823729515076,-1,True
FK-037a,False,False,False,False,False,0.8348978161811829,388.7294006347656,25.067611694335938,-1,True
EY-493c,False,False,False,False,False,0.8083029985427856,-153.23211669921875,21.860572814941406,-1,True
KQ-205a,False,False,False,False,False,0.8782758116722107,-137.74981689453125,0.18513283133506775,-1,True
HV-512g,False,False,False,False,False,1.478853702545166,-172.9625701904297,1.4225093126296997,-1,False
WR-681b,False,False,False,False,False,0.4274144470691681,73.36883544921875,0.03696904331445694,-1,True
EZ-566f,False,False,False,False,False,0.9650079607963562,-202.9704132080078,0.9187723994255066,-1,False
EW-274d,False,False,False,False,False,0.9792866110801697,-45.24492263793945,10.31648063659668,-1,True
OT-364c,False,True,False,True,False,0.7546195387840271,-4.905270576477051,0.03913075476884842,-1,True
SL-806a,False,False,False,False,False,1.0296419858932495,-89.26085662841797,5.798255443572998,-1,True
BN-436c,False,False,False,False,False,0.8323955535888672,-178.64422607421875,0.5049449801445007,-1,True
AJ-575a,False,False,False,False,False,0.7982615828514099,185.7911834716797,3.5736632347106934,-1,True
LG-854c,False,False,False,False,False,0.6086917519569397,-26.996070861816406,1.7043160200119019,-1,True
NH-555j,False,False,False,False,False,0.7275306582450867,-212.72341918945312,0.43307048082351685,-1,True
CG-021c,False,False,False,False,False,0.9436103105545044,244.28622436523438,1.6059235334396362,-1,True
LS-934f,False,False,False,False,False,1.6929435729980469,-237.45018005371094,0.9380938410758972,-1,False
KI-840a,False,False,False,False,False,0.3867420554161072,296.7283020019531,0.051422249525785446,-1,True
DX-916c,False,False,False,False,False,0.7217712998390198,-90.49905395507812,0.0008766819955781102,-1,True
KQ-205b,False,False,False,False,False,0.8411890268325806,-150.0675811767578,12.301264762878418,-1,True
AX-215f,False,False,False,False,False,0.7732699513435364,-137.64146423339844,0.9054352641105652,-1,False
BN-436d,False,False,False,False,False,0.2868049144744873,-203.23497009277344,0.00006457893323386088,-1,True
OS-057b,False,False,False,False,False,0.8938154578208923,8.740345001220703,3.204598903656006,-1,True
NH-613e,False,False,False,False,False,1.061693549156189,-111.52754974365234,37.568668365478516,-1,True
BN-516e,False,False,False,False,False,1.632761836051941,-230.98155212402344,2.7439730167388916,-1,True
CG-021d,False,False,False,False,False,1.0210368633270264,146.23101806640625,5.63619327545166,-1,True
BN-436g,False,False,False,False,False,1.7284152507781982,-220.04261779785156,0.6759114265441895,-1,False
WR-681f,False,False,False,False,False,2.120820999145508,-198.8062286376953,1.7688087224960327,-1,False
EZ-566e,False,False,False,False,False,1.605456829071045,-227.69851684570312,42.24843215942383,-1,True
UI-938c,False,False,False,False,False,0.8327030539512634,-104.77709197998047,3.1321754455566406,-1,True
UI-199b,False,False,False,False,False,0.8349405527114868,29.45954704284668,28.940990447998047,-1,True
UI-199a,False,False,False,False,False,0.8325352668762207,366.11541748046875,10.81058406829834,-1,True
UI-986d,False,False,False,False,False,1.09260094165802,-44.73711013793945,106.95680236816406,-1,True
UI-938e,False,False,False,False,False,0.7146905660629272,-209.2157440185547,0.10939149558544159,-1,True
SO-953a,True,True,False,False,False,0.7562140226364136,738.484375,2.7915263175964355,-1,True
LS-934e,False,False,False,False,False,1.700975775718689,-215.26661682128906,8.483816146850586,-1,True
UX-755g,False,False,False,False,False,1.5028672218322754,-150.504638671875,1.4806997776031494,-1,False
AW-726a,False,False,False,False,False,0.660117506980896,302.0163879394531,23.281322479248047,-1,True
OE-073a,False,False,False,False,False,0.25943124294281006,-127.93357849121094,0.0000018159130377171095,-1,True
EL-179d,False,False,False,False,False,1.2281382083892822,-128.11346435546875,209.75025939941406,-1,True
DX-916d,False,False,False,False,False,0.3751717209815979,-82.46532440185547,0.24514347314834595,-1,True
LG-854d,False,False,False,False,False,0.3195866048336029,-59.94514846801758,0.021215982735157013,-1,True
IA-158a,True,True,True,True,False,0.48420581221580505,-63.82311248779297,0.15236566960811615,-1,True
AX-215d,False,False,False,False,False,0.765997588634491,-6.165205001831055,4.010187149047852,-1,True
CG-021g,False,False,False,False,False,2.5040805339813232,-150.658447265625,1.0215542316436768,-1,False
SE-648e,False,False,False,False,False,2.420816421508789,-237.84388732910156,0.9304636120796204,-1,False
UX-617b,False,False,False,False,False,0.5815005302429199,-150.42059326171875,0.20762456953525543,-1,True
FK-037d,False,False,False,False,False,0.579285204410553,-50.3616943359375,12.651159286499023,-1,True
LG-854f,False,False,False,False,False,0.7274906635284424,-171.46319580078125,1.0080777406692505,-1,False
DX-916g,False,False,False,False,False,2.739439010620117,-206.3417510986328,1.9060643911361694,-1,False
KI-840b,False,False,False,False,False,0.44095513224601746,141.4725341796875,0.007620513904839754,-1,True
UX-674c,False,False,False,False,False,1.2213857173919678,-208.99522399902344,1.6220701932907104,-1,True
AW-726c,False,False,False,False,False,0.9939367175102234,-72.61097717285156,18.12889862060547,-1,True
AX-215i,False,False,False,False,False,1.2925735712051392,-198.16558837890625,1.3699641227722168,-1,False
OP-248b,False,False,False,False,False,1.1610181331634521,-17.005510330200195,6.1653008460998535,-1,True
UX-357f,False,False,False,False,False,1.0181113481521606,-137.13018798828125,1.5696216821670532,-1,False
OE-073b,False,False,False,False,False,0.9408873319625854,-181.23178100585938,0.7999905347824097,-1,True
LB-716d,False,True,False,True,False,0.6450552940368652,-136.196533203125,0.02565200813114643,-1,True
UX-617e,False,False,False,False,False,0.4460461437702179,-205.06216430664062,1.3433868885040283,-1,False
UI-491d,False,False,False,False,False,0.42243456840515137,-96.40703582763672,0.18903100490570068,-1,True
UX-674d,False,False,False,False,False,0.540260374546051,-174.57606506347656,1.8276044130325317,-1,False
HV-512c,False,False,False,False,False,0.7328758835792542,100.98768615722656,18.063180923461914,-1,True
BN-901b,False,False,False,False,False,0.8013215065002441,54.340232849121094,4.800551414489746,-1,True
AX-128b,False,False,False,False,False,0.9907139539718628,166.2817840576172,0.2459569126367569,-1,True
WC-702f,False,True,False,False,False,0.8814278841018677,-143.13038635253906,0.7420454025268555,-1,False
QR-119d,False,False,False,False,False,0.916042149066925,-217.5089874267578,1.5623819828033447,-1,True
HV-512f,False,False,False,False,False,0.549592137336731,-126.1695327758789,1.8820250034332275,-1,False
UI-491e,False,False,False,False,False,0.7761435508728027,-104.56920623779297,4.612706661224365,-1,True
WR-681e,False,False,False,False,False,0.9570274949073792,-168.1962432861328,0.6283283829689026,-1,False
EZ-566d,False,False,False,False,False,1.1371943950653076,-175.6068572998047,26.9060001373291,-1,True
XV-825a,False,False,False,False,False,0.5512784123420715,341.1213684082031,0.7110148668289185,-1,True
OE-073d,False,False,False,False,False,0.4216887652873993,-203.78802490234375,0.0002705771184992045,-1,True
LB-599f,False,True,True,False,False,2.1534476280212402,-213.2467498779297,0.6422665119171143,-1,False
QQ-082c,False,False,False,False,False,0.8227393627166748,-73.59902954101562,0.27333971858024597,-1,True
XV-374c,False,False,False,False,False,0.5664747357368469,-10.969868659973145,0.28326743841171265,-1,True
XV-825b,False,False,False,False,False,0.80005943775177,153.12933349609375,1.0236948728561401,-1,True
OP-248c,False,False,False,False,False,0.8161472678184509,1.2906118631362915,24.031829833984375,-1,True
KW-689j,False,True,True,False,False,0.8618808388710022,-245.4038543701172,4.6598896980285645,-1,True
NH-613c,False,False,False,False,False,0.7245312333106995,25.235599517822266,15.80041790008545,-1,True
CH-771b,True,True,True,True,True,0.4966021180152893,-38.386253356933594,1.7672861814498901,-1,True
MG-708f,False,False,False,False,False,2.2572786808013916,-195.8193359375,1.672823190689087,-1,False
OP-248a,False,False,False,False,False,0.9696129560470581,177.80624389648438,5.233494281768799,-1,True
NH-613b,False,False,False,False,False,0.4250102937221527,95.25452423095703,0.07481981813907623,-1,True
EZ-566g,False,False,False,False,False,2.00455904006958,-232.33909606933594,0.8918334245681763,-1,False
OS-209d,False,False,False,False,False,1.1205295324325562,-121.19409942626953,41.476966857910156,-1,True
OS-057c,False,False,False,False,False,1.282170057296753,-37.75926208496094,4.586405277252197,-1,True
XV-374a,False,False,False,False,False,0.530775785446167,209.1363067626953,0.0001659115223446861,-1,True
XV-825e,False,False,False,False,False,1.1341606378555298,-57.59250259399414,14.990165710449219,-1,True
OS-209e,False,False,False,False,False,0.6233096122741699,-114.57064819335938,1.7892155647277832,-1,False
QQ-082d,False,False,False,False,False,1.379151463508606,-107.47583770751953,17.202369689941406,-1,True
WB-947c,False,False,False,False,False,1.2547861337661743,-175.74862670898438,2.137340784072876,-1,True
MG-708b,False,False,False,False,False,1.0283772945404053,159.85360717773438,16.470022201538086,-1,True
QR-119f,False,False,False,False,False,1.8707218170166016,-218.34152221679688,0.6780087947845459,-1,False
GH-209a,False,True,False,True,False,0.7836534380912781,208.93728637695312,1.2707736492156982,-1,True
XD-005a,True,True,True,True,False,0.6991001963615417,200.2909393310547,2.134556770324707,-1,True
OS-189a,False,False,False,False,False,1.2259116172790527,410.23187255859375,5.812948226928711,-1,True
TD-203e,False,True,False,True,False,0.6902170777320862,-147.2852325439453,7.03784704208374,-1,True
SL-620c,True,True,True,True,False,1.0653148889541626,-14.281591415405273,0.9575225114822388,-1,True
AS-479a,False,False,False,False,False,0.6947779655456543,-132.01361083984375,0.021154550835490227,-1,True
OS-189b,False,False,False,False,False,1.320915699005127,56.791893005371094,69.68917083740234,-1,True
VB-340d,False,False,False,False,False,0.7277377247810364,-116.71774291992188,1.7029125690460205,-1,False
EY-363c,False,False,False,False,False,1.1510987281799316,-199.5778045654297,1.043700933456421,-1,True
FK-037e,False,False,False,False,False,0.514991044998169,-146.74061584472656,1.4356634616851807,-1,False
LG-854e,False,False,False,False,False,1.6264805793762207,-101.63243103027344,3.9758784770965576,-1,True
WB-947f,False,False,False,False,False,0.7679761052131653,-226.27728271484375,1.3370753526687622,-1,False
VB-292d,False,False,False,False,False,1.416549563407898,-54.3838996887207,32.529056549072266,-1,True
JS-309d,False,False,False,False,False,1.363765001296997,-23.50701141357422,109.43026733398438,-1,True
AX-215a,False,False,False,False,False,0.9132944941520691,351.44049072265625,14.90755844116211,-1,True
EY-358b,False,False,False,False,False,0.8391799926757812,-182.0068817138672,0.33721789717674255,-1,True
QQ-786b,False,True,False,False,False,0.8574408292770386,54.57283020019531,2.437551736831665,-1,True
IV-942a,False,False,False,False,False,0.8637691736221313,142.0055389404297,2.082045555114746,-1,True
GC-025d,False,False,True,False,True,1.2899936437606812,-119.08106994628906,0.1864841729402542,-1,True
AJ-575b,False,False,False,False,False,0.24037902057170868,2.579885244369507,0.03127913549542427,-1,True
LG-854g,False,False,False,False,False,1.2260457277297974,-179.19650268554688,0.716084361076355,-1,False
EL-179f,False,False,False,False,False,1.3937305212020874,-185.65431213378906,1.0245392322540283,-1,False
UX-974a,False,False,False,False,False,0.5309946537017822,114.03345489501953,2.2867681980133057,-1,True
UX-755b,False,False,False,False,False,1.172046422958374,256.26861572265625,1.5427018404006958,-1,True
UX-974f,False,False,False,False,False,0.7465870380401611,-127.75895690917969,0.7874653935432434,-1,False
GM-212c,False,False,False,False,False,0.8964117765426636,10.794004440307617,2.613499879837036,-1,True
AX-908b,False,False,False,False,False,0.5629444718360901,-14.400012969970703,1.1994675397872925,-1,True
QQ-082e,False,False,False,False,False,0.8124516606330872,-145.289794921875,1.5820585489273071,-1,False
XV-825f,False,False,False,False,False,0.5958408713340759,-81.00099182128906,1.3547512292861938,-1,False
OP-248d,False,False,False,False,False,1.2924014329910278,-98.17706298828125,72.15437316894531,-1,True
QJ-684d,False,True,True,True,False,1.0636852979660034,-99.26318359375,127.82682037353516,-1,True
GM-844e,False,False,False,False,False,0.3024534285068512,-73.05432891845703,0.00007408153760479763,-1,True
AX-215e,False,False,False,False,False,1.1666769981384277,-112.8277587890625,6.948326587677002,-1,True
IV-102a,False,False,False,False,False,0.8749575018882751,-155.89308166503906,0.07276807725429535,-1,True
ZK-768b,False,False,True,True,False,1.3820480108261108,68.08759307861328,4.085816383361816,-1,True
UX-674g,False,False,False,False,False,2.453251838684082,-218.04246520996094,1.9547626972198486,-1,False
AJ-505b,False,False,False,False,False,0.9887256026268005,-175.56820678710938,10.365239143371582,-1,True
WB-675a,False,False,False,False,False,0.44198933243751526,185.2362823486328,0.001063864678144455,-1,True
RV-276f,False,False,False,False,False,2.4083046913146973,-203.3794708251953,1.1265093088150024,-1,False
JS-309a,False,False,False,False,False,1.1503866910934448,208.9569091796875,15.928349494934082,-1,True
IY-964b,False,False,False,False,False,0.8536868691444397,27.458213806152344,11.64174747467041,-1,True
NH-613h,False,False,False,False,False,1.6859387159347534,-177.36090087890625,1.958250641822815,-1,False
UX-357h,False,False,False,False,False,2.5994975566864014,-203.2286376953125,1.4208723306655884,-1,False
AJ-575c,False,False,False,False,False,0.8720071911811829,-72.75550842285156,0.5334322452545166,-1,True
NG-246f,False,False,False,False,False,0.8730635643005371,-207.44775390625,1.28862464427948,-1,False
OS-189d,False,False,False,False,False,1.2471644878387451,-198.97256469726562,1.5620535612106323,-1,False
IV-942d,False,False,False,False,False,1.7728255987167358,-209.2869110107422,0.5221574902534485,-1,False
EY-358c,False,False,False,False,False,0.7540425062179565,-196.1752471923828,0.08262714743614197,-1,True
GC-032b,False,False,False,False,False,1.5086241960525513,301.4586181640625,14.853019714355469,-1,True
YK-005d,True,True,True,True,False,1.0886638164520264,-141.14016723632812,1.1467320919036865,-1,True
GC-645d,False,False,False,False,False,1.1665586233139038,-160.2869873046875,0.0015835447702556849,-1,True
UX-674e,False,False,False,False,False,0.7386769652366638,-182.1895294189453,1.3011735677719116,-1,False
WB-675g,False,False,False,False,False,2.056121826171875,-169.32716369628906,0.9146337509155273,-1,False
SO-953c,False,False,False,False,False,0.3632640540599823,222.69622802734375,0.18096238374710083,-1,True
SO-953g,False,False,False,False,False,2.2894082069396973,-138.76113891601562,1.8525158166885376,-1,False
GC-645a,True,False,False,False,False,0.8973373174667358,377.5614929199219,0.503650963306427,-1,True
AX-128c,False,False,False,False,False,1.0441100597381592,-105.31803894042969,9.477763175964355,-1,True
UX-974b,False,False,False,False,False,0.415534645318985,96.70858764648438,0.12989622354507446,-1,True
YK-590c,False,True,False,False,False,0.5498576760292053,-71.41573333740234,0.054741621017456055,-1,True
JS-570e,False,True,True,True,True,0.9225240349769592,-150.65814208984375,1.3231178522109985,-1,False
EY-363e,False,False,False,False,False,0.6991963982582092,-194.21397399902344,1.1690735816955566,-1,False
GM-844b,False,False,False,False,False,0.6804225444793701,79.7546157836914,0.6699599623680115,-1,True
UX-755f,False,False,False,False,False,0.75154048204422,-120.44762420654297,1.6124883890151978,-1,False
IV-942b,False,False,False,False,False,1.2840077877044678,-17.298931121826172,39.08039855957031,-1,True
AX-558e,False,False,False,False,False,0.6926669478416443,-133.29568481445312,0.5973440408706665,-1,False
UX-974c,False,False,False,False,False,1.0308912992477417,-61.673561096191406,0.07864274084568024,-1,True
LS-300a,False,False,False,False,False,0.9925147891044617,383.77655029296875,11.741519927978516,-1,True
UX-674a,False,False,False,False,False,0.7648641467094421,-139.59059143066406,4.464164733886719,-1,True
WB-675b,False,False,False,False,False,1.4655704498291016,195.21627807617188,40.62464141845703,-1,True
SO-953h,False,False,False,False,False,2.589566230773926,-161.34068298339844,1.6071498394012451,-1,False
GC-645g,False,False,False,False,False,1.909608006477356,-213.3281707763672,1.514217734336853,-1,False
LS-746c,False,False,False,False,False,1.0274442434310913,-144.89146423339844,26.47591781616211,-1,True
IY-964c,False,False,False,False,False,1.5140795707702637,-3.449193000793457,148.06240844726562,-1,True
SO-953j,False,False,False,False,False,0.9894476532936096,-196.97341918945312,16.038923263549805,-1,True
KC-544e,False,False,False,False,False,1.0720716714859009,-159.87351989746094,25.523984909057617,-1,True
WB-947d,False,False,False,False,False,1.0917648077011108,-201.54147338867188,11.120187759399414,-1,True
KI-840e,False,False,False,False,False,0.7256655097007751,-93.8096694946289,12.649452209472656,-1,True
XS-305a,True,False,False,False,False,1.1416025161743164,7.870031356811523,4.266632080078125,-1,True
SO-953e,False,False,False,False,False,1.5515378713607788,-25.129404067993164,250.93104553222656,-1,True
AW-284a,False,False,False,False,False,0.38453730940818787,119.9723129272461,0.157409206032753,-1,True
IV-942c,False,False,False,False,False,0.8790323734283447,-192.58384704589844,0.8284782767295837,-1,True
XU-210c,False,False,False,False,False,0.6852201819419861,149.57522583007812,1.2809172868728638,-1,True
SO-953b,False,False,False,False,False,0.8255805969238281,415.0383605957031,8.958333015441895,-1,True
SO-953d,False,False,False,False,False,0.9341278672218323,71.11820220947266,56.902374267578125,-1,True
MG-630i,True,True,True,False,False,1.2017003297805786,-205.42919921875,0.5106871128082275,-1,False
XU-499b,False,False,False,False,False,0.7472898364067078,-0.2756117284297943,3.7370617389678955,-1,True
OT-580a,True,True,True,True,False,0.629159688949585,454.88739013671875,2.581491231918335,-1,True
SE-751b,False,True,True,True,False,0.9477683305740356,-219.23965454101562,1.8223716020584106,-1,True
SO-953i,False,False,False,False,False,0.9167705774307251,-189.52374267578125,0.6483961343765259,-1,False
JS-309b,False,False,False,False,False,1.149122953414917,99.41883087158203,38.37187957763672,-1,True
XU-210i,False,False,False,False,False,1.086768388748169,-181.90475463867188,1.4330108165740967,-1,False
NJ-438a,False,False,False,False,False,0.732300877571106,94.68113708496094,6.831918239593506,-1,True
AX-908c,False,False,False,False,False,1.0421127080917358,-107.8591079711914,7.047842979431152,-1,True
BN-901c,False,False,False,False,False,0.6621841192245483,-42.238155364990234,0.024416541680693626,-1,True
EZ-476b,True,True,True,True,False,0.5156788229942322,72.70613861083984,1.3821773529052734,-1,True
NL-983e,False,False,False,False,False,0.8120962381362915,-157.4542236328125,1.3272193670272827,-1,True
KI-840d,False,True,False,False,False,1.0982224941253662,-22.17818260192871,3.247086524963379,-1,True
KI-840f,False,False,False,False,False,1.0782355070114136,-134.58447265625,30.131101608276367,-1,True
EZ-476a,False,False,False,False,False,0.8219533562660217,195.47520446777344,0.5602756142616272,-1,True
LS-746e,False,False,False,False,False,0.894546389579773,-206.5819091796875,63.63853454589844,-1,True
XV-374j,False,False,False,False,False,0.6259964108467102,-239.07553100585938,5.468440532684326,-1,True
OP-248e,False,False,False,False,False,0.8322636485099792,-123.80460357666016,1.3180371522903442,-1,False
WB-675f,False,False,False,False,False,0.9547284841537476,-129.42437744140625,0.5429131388664246,-1,False
LS-746h,False,False,False,False,False,1.9175775051116943,-211.915771484375,0.6616901159286499,-1,False
JS-309e,False,False,False,False,False,1.2577224969863892,-102.93351745605469,12.614927291870117,-1,True
UX-974e,False,False,False,False,False,0.4823586344718933,-112.5405044555664,3.417595624923706,-1,True
AJ-575d,False,False,False,False,False,0.4536569118499756,-112.83837890625,1.9826679229736328,-1,False
XU-499f,False,False,False,False,False,2.250025987625122,-163.9161376953125,0.8223385214805603,-1,False
AS-479g,False,False,False,False,False,1.5566304922103882,-216.0983428955078,0.8296859860420227,-1,False
VB-576c,False,False,False,False,False,0.9315084218978882,-169.60186767578125,7.529489517211914,-1,True
VB-340c,False,False,False,False,False,1.2170236110687256,-121.05842590332031,31.93132781982422,-1,True
WB-675h,False,False,False,False,False,2.22111439704895,-181.30123901367188,1.955926775932312,-1,False
IC-259d,False,False,False,False,False,0.6890917420387268,-195.00186157226562,2.1712121963500977,-1,True
DX-853g,False,False,False,False,False,2.2957072257995605,-227.53736877441406,1.5168333053588867,-1,False
XU-210e,False,False,False,False,False,1.6831597089767456,-36.72947311401367,141.7703399658203,-1,True
XV-825h,False,False,False,False,False,2.4487040042877197,-178.64181518554688,1.611352801322937,-1,False
VB-292b,False,False,False,False,False,0.21738632023334503,304.5163879394531,0.0006123068160377443,-1,True
UX-674f,False,False,False,False,False,2.311948776245117,-242.4167022705078,1.4460973739624023,-1,False
EL-179i,False,False,False,False,False,0.6032770276069641,-245.1020965576172,0.018042607232928276,-1,True
OS-209a,False,False,False,False,False,0.7640717625617981,239.2535400390625,0.6331703066825867,-1,True
MG-708e,False,False,False,False,False,0.9173385500907898,-132.63023376464844,1.1092976331710815,-1,False
QF-804a,False,False,False,False,False,0.9587976336479187,-152.0240020751953,0.1950908899307251,-1,True
QF-755b,False,False,False,False,False,0.752984344959259,-161.6897735595703,0.10999733209609985,-1,True
AJ-575f,False,False,False,False,False,2.765195608139038,-177.74598693847656,1.1142746210098267,-1,False
UX-357b,False,False,False,False,False,0.236896812915802,137.7801971435547,0.0002525455493014306,-1,True
EZ-476e,True,False,False,False,False,0.63008713722229,-82.30989074707031,12.197810173034668,-1,True
UX-617c,False,False,False,False,False,0.7021232843399048,-163.79783630371094,1.6761583089828491,-1,True
CH-771c,False,False,False,False,False,1.1136565208435059,-111.44170379638672,1.758060336112976,-1,True
IY-964a,False,False,False,False,False,1.31544828414917,351.6249084472656,94.02680969238281,-1,True
NJ-438b,False,False,False,False,False,1.1113826036453247,103.94931030273438,121.36705780029297,-1,True
NL-983b,False,False,False,False,False,0.7414750456809998,90.30622100830078,0.22315073013305664,-1,True
EZ-476d,True,False,True,False,False,1.1397340297698975,-62.10505294799805,5.889924049377441,-1,True
LS-746d,False,False,False,False,False,1.213590383529663,-204.6087646484375,8.006083488464355,-1,True
OS-209c,False,False,False,False,False,0.8931701183319092,-37.06201934814453,8.016870498657227,-1,True
AS-479d,False,False,False,False,False,0.63946932554245,-186.36151123046875,0.854938805103302,-1,True
AW-284e,False,False,False,False,False,0.6819297075271606,-175.6319580078125,1.9273792505264282,-1,False
XV-825i,False,False,False,False,False,0.9981495141983032,-213.720458984375,1.5162004232406616,-1,False
MG-708g,False,False,False,False,False,1.9899643659591675,-225.29835510253906,0.8765282034873962,-1,False
IY-964d,False,False,False,False,False,0.6318907737731934,-57.79103469848633,0.8515030145645142,-1,False
WB-675e,False,False,False,False,False,1.398528814315796,-131.96006774902344,0.904400110244751,-1,True
SO-953f,False,False,False,False,False,0.6833118200302124,-85.60548400878906,1.021798849105835,-1,False
VB-576g,False,False,False,False,False,2.3058505058288574,-202.89144897460938,1.7485487461090088,-1,False
UX-974d,False,False,False,False,False,1.020452618598938,-90.3222427368164,59.397361755371094,-1,True
EL-179h,False,False,False,False,False,1.0494741201400757,-204.09666442871094,1.8216681480407715,-1,False
WC-702i,False,False,False,False,False,1.3695807456970215,-224.97183227539062,1.9833874702453613,-1,False
CH-115e,True,True,False,True,False,2.1347618103027344,-203.60977172851562,1.710006833076477,-1,False
BN-901e,False,False,False,False,False,1.0515868663787842,-162.1655731201172,0.16513442993164062,-1,True
KI-840g,False,False,False,False,False,2.0730650424957275,-191.72207641601562,0.5684809684753418,-1,False
NJ-874a,False,False,False,False,False,0.9409468770027161,258.4954528808594,0.5617277026176453,-1,True
WB-947i,False,True,False,False,False,1.5083000659942627,-220.5667266845703,1.3335237503051758,-1,False
QV-164f,False,False,False,False,False,0.7436560988426208,-203.38682556152344,0.9935567378997803,-1,False
NL-983a,False,False,False,False,False,0.625529408454895,106.90179443359375,0.5583530068397522,-1,True
GC-645c,False,False,False,False,False,0.3811551630496979,-113.37374877929688,0.10687007009983063,-1,True
XV-825g,False,False,False,False,False,2.410782814025879,-157.97406005859375,1.0870285034179688,-1,False
IY-964e,False,False,False,False,False,1.6708256006240845,-174.0854949951172,0.8708729147911072,-1,False
QR-646a,False,False,False,False,False,0.7613400816917419,733.4620361328125,18.1363582611084,-1,True
QQ-082f,False,False,False,False,False,2.334850788116455,-168.59124755859375,1.014971375465393,-1,False
XV-374b,False,False,False,False,False,0.6365193724632263,88.90985870361328,3.036284923553467,-1,True
NL-983d,False,False,False,False,False,0.8616639971733093,-92.25934600830078,15.083301544189453,-1,True
QR-646h,False,False,False,False,False,2.9826200008392334,-164.68292236328125,0.7866460680961609,-1,False
VB-576b,False,False,False,False,False,0.784597635269165,-67.84441375732422,23.418079376220703,-1,True
NJ-438g,False,False,False,False,False,1.4601444005966187,-210.42926025390625,0.5892040729522705,-1,False
VB-340b,False,False,False,False,False,0.3623473644256592,-35.23125076293945,1.0889308452606201,-1,False
XV-857c,False,False,False,False,False,1.3287330865859985,-10.492990493774414,17.29709243774414,-1,True
IZ-054a,False,False,False,False,False,0.8924974799156189,101.98468780517578,1.856196641921997,-1,True
VB-576d,False,False,False,False,False,0.9049005508422852,-194.8914337158203,0.26247936487197876,-1,True
XV-374e,False,False,False,False,False,1.6733413934707642,-105.41981506347656,3.731771230697632,-1,True
AW-284b,False,False,False,False,False,0.968786895275116,13.812713623046875,2.504611015319824,-1,True
AS-479b,False,False,False,False,False,0.7569326758384705,-4.609854221343994,15.527682304382324,-1,True
YW-338e,True,True,True,True,False,0.722280740737915,-114.67342376708984,0.6055657267570496,-1,False
XV-825j,False,False,False,False,False,1.0797653198242188,-231.4871063232422,5.338648319244385,-1,True
AS-479f,False,False,False,False,False,0.596314549446106,-183.97857666015625,1.547574520111084,-1,False
NJ-874b,False,False,False,False,False,0.19916222989559174,88.45870208740234,0.06442185491323471,-1,True
IV-738d,False,False,False,False,False,1.1892040967941284,-155.720947265625,0.003805542830377817,-1,True
VB-292f,False,False,False,False,False,1.8505353927612305,-142.41734313964844,1.0888946056365967,-1,False
QV-164b,False,False,False,False,False,0.3711962401866913,-158.55091857910156,0.004791637882590294,-1,True
QR-646d,False,False,False,False,False,1.380638599395752,93.33212280273438,1.2166255712509155,-1,True
NJ-438f,False,False,False,False,False,0.946258008480072,-166.68223571777344,1.5779975652694702,-1,False
QR-646i,False,False,False,False,False,0.9814826250076294,-204.5799560546875,1.8757156133651733,-1,False
GC-474a,False,False,False,False,False,1.3978034257888794,-54.32691192626953,142.4355926513672,-1,True
OS-209f,False,False,False,False,False,1.8530383110046387,-163.96527099609375,0.7977011203765869,-1,False
AJ-575e,False,False,False,False,False,1.9799422025680542,-142.62098693847656,1.5177267789840698,-1,False
YA-471e,False,True,True,True,False,0.912135660648346,-214.0576171875,0.6767550110816956,-1,False
OT-115d,True,True,True,True,False,0.6185696125030518,-207.44610595703125,1.1089645624160767,-1,False
XU-210g,False,False,False,False,False,2.425492525100708,-126.63899993896484,1.570106863975525,-1,False
AM-783d,True,True,True,True,False,0.33456963300704956,-86.9462890625,0.0027194891590625048,-1,True
AW-284c,False,False,False,False,False,1.4503564834594727,-41.19267654418945,66.7568588256836,-1,True
NL-983c,False,False,False,False,False,1.2606379985809326,34.05515670776367,12.198271751403809,-1,True
AX-908d,False,False,False,False,False,0.7901114225387573,-148.19105529785156,0.5994945764541626,-1,False
XU-210a,False,False,False,False,False,0.29076215624809265,752.3314208984375,0.10574689507484436,-1,True
XU-499e,False,False,False,False,False,0.5730036497116089,-159.4056854248047,1.1425390243530273,-1,False
AX-908a,False,False,False,False,False,0.9580072164535522,-16.387758255004883,5.1675333976745605,-1,True
XV-374i,False,False,False,False,False,1.2691195011138916,-225.28135681152344,1.2935799360275269,-1,False
XD-055a,False,True,False,False,False,0.21911108493804932,69.55609893798828,0.025234421715140343,-1,True
RC-639c,False,False,False,False,False,0.8312798738479614,-185.80526733398438,2.605114698410034,-1,True
EY-363d,False,False,False,False,False,0.8146249651908875,-200.06265258789062,1.9919686317443848,-1,True
QF-564f,False,False,False,False,False,2.0218262672424316,-225.58343505859375,1.0989971160888672,-1,False
LS-746f,False,False,False,False,False,0.789652407169342,-186.43746948242188,0.8521633148193359,-1,False
OF-363b,True,True,True,True,False,1.2625588178634644,-95.59607696533203,1.9261441230773926,-1,True
DX-853a,False,False,False,False,False,0.6598570346832275,-106.13494110107422,0.6799810528755188,-1,True
XV-374d,False,False,False,False,False,1.332625389099121,-30.20413589477539,0.6040126085281372,-1,True
EY-363a,False,False,False,False,False,0.80832439661026,80.11707305908203,5.038254737854004,-1,True
VH-331b,True,True,True,True,False,0.920630931854248,-132.42739868164062,20.757274627685547,-1,True
AW-726b,False,False,False,False,False,1.1278010606765747,-47.06998062133789,12.550999641418457,-1,True
QF-899a,False,False,False,False,False,1.0233564376831055,188.04930114746094,9.136059761047363,-1,True
XU-210d,False,False,False,False,False,1.194864273071289,45.7048454284668,4.563806056976318,-1,True
QF-757c,False,False,False,False,False,1.1261943578720093,-36.38811492919922,12.956388473510742,-1,True
AW-284g,False,False,False,False,False,1.903646469116211,-188.36911010742188,1.3086787462234497,-1,False
NJ-874c,False,False,False,False,False,1.0127259492874146,-100.45077514648438,1.0103998184204102,-1,True
GH-827c,False,True,False,True,False,0.5150626301765442,31.656938552856445,0.01654672808945179,-1,True
EL-768e,False,False,False,False,False,0.8856602907180786,8.297989845275879,5.154287815093994,-1,True
EL-768a,False,False,False,False,False,0.773209810256958,787.3977661132812,5.015763282775879,-1,True
AW-726e,False,False,False,False,False,2.281953811645508,-140.97804260253906,1.3676533699035645,-1,False
IY-206d,False,False,False,False,False,0.25919756293296814,-170.1951904296875,0.01190389133989811,-1,True
BN-901d,False,False,False,False,False,0.466829389333725,-118.88575744628906,0.011443640105426311,-1,True
QF-564b,False,False,False,False,False,0.9919151663780212,-182.02435302734375,0.8884198069572449,-1,True
QR-119c,False,False,False,False,False,0.9507208466529846,-135.95755004882812,8.67031192779541,-1,True
IC-259b,False,False,False,False,False,0.8640196919441223,-169.68177795410156,0.20646068453788757,-1,True
XU-499g,False,False,False,False,False,2.088738441467285,-213.73611450195312,1.1696908473968506,-1,False
DX-853d,False,False,False,False,False,1.2747442722320557,-218.1362762451172,4.768270969390869,-1,True
EM-789a,False,False,False,False,False,0.7611484527587891,-141.2653350830078,0.9636565446853638,-1,True
QF-899d,False,False,False,False,False,1.0178269147872925,-47.94319534301758,6.34417724609375,-1,True
XU-210j,False,False,False,False,False,1.205981969833374,-219.5353546142578,34.75354766845703,-1,True
OE-563j,False,False,False,False,False,0.9354663491249084,-258.9505310058594,21.27881622314453,-1,True
XU-499d,False,False,False,False,False,1.132354497909546,-105.73272705078125,134.54319763183594,-1,True
XU-210b,False,False,False,False,False,0.6193892359733582,401.8154296875,11.7714204788208,-1,True
UX-617a,False,False,False,False,False,0.8817407488822937,-115.77999114990234,6.995169162750244,-1,True
XU-499h,False,False,False,False,False,0.9989371299743652,-224.7455596923828,1.863075613975525,-1,False
NL-983f,False,False,False,False,False,0.6018935441970825,-135.3490753173828,1.338244080543518,-1,False
XV-374h,False,False,False,False,False,2.235522985458374,-209.1917724609375,1.4689936637878418,-1,False
VH-192a,False,True,True,True,False,0.6882851719856262,443.8398132324219,1.5082049369812012,-1,True
NJ-438e,False,False,False,False,False,1.0187064409255981,-139.38238525390625,0.20048701763153076,-1,True
NJ-874e,False,False,False,False,False,0.7117916345596313,-145.64178466796875,1.0300873517990112,-1,False
TD-260c,True,True,True,True,False,0.7839553952217102,-24.551259994506836,0.43815797567367554,-1,True
SG-928g,False,False,False,False,False,2.3903729915618896,-197.46990966796875,1.965259313583374,-1,False
QF-757d,False,False,False,False,False,1.4870848655700684,-144.53221130371094,6.026392459869385,-1,True
SG-135b,False,False,False,False,False,0.7944124341011047,125.71047973632812,0.3488384485244751,-1,True
XU-210h,False,False,False,False,False,2.2724077701568604,-179.4897918701172,1.2816306352615356,-1,False
AS-479c,False,False,False,False,False,0.9285761713981628,-110.56758117675781,5.014330863952637,-1,True
VB-576a,False,False,False,False,False,0.8090682029724121,103.02159881591797,18.416301727294922,-1,True
VH-331d,True,True,True,True,False,0.5871866345405579,-192.2084197998047,1.4501879215240479,-1,True
QR-166b,False,False,False,False,False,0.8596304655075073,-143.91213989257812,18.920196533203125,-1,True
XV-374f,False,False,False,False,False,0.7340646982192993,-140.9088897705078,1.408353328704834,-1,False
NJ-438c,False,False,False,False,False,0.9790460467338562,-33.19022750854492,0.8474704623222351,-1,True
NL-983g,False,False,False,False,False,1.966869592666626,-174.8614044189453,1.4606420993804932,-1,False
VB-576e,False,False,False,False,False,0.8311848640441895,-219.45472717285156,0.0009211806464008987,-1,True
VB-340f,False,False,False,False,False,2.75284743309021,-196.9080352783203,1.689853310585022,-1,False
CG-044d,False,True,True,True,False,1.8492695093154907,-197.93919372558594,1.235633373260498,-1,False
DC-970c,True,True,True,True,False,0.7224008440971375,5.576606273651123,0.4870622158050537,-1,True
QR-646f,False,False,False,False,False,0.8498992919921875,-55.738101959228516,0.9379011988639832,-1,False
NJ-874f,False,False,False,False,False,1.72640061378479,-193.29502868652344,0.8648600578308105,-1,False
IV-738c,False,False,False,False,False,0.9058513045310974,-183.20497131347656,8.81308650970459,-1,True
QV-164d,False,False,False,False,False,1.1349104642868042,-150.8015594482422,38.17070388793945,-1,True
GY-252e,False,True,False,True,False,1.5488402843475342,-151.70513916015625,57.917015075683594,-1,True
QR-166c,False,False,False,False,False,0.7305431962013245,-169.6199951171875,15.464517593383789,-1,True
IV-738e,False,False,False,False,False,0.648277997970581,-216.3407440185547,0.2638237476348877,-1,True
LS-934b,True,True,True,True,False,1.0698833465576172,-126.41371154785156,11.915731430053711,-1,True
UQ-194b,False,False,False,False,False,0.42455196380615234,-173.29708862304688,0.20193712413311005,-1,True
AW-726d,False,False,False,False,False,0.7528243064880371,-125.52076721191406,1.377658486366272,-1,False
NJ-874d,False,False,False,False,False,0.8998452425003052,-142.7854461669922,35.4648551940918,-1,True
XU-210f,False,False,False,False,False,0.6549642086029053,-103.58602142333984,1.259323000907898,-1,False
LS-231c,True,True,True,True,False,0.9319096207618713,64.6236343383789,3.5734386444091797,-1,True
QR-646g,False,False,False,False,False,2.391326904296875,-148.89968872070312,0.5372925996780396,-1,False
QR-119b,False,False,False,False,False,0.8119978308677673,-158.74513244628906,5.6918487548828125,-1,True
VB-292c,False,False,False,False,False,1.177479863166809,49.263427734375,40.98701477050781,-1,True
VB-292e,False,False,False,False,False,0.8458284735679626,-109.04753112792969,0.9815191626548767,-1,False
IZ-911c,True,True,True,False,False,0.8383084535598755,-66.49571990966797,19.366235733032227,-1,True
NJ-438d,False,False,False,False,False,0.43641728162765503,-37.97350311279297,0.3779299855232239,-1,True
YK-005b,False,False,False,False,False,1.2906485795974731,101.22508239746094,26.713054656982422,-1,True
QF-804d,False,False,False,False,False,1.4263020753860474,-194.06515502929688,0.8744437098503113,-1,False
XU-499c,False,False,False,False,False,0.5333229303359985,-45.97132873535156,0.42493730783462524,-1,True
DX-853b,False,False,False,False,False,0.3890558183193207,-161.4678497314453,0.05715508013963699,-1,True
IC-259c,False,False,False,False,False,0.791695237159729,-86.07286834716797,27.47153091430664,-1,True
BN-901f,False,False,False,False,False,0.6440078616142273,-126.21401977539062,0.507899820804596,-1,False
QF-755d,False,False,False,False,False,1.6434895992279053,-179.41555786132812,14.245779991149902,-1,True
XU-499a,False,False,False,False,False,0.39661669731140137,265.86669921875,0.15503138303756714,-1,True
QF-804b,False,False,False,False,False,1.347093939781189,-220.093505859375,8.20750617980957,-1,True
EY-363b,False,False,False,False,False,1.1659677028656006,-150.63304138183594,0.006236583925783634,-1,True
QF-899f,False,False,False,False,False,1.9851242303848267,-178.3499298095703,1.8899332284927368,-1,False
QF-757f,False,False,False,False,False,2.0046603679656982,-139.34312438964844,0.9354501366615295,-1,False
XU-499i,False,False,False,False,False,1.623109221458435,-233.43560791015625,204.36007690429688,-1,True
QF-564d,False,False,False,False,False,0.3132582902908325,-180.39349365234375,0.0113737927749753,-1,True
NG-164d,False,True,False,True,False,0.48875343799591064,-58.59604263305664,0.05592837929725647,-1,True
XU-753b,False,False,False,False,False,0.8329088687896729,-25.82089614868164,8.626127243041992,-1,True
EY-358d,False,False,False,False,False,0.9100905656814575,-211.16293334960938,43.7535285949707,-1,True
XU-100a,False,False,False,False,False,0.7262364625930786,-135.02560424804688,0.0031557241454720497,-1,True
GM-212f,False,False,False,False,False,1.6964905261993408,-167.32089233398438,1.1961883306503296,-1,False
QF-757i,False,False,False,False,False,0.7535427808761597,-240.01217651367188,0.5114653706550598,-1,True
UX-617f,False,False,False,False,False,0.7869974970817566,-213.5843048095703,1.943573236465454,-1,False
UX-617g,False,False,False,False,False,1.7548000812530518,-199.48281860351562,0.557899534702301,-1,False
BN-436e,False,False,False,False,False,1.2420533895492554,-195.9621124267578,118.48432922363281,-1,True
QF-564g,False,False,False,False,False,1.384732961654663,-226.54974365234375,1.5787407159805298,-1,False
DX-853f,False,False,False,False,False,1.6288163661956787,-193.09507751464844,1.1871517896652222,-1,False
LB-476b,True,True,True,True,False,0.8281888961791992,1.806700348854065,6.514571666717529,-1,True
AX-128a,False,False,False,False,False,0.4925023317337036,129.44903564453125,2.8605735301971436,-1,True
IA-335d,False,True,True,True,False,0.6460826396942139,-211.437744140625,1.131475806236267,-1,True
IC-259a,False,False,False,False,False,0.7943524122238159,-37.34100341796875,3.2804388999938965,-1,True
AX-128f,False,False,False,False,False,1.3866169452667236,-181.4231414794922,0.8059001564979553,-1,False
RC-639b,False,False,False,False,False,1.6190255880355835,-149.0873565673828,18.44599151611328,-1,True
IA-603d,False,False,False,False,False,0.9785987734794617,-171.3380126953125,1.916491150856018,-1,False
DX-853c,False,False,False,False,False,1.2275153398513794,-193.6435546875,3.493302583694458,-1,True
UQ-875a,False,False,False,False,False,0.9189781546592712,220.8494110107422,0.0000027909954951610416,-1,True
SG-135a,False,False,False,False,False,0.4111235439777374,80.86141204833984,0.006149005144834518,-1,True
XV-857a,False,False,False,False,False,1.3309663534164429,273.26519775390625,3.847357988357544,-1,True
BN-436b,False,False,False,False,False,0.4853406548500061,-25.739072799682617,1.4235655069351196,-1,True
QF-757a,False,False,False,False,False,0.8254815340042114,158.61903381347656,1.315117597579956,-1,True
QF-930a,False,False,False,False,False,0.9656302332878113,104.49425506591797,0.35705873370170593,-1,True
UQ-875d,False,False,False,False,False,0.8950539231300354,-175.7562255859375,0.8469480872154236,-1,False
IZ-054d,False,False,False,False,False,0.6209560632705688,-33.19157791137695,4.513067245483398,-1,True
UX-357g,False,False,False,False,False,2.1545255184173584,-171.27830505371094,1.8645391464233398,-1,False
EY-358e,False,False,False,False,False,2.190295457839966,-238.1225128173828,1.3797709941864014,-1,False
SG-135f,False,False,False,False,False,0.7189370393753052,-152.01222229003906,1.6324087381362915,-1,False
VB-576f,False,False,False,False,False,1.029467225074768,-200.87001037597656,1.1271605491638184,-1,False
OT-442f,False,True,True,True,False,2.206951141357422,-195.18301391601562,1.8650578260421753,-1,False
UX-357c,False,False,False,False,False,0.2960484027862549,28.76931381225586,0.0005208371439948678,-1,True
QR-646b,False,False,False,False,False,0.9134141206741333,224.09933471679688,0.0003966046206187457,-1,True
PD-518c,True,True,True,True,False,1.1822396516799927,-30.244903564453125,0.0753440335392952,-1,True
YV-391f,False,True,False,True,False,1.8770849704742432,-185.48025512695312,0.9784536957740784,-1,False
AJ-293g,True,True,True,True,False,1.202612280845642,-206.01744079589844,1.2544926404953003,-1,False
EY-358a,False,False,False,False,False,0.41393357515335083,-153.20130920410156,0.5349566340446472,-1,True
QF-899g,False,False,False,False,False,1.577624797821045,-204.13970947265625,0.8930410146713257,-1,False
XU-753c,False,False,False,False,False,1.410468578338623,-41.520416259765625,21.728933334350586,-1,True
RV-276g,False,False,False,False,False,1.0992611646652222,-219.7869873046875,1.0281643867492676,-1,False
AX-558d,False,False,False,False,False,1.5130410194396973,-93.63812255859375,129.00436401367188,-1,True
EY-847a,False,False,False,False,False,0.3869084417819977,129.276611328125,0.12179061770439148,-1,True
OP-649c,True,False,False,True,False,0.37391021847724915,11.92281723022461,0.08504074066877365,-1,True
RC-040b,True,True,True,True,True,0.7667292356491089,-2.923123359680176,0.9692458510398865,-1,True
RV-276d,False,False,False,False,False,0.7450847625732422,-147.1331787109375,1.1517000198364258,-1,False
EZ-476c,False,False,False,False,False,0.8522762656211853,79.51512145996094,0.5227983593940735,-1,True
LS-746g,False,False,False,False,False,2.154141664505005,-195.13751220703125,0.620025634765625,-1,False
IA-603a,False,False,False,False,False,1.052145004272461,311.7640380859375,27.962751388549805,-1,True
CH-771d,False,False,False,False,False,0.7575256824493408,-152.3753662109375,2.2182457447052,-1,True
UQ-875f,False,False,False,False,False,1.6552578210830688,-190.02854919433594,1.995912790298462,-1,False
DX-853e,False,False,False,False,False,0.8201014995574951,-179.19435119628906,1.9763880968093872,-1,False
CG-339b,False,False,False,False,False,0.5764569640159607,163.84458923339844,4.626163005828857,-1,True
LS-300f,False,False,False,False,False,2.114509344100952,-146.5431365966797,635.1887817382812,-1,True
EY-847f,False,False,False,False,False,0.6205496191978455,-166.20924377441406,1.2789390087127686,-1,False
XV-857e,False,False,False,False,False,0.7279168367385864,-107.55060577392578,46.99606704711914,-1,True
IC-259e,False,False,False,False,False,0.7854748368263245,-193.293212890625,1.845079779624939,-1,False
RC-639e,False,False,False,False,False,0.9728116393089294,-207.2178192138672,1.010702133178711,-1,False
QF-899e,False,False,False,False,False,0.8772132396697998,-162.07801818847656,1.6353099346160889,-1,False
QF-804c,False,False,False,False,False,0.570590615272522,-177.36639404296875,0.53061842918396,-1,False
KC-051e,False,False,False,False,False,1.3770321607589722,-187.81243896484375,1.4574971199035645,-1,False
LB-506f,True,True,True,True,False,1.822823166847229,-232.41551208496094,0.6477911472320557,-1,False
GK-258a,False,False,False,False,False,1.026795744895935,557.5145263671875,0.7057394981384277,-1,True
SL-006a,False,False,False,False,False,0.9510230422019958,334.9617919921875,26.21482276916504,-1,True
QF-757h,False,False,False,False,False,1.5133056640625,-206.21734619140625,1.6319777965545654,-1,False
QF-564c,False,False,False,False,False,0.9053146839141846,-186.1000518798828,11.235483169555664,-1,True
SL-006b,False,False,False,False,False,1.2470273971557617,146.63409423828125,0.004117279779165983,-1,True
UQ-875e,False,False,False,False,False,2.0298142433166504,-201.1389923095703,1.721114158630371,-1,False
IA-603c,False,False,False,False,False,0.7914442420005798,-137.13204956054688,4.609796047210693,-1,True
QF-930d,False,False,False,False,False,0.8991281986236572,-89.12493896484375,2.307939052581787,-1,True
QF-755c,False,False,False,False,False,0.774753749370575,-167.8597412109375,4.958187103271484,-1,True
QF-757e,False,False,False,False,False,0.9283204674720764,-115.01756286621094,1.7718498706817627,-1,False
YI-552d,False,True,True,True,False,0.8685213923454285,-208.11434936523438,83.84871673583984,-1,True
SG-135e,False,False,False,False,False,1.283394694328308,-154.75050354003906,7.769924640655518,-1,True
UQ-875c,False,False,False,False,False,1.0151793956756592,-139.58966064453125,13.172383308410645,-1,True
IY-206h,False,False,False,False,False,1.8737947940826416,-247.37167358398438,1.0670146942138672,-1,False
LS-300h,False,False,False,False,False,2.7372803688049316,-191.90963745117188,1.882148265838623,-1,False
IY-206a,False,False,False,False,False,1.1733553409576416,-15.692794799804688,16.252405166625977,-1,True
EZ-476f,False,False,False,False,False,0.786564826965332,-160.79849243164062,1.0477246046066284,-1,False
QF-757g,False,False,False,False,False,1.831239938735962,-173.71412658691406,1.006279468536377,-1,False
UX-357i,False,False,False,False,False,1.2476062774658203,-210.81858825683594,1.4286569356918335,-1,False
IY-206b,False,False,False,False,False,0.8681463599205017,-145.59120178222656,11.244192123413086,-1,True
SL-006c,False,False,False,False,False,1.030679702758789,-151.0745086669922,4.480185031890869,-1,True
EY-847b,False,False,False,False,False,1.2340829372406006,78.33740234375,50.36928176879883,-1,True
GC-025b,False,False,False,False,False,1.397803544998169,115.41219329833984,0.41633638739585876,-1,True
AX-128e,False,False,False,False,False,1.0574959516525269,-148.77232360839844,39.68128204345703,-1,True
QF-757b,False,True,False,True,False,0.8216190338134766,26.94837760925293,0.32031822204589844,-1,True
GK-258f,False,False,False,False,False,2.2838714122772217,-181.20657348632812,0.5148874521255493,-1,False
AX-558a,False,False,False,False,False,0.8505826592445374,406.94659423828125,9.578710556030273,-1,True
EL-768g,False,False,False,False,False,2.011047601699829,-84.68292236328125,1.3146893978118896,-1,False
XV-857f,False,False,False,False,False,0.8276194930076599,-172.64511108398438,1.0744925737380981,-1,False
GY-252c,False,True,True,True,False,0.29415228962898254,-57.277442932128906,0.06477384269237518,-1,True
BN-436f,False,False,False,False,False,0.8118231892585754,-194.9490203857422,0.6795069575309753,-1,False
GH-780b,False,True,True,True,False,1.1918120384216309,165.30313110351562,78.0474624633789,-1,True
GK-258d,False,False,False,False,False,1.30745267868042,-34.59711837768555,39.28374481201172,-1,True
LS-300e,False,True,True,True,False,1.2689718008041382,-141.64007568359375,0.09906233847141266,-1,True
SL-006d,False,False,False,False,False,1.59078049659729,-199.31564331054688,1.903676986694336,-1,False
WU-070g,False,False,False,True,False,1.2840992212295532,-223.8991241455078,0.5769749879837036,-1,False
EL-768i,False,False,False,False,False,1.689322829246521,-166.5065155029297,1.906759262084961,-1,False
CH-115c,True,True,True,True,False,1.2606611251831055,-145.373046875,38.227176666259766,-1,True
UX-357e,False,False,False,False,False,1.3599560260772705,-84.28651428222656,1.3915205001831055,-1,True
KI-446f,False,False,False,False,False,0.7479578256607056,-148.98846435546875,1.235406517982483,-1,False
AX-558c,False,False,False,False,False,0.9881201982498169,-66.37481689453125,7.493965148925781,-1,True
CG-339d,False,False,False,False,False,1.0632683038711548,-120.46337127685547,0.0012624971568584442,-1,True
DC-823d,False,False,False,False,False,1.5228649377822876,-155.89007568359375,3.1530094146728516,-1,True
RC-639d,False,False,False,False,False,0.40794092416763306,-185.65159606933594,1.683363437652588,-1,False
EL-768b,False,False,False,False,False,0.7833765149116516,438.8256530761719,0.21189160645008087,-1,True
YI-059f,True,True,True,True,False,0.6370340585708618,-72.16162109375,1.976728081703186,-1,False
IY-206f,False,False,False,False,False,0.560044527053833,-225.86688232421875,1.5833323001861572,-1,False
XD-311d,False,True,True,True,False,0.6752214431762695,5.762841701507568,9.849960327148438,-1,True
XV-857d,False,False,False,False,False,1.0836952924728394,-53.19146728515625,0.35616105794906616,-1,True
GC-474f,False,False,False,False,False,2.1987314224243164,-243.45046997070312,0.9327917098999023,-1,False
AJ-946c,True,True,True,True,False,1.0240342617034912,-35.83578872680664,1.8659831285476685,-1,True
SL-006e,False,False,False,False,False,2.516995906829834,-207.20716857910156,1.9211949110031128,-1,False
WC-299b,False,True,True,True,False,0.7167530059814453,52.9644775390625,0.7252042889595032,-1,True
QR-646c,False,False,False,False,False,1.1317784786224365,196.12208557128906,10.748106956481934,-1,True
AX-128g,False,False,False,False,False,2.767592191696167,-203.8666534423828,1.6003447771072388,-1,False
VB-340e,False,False,False,False,False,1.9411312341690063,-152.3136444091797,1.6542295217514038,-1,False
OE-568j,True,True,True,True,False,0.504696249961853,-215.32875061035156,1.8407635688781738,-1,True
RV-276b,False,False,False,False,False,0.5900459289550781,179.94439697265625,0.5862701535224915,-1,True
GM-037b,False,False,False,False,False,0.30974024534225464,-167.05479431152344,0.001193692907691002,-1,True
NG-246c,False,False,False,False,False,0.9884026646614075,-175.00636291503906,0.0006093134288676083,-1,True
AX-558f,False,False,False,False,False,2.078810453414917,-176.9280548095703,0.8109378218650818,-1,False
NG-246a,False,False,False,False,False,0.7269763350486755,-124.90162658691406,0.7129524350166321,-1,True
GC-474g,False,False,False,False,False,1.5917141437530518,-251.0945281982422,0.9562176465988159,-1,False
AW-284f,True,True,True,True,False,2.1645636558532715,-185.69383239746094,0.6509169936180115,-1,False
XU-753d,False,False,False,False,False,1.2737115621566772,-105.3682632446289,5.978804111480713,-1,True
GC-025e,False,False,False,False,False,0.8012169003486633,-143.220703125,1.0150526762008667,-1,False
VB-340a,False,False,False,False,False,1.0020593404769897,67.20063781738281,8.745287895202637,-1,True
EY-847e,False,False,False,False,False,0.6409614086151123,-92.12200164794922,0.7537624835968018,-1,False
IZ-054f,False,False,False,False,False,0.5375994443893433,-151.5474853515625,0.9087052345275879,-1,False
VB-292a,False,False,False,False,False,1.368330717086792,417.9380798339844,5.298469066619873,-1,True
VB-340g,False,False,False,False,False,1.6592119932174683,-202.2243194580078,1.2641502618789673,-1,False
GM-037h,False,False,False,False,False,1.4497804641723633,-231.09596252441406,1.6301041841506958,-1,False
IV-738a,False,False,False,False,False,0.8593680262565613,-135.0308380126953,6.8797502517700195,-1,True
QF-899h,False,False,False,False,False,0.868107795715332,-234.97837829589844,1.3046146631240845,-1,False
QR-166a,False,False,False,False,False,0.940456748008728,-139.64866638183594,11.021217346191406,-1,True
XU-753a,False,False,False,False,False,0.8293161988258362,223.5848388671875,7.797749042510986,-1,True
EY-847g,False,False,False,False,False,1.9820390939712524,-177.99374389648438,1.6567744016647339,-1,False
IZ-054h,False,False,False,False,False,2.5843372344970703,-188.90823364257812,1.3958297967910767,-1,False
GM-037c,False,False,False,False,False,0.9175887703895569,-202.1045684814453,0.45315665006637573,-1,True
AX-558g,False,False,False,False,False,1.214316964149475,-216.69741821289062,1.7272613048553467,-1,False
BN-436h,False,False,False,False,False,2.6349291801452637,-217.89320373535156,1.2677098512649536,-1,False
GC-602e,False,False,False,False,False,0.6907557249069214,-199.21270751953125,1.5309408903121948,-1,False
GY-528a,False,False,False,False,False,1.1842008829116821,135.4395751953125,0.04037143290042877,-1,True
BN-299a,False,False,False,False,False,1.02009916305542,553.8267211914062,2.0063774585723877,-1,True
BN-886f,False,False,False,False,False,1.0554865598678589,-116.79119873046875,1.9046510457992554,-1,False
IV-102b,False,False,False,False,False,0.4416772723197937,-173.11122131347656,0.8482981324195862,-1,True
QR-646e,False,False,False,False,False,1.0714417695999146,-17.562414169311523,68.58541107177734,-1,True
QR-166d,False,False,False,False,False,0.8364633321762085,-170.89370727539062,78.71927642822266,-1,True
UQ-553a,False,False,False,False,False,0.5677306652069092,358.9327697753906,2.03647518157959,-1,True
OT-580c,True,True,True,True,True,1.0158090591430664,9.938801765441895,1.1638474464416504,-0.36000001430511475,True
SL-132a,True,True,True,True,False,0.8783308863639832,-139.9255828857422,0.19163407385349274,-1,True
IY-206g,False,False,False,False,False,2.1422009468078613,-204.9230194091797,0.8916507363319397,-1,False
GC-474b,False,False,False,False,False,1.2353039979934692,-172.13638305664062,1.7603154182434082,-1,True
WR-709c,False,False,False,False,False,0.8546873927116394,-5.790192604064941,2.8990893363952637,-1,True
SG-135c,False,False,False,False,False,0.9464164972305298,-39.564334869384766,12.89616870880127,-1,True
VB-292g,False,False,False,False,False,1.844760775566101,-147.66799926757812,1.1542106866836548,-1,False
UQ-875g,False,False,False,False,False,1.4272022247314453,-220.3627471923828,1.719407081604004,-1,False
UQ-010a,False,False,False,False,False,0.5180953741073608,-132.52935791015625,0.6957457661628723,-1,True
GC-474c,False,False,False,False,False,0.6601241827011108,-219.7080078125,0.0004589133895933628,-1,True
XV-857g,False,False,False,False,False,1.9148763418197632,-190.4351348876953,1.6328709125518799,-1,False
GC-025c,False,False,False,False,False,0.6194540858268738,-46.808372497558594,0.3579016923904419,-1,True
IZ-054i,False,False,False,False,False,0.8149259090423584,-231.53720092773438,1.872930884361267,-1,True
KI-080f,False,False,False,False,False,1.3171674013137817,-171.6569366455078,0.7093392014503479,-1,False
UQ-553b,False,False,False,False,False,0.8963750600814819,-46.55454635620117,23.998369216918945,-1,True
GC-602d,False,False,False,False,False,0.855883777141571,-184.46469116210938,42.12474822998047,-1,True
AM-783c,True,True,True,True,True,1.194460391998291,26.472610473632812,1.730456829071045,-1,True
IV-738b,False,False,False,False,False,1.2921401262283325,-151.5453643798828,6.2980637550354,-1,True
YI-265j,False,True,True,True,False,0.6683964729309082,-244.43527221679688,0.11851924657821655,-1,True
SG-135d,False,False,False,False,False,0.71132892370224,-50.31303405761719,12.847983360290527,-1,True
EM-789c,False,False,False,False,False,0.9531477093696594,-192.02272033691406,36.36092758178711,-1,True
QR-166e,False,False,False,False,False,0.9560118317604065,-207.87857055664062,0.8706135749816895,-1,False
ZK-602a,False,False,False,False,False,1.4142786264419556,133.62709045410156,8.745808601379395,-1,True
OY-661b,False,False,False,False,False,0.3782052993774414,-156.40853881835938,0.00039023315184749663,-1,True
HV-322a,False,False,False,False,False,0.498420774936676,61.910648345947266,0.42746496200561523,-1,True
IY-206e,False,False,False,False,False,0.9125410914421082,-149.18377685546875,9.249166488647461,-1,True
HV-322f,False,False,False,False,False,1.4593818187713623,-183.42144775390625,0.5621031522750854,-1,False
QV-783b,False,False,False,False,False,0.3696104884147644,-174.08253479003906,0.024009283632040024,-1,True
BN-886d,False,False,False,False,False,0.9549722075462341,-35.10573196411133,7.121413230895996,-1,True
RV-276a,False,False,False,False,False,0.6544188857078552,241.96739196777344,4.723659038543701,-1,True
CC-541f,False,False,False,False,False,1.9618409872055054,-225.36012268066406,1.4936983585357666,-1,False
GC-474d,False,False,False,False,False,0.6577597856521606,-186.0774688720703,1.0902962684631348,-1,False
WR-530b,False,False,False,False,False,0.41657882928848267,-37.56234359741211,0.16688889265060425,-1,True
WR-186c,False,False,False,False,False,0.8703874945640564,-192.2034454345703,3.472026824951172,-1,True
BN-436i,False,False,False,False,False,0.9479908347129822,-221.56626892089844,1.8356868028640747,-1,False
CC-541c,False,False,False,False,False,1.261130928993225,-182.338623046875,18.071622848510742,-1,True
ZK-602c,False,False,False,False,False,1.2733116149902344,-183.1902313232422,12.351625442504883,-1,True
NG-246b,False,False,False,False,False,1.294493556022644,-150.59420776367188,3.800567388534546,-1,True
IZ-054b,False,False,False,False,False,0.3838646113872528,100.04815673828125,0.0164128839969635,-1,True
CG-339f,False,False,False,False,False,0.5666234493255615,-161.2935028076172,1.1235935688018799,-1,False
EL-768d,False,False,False,False,False,0.7283189296722412,41.33818054199219,30.763259887695312,-1,True
HV-322c,False,False,False,False,False,0.6646074652671814,-55.704463958740234,0.5959237813949585,-1,True
YI-683g,False,False,False,False,False,1.6237465143203735,-165.45521545410156,1.311497688293457,-1,False
CB-276a,False,False,False,False,False,0.4385078251361847,-144.6856231689453,0.4553837180137634,-1,True
QV-783a,False,False,False,False,False,1.0241113901138306,-158.8622283935547,3.862311601638794,-1,True
QJ-149a,True,True,True,True,False,0.8629915714263916,76.53824615478516,1.1926915645599365,-1,True
CC-541g,False,False,False,False,False,1.605456829071045,-246.8699188232422,0.9033233523368835,-1,False
ZK-602e,False,False,False,False,False,1.6081990003585815,-185.69869995117188,216.06619262695312,-1,True
DC-823c,False,False,False,False,False,0.38630542159080505,-51.847633361816406,0.0275962483137846,-1,True
IV-738f,False,False,False,False,False,0.9996844530105591,-191.63958740234375,0.7058456540107727,-1,False
IY-816d,False,True,True,True,False,1.0957235097885132,-40.68632507324219,0.006168748252093792,-1,True
GC-474e,False,False,False,False,False,1.862123727798462,-213.11656188964844,1.2869099378585815,-1,False
GC-602c,False,False,False,False,False,0.5257461071014404,-193.75790405273438,2.0530169010162354,-1,True
GY-528f,False,False,False,False,False,1.9236043691635132,-203.27566528320312,1.1144092082977295,-1,False
AJ-946d,False,False,False,False,False,0.9535267353057861,-38.20751190185547,13.422222137451172,-1,True
BN-436j,False,False,False,False,False,1.2338809967041016,-259.6358337402344,7.894460678100586,-1,True
FA-056a,False,False,False,False,False,0.37139150500297546,92.41650390625,0.2269645780324936,-1,True
UI-491c,False,False,False,False,False,0.4681043326854706,-75.01610565185547,0.15342843532562256,-1,True
KI-080c,False,False,False,False,False,1.0896958112716675,-127.67485809326172,2.0141117572784424,-1,True
HV-322b,False,False,False,False,False,0.3870523273944855,-10.33277416229248,0.771728515625,-1,True
RC-639f,False,False,False,False,False,1.2739137411117554,-208.40408325195312,1.2061083316802979,-1,False
QV-783c,False,False,False,False,False,1.005566954612732,-188.8096923828125,33.473392486572266,-1,True
GM-037g,False,False,False,False,False,1.6918758153915405,-226.656982421875,0.714518666267395,-1,False
GY-528d,False,False,False,False,False,1.0519336462020874,-207.46917724609375,27.313276290893555,-1,True
CC-541h,False,False,False,False,False,1.0973552465438843,-233.72308349609375,1.9959453344345093,-1,False
FA-056d,False,False,False,False,False,0.6879980564117432,-100.98341369628906,0.006039429921656847,-1,True
IZ-911g,False,True,False,True,False,2.720076560974121,-219.6125030517578,1.2969377040863037,-1,False
EL-768f,False,False,False,False,False,0.6899107694625854,-24.4625301361084,1.3540064096450806,-1,False
YI-683a,False,False,False,False,False,0.8622231483459473,205.34237670898438,5.366273880004883,-1,True
IZ-054g,False,False,False,False,False,1.3215019702911377,-168.65928649902344,0.757597804069519,-1,False
CB-276b,False,False,False,False,False,0.837168276309967,-97.3618392944336,21.589603424072266,-1,True
GY-528b,False,False,False,False,False,1.3430187702178955,-132.80665588378906,2.5291497707366943,-1,True
HV-322e,False,False,False,False,False,0.5943101048469543,-185.182373046875,0.5346249938011169,-1,False
KI-080b,False,False,False,False,False,0.2170567363500595,27.437280654907227,0.00887091550976038,-1,True
SG-135g,False,False,False,False,False,1.5272375345230103,-186.38137817382812,1.3841434717178345,-1,False
YP-951a,False,False,False,False,False,0.9263550043106079,-147.62774658203125,0.2228734791278839,-1,True
UQ-553f,False,False,False,False,False,2.010871648788452,-208.85598754882812,0.7164919972419739,-1,False
UQ-010b,False,False,False,False,False,1.4939836263656616,-107.01653289794922,17.361082077026367,-1,True
GC-602b,False,False,False,False,False,0.820634126663208,-128.29112243652344,25.57231903076172,-1,True
GH-082a,False,True,False,True,False,0.5944480895996094,127.22015380859375,2.1246373653411865,-1,True
OF-185b,False,True,True,True,True,1.1905848979949951,-164.72607421875,0.04714544489979744,-1,True
EL-768h,False,False,False,False,False,2.7008907794952393,-157.0627899169922,1.2641304731369019,-1,False
AJ-946g,False,False,False,False,False,1.4299174547195435,-162.112060546875,0.8958812355995178,-1,False
DC-823a,False,False,False,False,False,0.24773794412612915,127.89955139160156,0.011620568111538887,-1,True
OY-661d,False,False,False,False,False,0.2907876670360565,-203.21275329589844,0.008674409240484238,-1,True
DC-823g,False,False,False,False,False,1.631445050239563,-190.6538543701172,0.6529717445373535,-1,False
CC-541d,False,False,False,False,False,0.2300805300474167,-178.67291259765625,0.000013772707461612299,-1,True
OE-568g,False,True,False,True,False,1.9859426021575928,-134.71749877929688,1.6674140691757202,-1,False
FA-056b,False,False,False,False,False,0.8028888702392578,-5.2288079261779785,0.5917498469352722,-1,True
FA-056e,False,False,False,False,False,0.905856192111969,-173.470947265625,1.8451941013336182,-1,False
GC-602g,False,False,False,False,False,2.778459310531616,-211.68283081054688,1.4920309782028198,-1,False
UQ-010d,False,False,False,False,False,2.265507459640503,-227.4470977783203,154.9436798095703,-1,True
UQ-553e,False,False,False,False,False,2.038524866104126,-205.3267822265625,1.6954967975616455,-1,False
GC-025a,False,False,False,False,False,1.082701325416565,192.55691528320312,3.8911890983581543,-1,True
EM-789d,False,False,False,False,False,0.49952432513237,-172.35189819335938,0.9699114561080933,-1,False
IY-387a,False,False,False,False,False,1.1092952489852905,233.3184814453125,2.2783195972442627,-1,True
RV-276e,False,False,False,False,False,1.276830792427063,-159.27987670898438,0.5990068316459656,-1,False
EL-768j,False,False,False,False,False,1.2712746858596802,-212.86227416992188,0.5955018997192383,-1,True
DC-823h,False,False,False,False,False,1.0381025075912476,-223.81788635253906,0.8196344971656799,-1,False
HV-322d,False,False,False,False,False,0.965370774269104,-159.1027069091797,9.199884414672852,-1,True
IZ-054c,False,False,False,False,False,0.4646536111831665,-47.392974853515625,1.5522044897079468,-1,True
QV-420a,False,False,False,False,False,0.45995694398880005,-154.87464904785156,0.0005288576357997954,-1,True
CG-339a,False,False,False,False,False,1.32655930519104,125.21029663085938,48.17361831665039,-1,True
FK-794e,True,True,True,True,False,1.4025670289993286,-145.5099334716797,65.43978881835938,-1,True
CC-541b,False,False,False,False,False,1.1068216562271118,-152.86326599121094,2.448486804962158,-1,True
HV-472b,False,False,False,False,False,0.36851081252098083,-2.6848318576812744,0.006488719955086708,-1,True
GC-602h,False,False,False,False,False,1.5149284601211548,-245.1646270751953,1.4807015657424927,-1,False
OE-563f,False,False,False,False,False,2.0213847160339355,-228.81471252441406,6.0173234939575195,-1,True
EL-952b,True,True,True,True,False,0.9787896871566772,-7.843000888824463,41.06221389770508,-1,True
KW-602a,False,True,False,False,False,0.43498459458351135,373.9268798828125,0.021259933710098267,-1,True
QV-783d,False,False,False,False,False,0.7014342546463013,-216.26248168945312,1.0840965509414673,-1,True
BN-886g,False,False,False,False,False,1.604457974433899,-128.25726318359375,1.3849947452545166,-1,False
CC-674a,False,False,False,False,False,0.4100431799888611,-126.24784851074219,0.004718888085335493,-1,True
YI-059b,True,True,True,True,False,1.0376882553100586,308.3459777832031,9.948806762695312,-1,True
BN-886b,False,False,False,False,False,0.9104306101799011,220.19717407226562,10.1049222946167,-1,True
IZ-054e,False,False,False,False,False,0.48799192905426025,-104.333251953125,1.9453027248382568,-1,False
BN-886e,False,False,False,False,False,0.6093758940696716,-89.81907653808594,12.903101921081543,-1,True
FA-056f,False,False,False,False,False,2.0229692459106445,-174.3346405029297,1.9696578979492188,-1,False
QV-783e,False,False,False,False,False,1.6487287282943726,-211.90756225585938,1.5535128116607666,-1,False
RV-276c,False,False,False,False,False,0.897599458694458,-39.798553466796875,12.914077758789062,-1,True
HM-910d,False,True,False,True,False,1.1916191577911377,-50.7063102722168,34.793601989746094,-1,True
IY-387c,False,False,False,False,False,0.8646635413169861,-56.314971923828125,0.006069768685847521,-1,True
BS-531a,True,True,True,False,False,0.8670246005058289,-137.38394165039062,0.2919611632823944,-1,True
BN-299g,False,False,False,False,False,2.2870688438415527,-132.75889587402344,0.5264326930046082,-1,False
GY-528e,False,False,False,False,False,0.6270933747291565,-218.8501739501953,1.8378335237503052,-1,False
AJ-946f,False,False,False,False,False,1.6392487287521362,-119.23381805419922,3.415055990219116,-1,True
NG-246g,False,False,False,False,False,1.6188684701919556,-230.6693115234375,1.95968496799469,-1,False
ZV-759i,False,True,False,False,False,1.1635851860046387,-231.19224548339844,0.836060643196106,-1,False
FA-056c,False,False,False,False,False,1.0190473794937134,33.602115631103516,6.263492584228516,-1,True
GM-037d,False,False,False,False,False,1.3985037803649902,-155.1286163330078,90.15345001220703,-1,True
IY-387e,False,False,False,False,False,1.448777198791504,-179.43125915527344,21.547746658325195,-1,True
KI-080g,False,False,False,False,False,2.627150774002075,-215.96075439453125,1.183871865272522,-1,False
KI-446h,False,False,False,False,False,2.4032983779907227,-191.6464385986328,0.5298223495483398,-1,False
DW-419d,False,False,False,False,False,0.6842345595359802,-125.13186645507812,0.24365004897117615,-1,True
CG-044a,False,False,False,False,False,1.0982197523117065,91.0704574584961,10.7565279006958,-1,True
KI-446e,False,False,False,False,False,1.3590819835662842,-141.1066436767578,111.14615631103516,-1,True
ZK-602d,False,False,False,False,False,1.1692681312561035,-125.51415252685547,61.22848129272461,-1,True
NG-246d,False,False,False,False,False,1.0752266645431519,-193.10438537597656,11.071035385131836,-1,True
GM-037f,False,False,False,False,False,1.645372986793518,-201.73773193359375,0.7969329357147217,-1,False
ZV-759g,True,True,True,True,False,1.7292156219482422,-197.35411071777344,1.6660033464431763,-1,False
CB-276c,False,False,False,False,False,0.6235601305961609,-146.57562255859375,0.045980360358953476,-1,True
KI-446g,False,False,False,False,False,1.853742003440857,-171.96253967285156,0.9947570562362671,-1,False
XD-055e,False,True,False,False,False,0.7249711155891418,-164.5028076171875,1.2145955562591553,-1,False
NG-848a,False,False,False,False,False,0.46439415216445923,659.8468627929688,0.19956721365451813,-1,True
IY-387d,False,False,False,False,False,1.3969907760620117,-146.2540740966797,17.604345321655273,-1,True
ZV-759a,False,True,True,True,False,0.8271254301071167,85.23910522460938,0.9043178558349609,-1,True
YP-951h,False,False,False,False,False,2.337724208831787,-218.4887237548828,1.1322908401489258,-1,False
JS-009a,False,False,False,False,False,0.42505067586898804,-138.28448486328125,0.03641583025455475,-1,True
KI-080h,False,False,False,False,False,1.3034405708312988,-203.26295471191406,1.281164288520813,-1,False
ZV-307e,True,True,True,True,False,1.799067735671997,-92.7474594116211,107.71395874023438,-1,True
XH-556c,True,True,True,True,True,0.9409682154655457,-181.876220703125,0.14598369598388672,-1,True
LS-231b,True,True,True,True,False,0.8588593602180481,354.498046875,0.2560825049877167,-1,True
ZV-759j,False,True,True,True,False,0.70591139793396,-225.02931213378906,4.608778476715088,-1,True
DC-970d,False,False,False,False,False,1.2248198986053467,-20.27914810180664,55.23961639404297,-1,True
CH-115a,True,True,True,True,True,1.2262563705444336,58.26728439331055,0.3127053380012512,-1,True
CG-339c,False,False,False,False,False,0.8072949647903442,33.87530517578125,2.679884433746338,-1,True
NG-246e,False,False,False,False,False,1.326381802558899,-223.0504913330078,0.23155727982521057,-1,True
AJ-946h,False,False,False,False,False,2.8878188133239746,-197.86111450195312,1.231329321861267,-1,False
EL-768c,False,False,False,False,False,0.8017852902412415,264.3973693847656,1.0969470739364624,-1,True
YA-471f,False,True,True,True,False,1.2483035326004028,-170.8975067138672,0.6701712608337402,-1,False
BI-373b,False,False,False,False,False,1.2453290224075317,-58.018184661865234,5.403426170349121,-1,True
CG-339e,False,False,False,False,False,1.1741199493408203,-144.79437255859375,13.782735824584961,-1,True
TD-298a,False,False,False,False,False,0.36406242847442627,372.2427978515625,0.08656051754951477,-1,True
DC-823i,False,False,False,False,False,0.9654853343963623,-247.0916748046875,0.3584786355495453,-1,True
BI-417e,False,False,False,False,False,0.8171346783638,-142.2293243408203,1.929967999458313,-1,False
CG-856b,False,False,False,False,False,1.4656468629837036,-33.76123046875,122.85905456542969,-1,True
BI-373a,False,False,False,False,False,0.891589343547821,299.09893798828125,0.038269415497779846,-1,True
YK-024b,True,True,True,True,False,1.475898265838623,33.33716583251953,12.679338455200195,-1,True
CG-856c,False,False,False,False,False,1.0000005960464478,-175.6649169921875,7.920865535736084,-1,True
KI-401c,True,True,True,True,False,0.9812546968460083,-156.72215270996094,0.6119561195373535,-1,False
YK-649a,False,True,True,True,False,0.7001623511314392,-55.41385269165039,7.658070087432861,-1,True
XS-072a,False,False,False,False,False,0.5513092875480652,72.73467254638672,0.4950006306171417,-1,True
TD-298d,False,False,False,False,False,0.762184739112854,-108.23007202148438,0.6882918477058411,-1,False
TD-331d,False,False,False,False,False,1.68044114112854,-202.22756958007812,401.6047058105469,-1,True
KI-401a,True,True,True,True,False,0.9825558662414551,28.88093376159668,2.5708022117614746,-1,True
DC-823e,False,False,False,False,False,0.8808262944221497,-169.36280822753906,0.5962933897972107,-1,False
BN-886c,False,False,False,False,False,0.9186158180236816,33.3003044128418,0.07581060379743576,-1,True
BN-299h,False,False,False,False,False,2.942413568496704,-167.43016052246094,0.6640505790710449,-1,False
DC-970f,False,False,False,False,False,0.7381976246833801,-118.15794372558594,0.9752002954483032,-1,False
BN-805d,False,False,False,False,False,0.7162882089614868,-188.8533172607422,0.5699079036712646,-1,True
VH-778b,True,True,True,True,False,0.6624358892440796,-24.501239776611328,0.012434941716492176,-1,True
AJ-946j,True,False,False,False,False,0.949699878692627,-243.22317504882812,11.129253387451172,-1,True
LG-913f,False,False,False,False,False,2.8412139415740967,-210.5308380126953,0.8158630132675171,-1,False
BN-299b,False,False,False,False,False,1.2322640419006348,283.5191345214844,0.47174280881881714,-1,True
LG-907h,False,False,False,False,False,1.514944076538086,-229.7321319580078,0.6033907532691956,-1,False
GC-032j,False,False,False,False,False,1.4032500982284546,-209.0923309326172,0.754501223564148,-1,True
GC-032a,False,False,False,False,False,1.2266968488693237,672.5150146484375,69.31793212890625,-1,True
OF-363a,True,True,True,True,False,0.9434205293655396,-112.6893310546875,1.2933653593063354,-1,True
JS-913c,False,False,False,False,False,0.6412556767463684,-168.38546752929688,0.12049619853496552,-1,True
DC-724f,False,False,False,False,False,0.8911040425300598,-187.61410522460938,1.9618875980377197,-1,False
BS-865a,False,False,False,False,False,1.1962196826934814,97.66307067871094,7.049709796905518,-1,True
RY-305d,False,False,False,False,False,1.8366522789001465,-157.7671356201172,23.628284454345703,-1,True
KW-020a,False,True,True,True,False,0.9717201590538025,482.412109375,9.459412574768066,-1,True
KW-689d,False,True,True,True,False,1.1723254919052124,-204.1638641357422,0.32877469062805176,-1,True
DC-970b,False,False,False,False,False,1.3319216966629028,76.56755828857422,0.13653264939785004,-1,True
KW-689a,True,True,True,True,True,0.42386916279792786,-13.417601585388184,0.1850370168685913,-1,True
LG-907f,False,False,False,False,False,1.8943849802017212,-200.91893005371094,0.8285579681396484,-1,False
GC-032c,False,False,False,False,False,0.5924131870269775,176.0430450439453,1.6761173009872437,-1,True
BI-373c,False,False,False,False,False,1.0141525268554688,-51.560726165771484,0.1902591735124588,-1,True
JS-913d,False,False,False,False,False,1.1413027048110962,-189.6618194580078,29.41277503967285,-1,True
BI-417f,False,False,False,False,False,2.32159423828125,-178.70399475097656,1.28331458568573,-1,False
QQ-786c,False,False,False,False,False,1.1592199802398682,-91.50835418701172,5.0753302574157715,-1,True
BI-373d,False,False,False,False,False,2.4420549869537354,-134.34808349609375,0.6604475378990173,-1,False
UQ-010c,False,False,False,False,False,0.9253255128860474,-85.9906997680664,32.65786361694336,-1,True
RY-305c,False,False,True,False,False,1.0187366008758545,-116.28462982177734,0.08283361047506332,-1,True
DC-970e,False,False,False,False,False,0.6680704355239868,-121.29402923583984,6.033515930175781,-1,True
BS-865b,False,False,False,False,False,0.9837681651115417,-30.545743942260742,4.629096508026123,-1,True
KW-689c,True,True,True,True,False,0.6450836658477783,-172.9995880126953,0.4879566729068756,-1,True
JS-913g,False,False,False,False,False,2.2807416915893555,-234.74244689941406,1.3484307527542114,-1,False
WR-667a,False,False,False,False,False,1.2930506467819214,-184.17222595214844,7.608489990234375,-1,True
YI-705c,True,True,True,True,True,0.6281218528747559,-173.36972045898438,1.8834000825881958,-1,True
CG-856d,False,False,False,False,False,0.7902390956878662,-215.42828369140625,1.7176380157470703,-1,True
NH-565b,False,False,False,False,False,0.7185606360435486,118.0470199584961,0.3459392189979553,-1,True
AM-644e,False,False,False,False,False,0.7922511696815491,-125.93042755126953,1.9765838384628296,-1,False
IY-387b,False,False,False,False,False,0.5902652144432068,3.791787624359131,3.415844202041626,-1,True
BI-500f,False,False,False,False,False,2.078068256378174,-171.61328125,1.9535530805587769,-1,False
UQ-553c,False,False,False,False,False,1.2637567520141602,-159.0990447998047,1.1351711750030518,-1,True
LB-056a,False,False,False,False,False,1.2738553285598755,107.09532165527344,60.89182662963867,-1,True
QQ-786d,False,False,False,False,False,1.7113503217697144,-167.70782470703125,104.24113464355469,-1,True
LB-056f,False,False,False,False,False,2.248199224472046,-185.5222930908203,1.1111221313476562,-1,False
WR-709a,False,False,False,False,False,0.309896856546402,323.729248046875,0.032582368701696396,-1,True
JS-913b,False,False,False,False,False,0.7184687256813049,-147.7822723388672,25.301326751708984,-1,True
XS-072g,False,False,False,False,False,2.65570330619812,-184.65957641601562,0.6495465040206909,-1,False
OF-552d,False,False,False,False,False,0.6935224533081055,-196.06979370117188,0.2194971740245819,-1,True
GC-032e,False,False,False,False,False,1.6894855499267578,-56.984928131103516,201.28775024414062,-1,True
AM-783f,False,False,False,False,False,1.4628841876983643,-205.3968505859375,0.6674643158912659,-1,False
OF-552g,False,False,False,False,False,2.240591287612915,-246.60809326171875,0.8799911737442017,-1,False
DC-823f,False,False,False,False,False,2.4034488201141357,-160.2957305908203,1.6077396869659424,-1,False
TD-228e,False,False,False,False,False,1.6097244024276733,-122.13009643554688,35.06087875366211,-1,True
OY-661c,False,False,False,False,False,1.0805740356445312,-149.28536987304688,52.35392761230469,-1,True
XS-538c,True,False,False,False,False,0.3045082688331604,-19.442546844482422,0.010976182296872139,-1,True
BI-417a,False,False,False,False,False,0.5931655168533325,136.39987182617188,0.000936146650929004,-1,True
BI-500a,False,False,False,False,False,1.1712044477462769,314.25262451171875,39.931396484375,-1,True
JS-913f,False,False,False,False,False,0.6317235231399536,-226.76138305664062,1.96900475025177,-1,False
LG-907d,False,False,False,False,False,1.145930290222168,-179.4368133544922,47.35634231567383,-1,True
AJ-946i,False,False,False,False,False,0.9146198630332947,-224.04269409179688,0.8602715134620667,-1,False
KI-446i,False,False,False,False,False,1.3308466672897339,-224.3707733154297,0.7359994649887085,-1,False
DC-970g,False,False,False,False,False,2.189635992050171,-183.44691467285156,0.9232878088951111,-1,False
LG-907a,False,False,False,False,False,0.8637705445289612,-159.10125732421875,2.1701080799102783,-1,True
JS-913h,False,False,False,False,False,2.669377088546753,-221.43092346191406,0.6000556349754333,-1,False
LG-418f,False,False,False,False,True,1.7300422191619873,-191.49684143066406,1.7453104257583618,-1,False
AW-844b,False,True,True,True,False,0.853104293346405,53.08959197998047,9.386880874633789,-1,True
NH-565d,False,False,False,False,False,1.0923337936401367,-77.66925048828125,12.922924041748047,-1,True
BS-865e,False,False,False,False,False,1.8985450267791748,-172.10696411132812,1.192762851715088,-1,False
JS-913e,False,False,False,False,False,1.540869116783142,-209.17413330078125,161.74716186523438,-1,True
KI-446c,False,False,False,False,False,0.9382745027542114,-52.16402816772461,3.861567258834839,-1,True
LB-056c,False,False,False,False,False,1.0992311239242554,-110.7138900756836,12.119226455688477,-1,True
GC-032d,False,False,False,False,False,1.1162924766540527,96.41978454589844,11.69812297821045,-1,True
OF-552c,False,False,False,False,False,0.5918794274330139,-158.5017852783203,0.17234815657138824,-1,True
RC-668a,False,False,False,False,False,1.1670318841934204,93.93958282470703,0.11119799315929413,-1,True
IA-982b,False,False,False,False,False,0.6195766925811768,186.8050079345703,0.45888030529022217,-1,True
RY-305b,False,False,False,False,False,1.6556109189987183,-4.1504225730896,59.909454345703125,-1,True
AM-783g,False,False,False,False,False,2.099726915359497,-201.9668426513672,0.5962961316108704,-1,False
UP-573a,False,False,False,False,False,0.7272412776947021,123.7402114868164,14.602530479431152,-1,True
LG-907e,False,False,False,False,False,1.0224368572235107,-200.6237030029297,1.1055998802185059,-1,False
XS-538d,False,False,False,False,False,0.41453108191490173,-102.4795913696289,0.013254362158477306,-1,True
IA-982c,False,False,False,False,False,0.9136962890625,82.74958038330078,2.1204543113708496,-1,True
GC-032f,False,False,False,False,False,0.4981950521469116,-74.28921508789062,1.8466192483901978,-1,False
BN-805b,False,False,False,False,False,1.4520409107208252,-126.6023178100586,0.044535279273986816,-1,True
XD-005b,True,True,True,True,False,0.7496353387832642,246.5430450439453,3.213721990585327,-1,True
LG-418c,False,False,False,False,True,0.8436915278434753,-21.8846378326416,13.749653816223145,-1,True
BN-805c,False,False,False,False,False,0.5896104574203491,-174.36668395996094,0.6414217948913574,-1,True
BI-417c,False,False,False,False,False,1.0200639963150024,-1.4310601949691772,49.17367935180664,-1,True
LG-907g,False,False,False,False,False,2.3284802436828613,-243.05372619628906,1.9608368873596191,-1,False
BN-886h,False,False,False,False,False,1.6913237571716309,-158.10238647460938,1.7751240730285645,-1,False
RC-668b,False,False,False,False,False,1.1340796947479248,-47.46502685546875,1.906973958015442,-1,True
NG-848b,False,False,False,False,False,0.3255869150161743,354.787109375,0.3650326132774353,-1,True
LS-271d,False,True,True,True,False,0.7393632531166077,-156.852783203125,5.084342956542969,-1,True
IA-151a,True,True,True,True,False,0.3149946331977844,211.71929931640625,0.14491429924964905,-1,True
KW-358b,True,True,True,True,True,0.9292331337928772,-163.82704162597656,17.940980911254883,-1,True
XS-072c,False,False,False,False,False,1.0235295295715332,-123.31236267089844,0.2699778378009796,-1,True
BN-805a,False,False,False,False,False,0.577041506767273,-136.91358947753906,0.001527179148979485,-1,True
LB-056e,False,False,False,False,False,0.8390652537345886,-180.4042510986328,1.7629063129425049,-1,False
BN-886i,False,False,False,False,False,1.6209300756454468,-213.4307861328125,1.0091900825500488,-1,False
BI-417b,False,False,False,False,False,1.2363216876983643,223.7117462158203,45.1785774230957,-1,True
LB-506e,False,False,False,False,False,0.9740180969238281,-228.19566345214844,60.925933837890625,-1,True
WU-882i,False,True,False,True,False,1.238308072090149,-207.3176727294922,1.0132087469100952,-1,False
CG-281a,False,False,False,False,False,0.675118625164032,277.79925537109375,0.8271600008010864,-1,True
RY-305f,False,False,False,False,False,2.3342010974884033,-199.37489318847656,0.5480360388755798,-1,False
NH-565f,False,False,False,False,False,2.2378976345062256,-166.8961944580078,1.8738901615142822,-1,False
NH-565c,False,False,False,False,False,0.7671034336090088,65.62947845458984,40.09913635253906,-1,True
GC-032i,False,False,False,False,False,1.253333568572998,-193.18310546875,1.6985796689987183,-1,False
OY-661e,False,False,False,False,False,0.23259122669696808,-217.9325714111328,0.006421464029699564,-1,True
BI-417d,False,False,False,False,False,0.9067893028259277,-126.05596923828125,34.51538848876953,-1,True
IA-335h,False,True,False,True,False,1.4041500091552734,-228.28700256347656,0.5665150284767151,-1,False
OF-185c,True,True,True,True,False,0.8120073676109314,-171.94261169433594,1.6746565103530884,-1,True
AM-644b,True,True,True,True,False,0.7880392074584961,37.658782958984375,2.3781752586364746,-1,True
WR-709h,False,False,False,False,False,0.9880614280700684,-217.1676788330078,0.6364927291870117,-1,False
EM-929b,True,True,True,True,False,0.35326704382896423,-24.22135353088379,0.18755187094211578,-1,True
BS-865f,False,False,False,False,False,2.462820291519165,-189.8870086669922,1.8114299774169922,-1,False
LG-907c,False,False,False,False,False,1.0849665403366089,-179.42578125,30.48740577697754,-1,True
LE-137c,False,True,True,True,False,0.3972164988517761,66.46123504638672,0.001994707155972719,-1,True
IA-982e,False,False,False,False,False,1.184418797492981,-78.66593170166016,0.1260659545660019,-1,True
AM-783b,True,True,True,True,False,0.5244566202163696,39.2089729309082,0.24254664778709412,-1,True
RY-305g,False,False,False,False,False,2.838019371032715,-213.33218383789062,1.6206640005111694,-1,False
OF-552f,False,False,False,False,False,0.9117609262466431,-232.85821533203125,60.545379638671875,-1,True
KI-446d,False,False,False,False,False,0.48645922541618347,-117.21910095214844,2.2654924392700195,-1,True
OS-416d,False,False,False,False,False,0.9561209678649902,-152.47216796875,0.7611854672431946,-1,False
NG-848c,False,False,False,False,False,0.8574815392494202,270.9457702636719,0.08555371314287186,-1,True
DC-724b,False,False,False,False,False,0.34281373023986816,-42.6956672668457,0.03665589541196823,-1,True
UQ-553d,False,False,False,False,False,0.946029007434845,-175.58555603027344,0.5109583139419556,-1,False
ZV-194a,True,True,True,True,True,0.6240192651748657,29.93187713623047,0.04129583388566971,-1,True
OS-053a,False,False,False,False,False,0.412861704826355,86.55064392089844,0.22883564233779907,-1,True
CG-044e,False,False,False,False,False,1.9199965000152588,-222.8083953857422,0.5073190927505493,-1,False
KI-446j,False,False,False,False,False,0.41196244955062866,-246.3527374267578,0.08300237357616425,-1,True
NH-000a,False,False,False,False,False,0.6757956743240356,82.89673614501953,0.2513856291770935,-1,True
CG-281e,False,False,False,False,False,1.7429702281951904,-157.49925231933594,1.5519846677780151,-1,False
WR-709b,False,False,False,False,False,0.8252971768379211,321.06182861328125,0.08851215243339539,-1,True
EX-292a,False,False,False,False,False,1.2975715398788452,29.864614486694336,0.23524656891822815,-1,True
IA-982f,False,False,False,False,False,0.8891167044639587,-111.56942749023438,0.6287294626235962,-1,False
XS-072d,False,False,False,False,False,0.8683468699455261,-152.35926818847656,4.659726619720459,-1,True
OE-563e,False,False,False,False,False,0.5791594386100769,-180.53807067871094,1.8169090747833252,-1,False
GC-032g,False,False,False,False,False,2.3665668964385986,-139.77737426757812,1.9535547494888306,-1,False
TD-331b,False,False,False,False,False,1.2060177326202393,-98.01610565185547,25.97228240966797,-1,True
LG-907b,False,True,False,False,False,0.7813364267349243,-175.37393188476562,1.0666877031326294,-1,True
EM-789b,False,False,False,False,False,0.681694507598877,-113.36177825927734,1.78255295753479,-1,True
XS-538f,False,False,False,False,False,1.7435643672943115,-190.2146453857422,1.3110145330429077,-1,False
OF-552e,False,False,False,False,False,1.2786545753479004,-209.62301635742188,192.03402709960938,-1,True
BN-299f,False,False,False,False,False,0.7766136527061462,-68.90345764160156,0.9774787425994873,-1,False
HP-933e,False,False,False,False,False,0.7867861986160278,-164.80870056152344,0.6251040101051331,-1,False
LG-418e,False,False,False,False,True,1.2947951555252075,-179.7107391357422,10.449318885803223,-1,True
TD-298c,False,False,False,False,False,1.6409399509429932,-108.77083587646484,6.70530891418457,-1,True
EM-789g,False,False,False,False,False,1.819461464881897,-213.38096618652344,1.6481419801712036,-1,False
BN-386c,False,False,False,False,False,0.6073863506317139,-109.79661560058594,0.4776330590248108,-1,True
NH-565e,False,False,False,False,False,1.1155740022659302,-139.49490356445312,12.137667655944824,-1,True
YK-266c,True,True,True,True,False,0.8515636324882507,-5.093226432800293,4.754136085510254,-1,True
AM-644a,False,False,False,False,False,1.1673694849014282,199.14889526367188,11.887798309326172,-1,True
DC-724e,False,False,False,False,False,1.1633615493774414,-212.4070281982422,18.15142250061035,-1,True
XH-329a,True,True,True,True,True,0.7497801780700684,9.046435356140137,1.3878307342529297,-0.32263296842575073,True
BS-865c,False,False,False,False,False,1.3825054168701172,-131.2572479248047,75.47434997558594,-1,True
OS-416a,False,False,False,False,False,0.6647032499313354,205.95057678222656,0.134272962808609,-1,True
LB-056d,False,False,False,False,False,1.3943276405334473,-151.34054565429688,50.40093994140625,-1,True
JS-009d,False,False,False,False,False,0.80902099609375,-194.5087127685547,0.312969833612442,-1,True
VH-503d,False,False,False,False,False,1.0184558629989624,-149.88111877441406,1.4052482843399048,-1,False
RC-668c,False,False,False,False,False,0.9738991856575012,-85.2452392578125,19.938194274902344,-1,True
AJ-293b,False,False,False,False,False,1.3429847955703735,-10.418604850769043,5.101475238800049,-1,True
DC-724c,False,False,False,False,False,0.9316219687461853,-176.87486267089844,2.0948474407196045,-1,True
JS-009f,False,False,False,False,False,0.8162828087806702,-224.7749481201172,0.8310098052024841,-1,False
LG-907i,False,False,False,False,False,0.5376789569854736,-227.7862091064453,3.7766659259796143,-1,True
NH-000d,False,False,False,False,False,0.9333242774009705,-195.57589721679688,2.402677297592163,-1,True
CG-044b,False,False,False,False,False,0.9663810133934021,-155.87477111816406,6.713249683380127,-1,True
NH-565g,False,False,False,False,False,2.210461139678955,-219.0994873046875,1.433290719985962,-1,False
CG-281c,False,False,False,False,False,1.3703570365905762,-97.54757690429688,147.2965087890625,-1,True
IY-028a,False,False,False,False,False,0.6406571269035339,209.38963317871094,0.968938410282135,-1,True
LB-056b,False,False,False,False,False,1.225541353225708,131.077392578125,2.4207870960235596,-1,True
JS-009e,False,False,False,False,False,1.0166447162628174,-213.26756286621094,7.631893634796143,-1,True
WR-709i,False,False,False,False,False,0.6572400331497192,-234.31309509277344,0.5177017450332642,-1,True
BS-865d,False,False,False,False,False,0.7617785930633545,-151.9127197265625,1.7717257738113403,-1,False
BI-500c,False,False,False,False,False,1.6671286821365356,-106.6834487915039,0.031862229108810425,-1,True
OS-053b,False,False,False,False,False,0.6171985864639282,-27.211153030395508,18.33794593811035,-1,True
NH-000b,False,False,False,False,False,0.9757619500160217,-134.51031494140625,17.2071475982666,-1,True
EM-789f,False,False,False,False,False,1.748223900794983,-216.0637969970703,1.7297260761260986,-1,False
AM-644c,False,False,False,False,False,1.0265982151031494,-72.09158325195312,12.506109237670898,-1,True
WR-667c,False,False,False,False,False,1.5996265411376953,-224.9745635986328,0.8133402466773987,-1,False
CG-281f,False,False,False,False,False,2.961498737335205,-191.2726287841797,0.5091593861579895,-1,False
IA-982g,False,False,False,False,False,1.8384990692138672,-144.1197052001953,1.2663071155548096,-1,False
HV-594a,False,False,False,False,False,0.6249682903289795,84.05970001220703,0.5474337935447693,-1,True
AJ-120b,False,True,False,True,False,0.3110785484313965,42.76878356933594,0.038406096398830414,-1,True
XH-556d,True,True,True,True,False,1.196205973625183,-199.59007263183594,41.59520721435547,-1,True
EL-952a,False,False,False,False,False,0.978959321975708,-118.7841567993164,7.141107559204102,-1,True
GK-619a,False,False,False,False,False,0.4351857006549835,423.4967041015625,0.00011085277947131544,-1,True
VH-241e,False,False,False,False,False,1.3910696506500244,-215.92515563964844,2.4261579513549805,-1,True
RC-668h,False,False,False,False,False,1.5219472646713257,-224.13629150390625,1.099525809288025,-1,False
AJ-293c,False,False,False,False,False,0.8384385704994202,-80.32782745361328,1.5643585920333862,-1,True
CG-281d,False,False,False,False,False,0.7248469591140747,-134.08213806152344,0.6881155967712402,-1,False
GK-619e,False,False,False,False,False,1.7014944553375244,-26.531404495239258,33.75070571899414,-1,True
EX-292d,False,False,False,False,False,0.8146149516105652,-136.23431396484375,1.1609243154525757,-1,False
WO-404b,False,False,False,False,False,0.9078788161277771,-10.7968111038208,14.16582202911377,-1,True
FW-691e,False,False,False,False,False,1.069158673286438,-117.15023803710938,34.72278594970703,-1,True
NH-000g,False,False,False,False,False,1.892958641052246,-239.70054626464844,0.5481211543083191,-1,False
JS-009b,False,False,False,False,False,0.7594881653785706,-157.8453826904297,2.105797529220581,-1,True
JS-009g,False,False,False,False,False,1.7318187952041626,-232.26596069335938,0.8642939329147339,-1,False
OS-053c,False,False,False,False,False,0.5960292220115662,-152.0294647216797,1.497872233390808,-1,False
AM-644f,False,False,False,False,False,1.7580351829528809,-199.67794799804688,1.4643186330795288,-1,False
VH-503e,False,False,False,False,False,1.3225398063659668,-182.28717041015625,1.7705903053283691,-1,False
AM-644d,False,False,False,False,False,0.8624438047409058,-127.21981811523438,2.1345925331115723,-1,True
OS-416c,False,False,False,False,False,0.9120116233825684,-81.45262908935547,5.0243330001831055,-1,True
RC-668e,False,False,False,False,False,0.7945117950439453,-145.19200134277344,1.524228572845459,-1,False
WO-099b,False,False,False,False,False,0.6308910250663757,-37.799617767333984,10.257022857666016,-1,True
XS-538e,False,False,False,False,False,0.6792007684707642,-157.25613403320312,2.4256131649017334,-1,True
OS-053e,False,False,False,False,False,2.7027013301849365,-186.05264282226562,0.8254365921020508,-1,False
WO-404e,False,False,False,False,False,0.8907010555267334,-170.2081298828125,0.1349954456090927,-1,True
BN-299c,False,False,False,False,False,1.1430115699768066,204.94601440429688,80.92831420898438,-1,True
GK-619f,False,False,False,False,False,1.9072425365447998,-129.36170959472656,291.41839599609375,-1,True
XU-397i,False,False,False,False,False,0.8333423137664795,-248.75241088867188,20.02727508544922,-1,True
XS-072f,False,False,False,False,False,1.6753712892532349,-180.41873168945312,0.6766524910926819,-1,False
KC-765a,False,True,False,True,False,1.039144515991211,72.49201965332031,12.423250198364258,-1,True
EL-952i,False,False,False,False,False,1.0820329189300537,-240.1049041748047,0.9270869493484497,-1,False
YK-649d,False,True,True,True,False,1.0520975589752197,-148.65103149414062,111.01571655273438,-1,True
OY-569c,True,True,True,True,False,0.7399191856384277,43.84859085083008,5.4183125495910645,-1,True
RY-305e,False,False,False,False,False,1.916006326675415,-175.16177368164062,160.94210815429688,-1,True
EX-292b,False,False,False,False,False,0.9876082539558411,-57.4722785949707,8.594368934631348,-1,True
GK-619g,False,False,False,False,False,1.3173682689666748,-135.22413635253906,1.0911120176315308,-1,False
IA-982a,False,False,False,False,False,0.7501760125160217,507.9933166503906,2.4372801780700684,-1,True
FW-691f,False,False,False,False,False,0.7499195337295532,-121.2795181274414,1.3509166240692139,-1,False
VH-503b,False,False,False,False,False,1.0252935886383057,-32.39779281616211,22.24032974243164,-1,True
GK-619d,False,False,False,False,False,0.9096769690513611,19.32075309753418,0.1650000512599945,-1,True
LG-418g,False,False,False,False,True,2.207559108734131,-187.4332733154297,1.7675100564956665,-1,False
FW-691a,False,False,False,False,False,1.11201012134552,279.9945373535156,11.103824615478516,-1,True
RC-668f,False,False,False,False,False,1.3627372980117798,-186.642822265625,0.5820461511611938,-1,False
FW-691b,False,False,False,False,False,1.1037570238113403,167.99142456054688,49.635128021240234,-1,True
GK-619b,False,False,False,False,False,0.7851500511169434,303.6282653808594,1.9654905796051025,-1,True
BI-500d,False,False,False,False,False,0.9156281352043152,-105.78330993652344,0.5143640041351318,-1,False
TD-203g,False,False,False,False,False,1.5982195138931274,-186.71714782714844,1.49163019657135,-1,False
IY-028e,False,False,False,False,False,0.7081649899482727,-134.85984802246094,1.614183783531189,-1,False
WR-530f,False,False,False,False,False,1.9313814640045166,-201.22726440429688,1.9654910564422607,-1,False
WR-453f,False,False,False,False,False,1.1695270538330078,-186.78921508789062,8.474480628967285,-1,True
XS-072b,False,False,False,False,False,0.6598116755485535,-47.58073425292969,0.010247071273624897,-1,True
OS-053d,False,False,False,False,False,1.7914906740188599,-193.69692993164062,1.515579104423523,-1,False
OS-416b,False,False,False,False,False,0.8377817273139954,43.766414642333984,7.746094226837158,-1,True
OF-586a,False,False,False,False,False,0.7146559953689575,225.91510009765625,19.093835830688477,-1,True
UI-491b,False,False,False,False,False,0.6395643353462219,42.40693283081055,20.542341232299805,-1,True
AJ-293d,False,False,False,False,False,0.7228471636772156,-101.6338882446289,30.335845947265625,-1,True
EL-952h,False,False,False,False,False,2.7208914756774902,-214.50283813476562,1.96762216091156,-1,False
NH-000f,False,False,False,False,False,2.2212636470794678,-226.0346221923828,52.38478088378906,-1,True
JS-009h,False,False,False,False,False,2.8630881309509277,-211.18893432617188,1.2273365259170532,-1,False
WR-186b,False,False,False,False,False,1.130110263824463,-156.17416381835938,1.0484648942947388,-1,True
WR-709d,False,False,False,False,False,1.6721291542053223,-57.54164505004883,91.65709686279297,-1,True
HM-910c,True,True,True,True,False,1.1298327445983887,8.020215034484863,1.1204756498336792,-0.04121685028076172,True
EM-789e,False,False,False,False,False,1.0649218559265137,-190.60385131835938,0.572588324546814,-1,False
VH-778a,False,True,True,True,False,0.6549848318099976,185.76251220703125,0.29691019654273987,-1,True
TD-203h,False,False,False,False,False,1.062554121017456,-236.76693725585938,0.5858479142189026,-1,False
VH-241a,False,False,False,False,False,0.4208429455757141,-134.13516235351562,0.00007272525544976816,-1,True
AJ-293f,False,False,False,False,False,2.515148162841797,-210.39772033691406,1.9165241718292236,-1,False
GK-619c,False,False,False,False,False,1.280673861503601,230.03570556640625,0.028796156868338585,-1,True
XS-072e,False,False,False,False,False,0.7924860119819641,-192.39755249023438,1.8535982370376587,-1,False
YP-951c,False,False,False,False,False,0.9217218160629272,-174.49435424804688,0.9062026739120483,-1,True
EX-292c,False,False,False,False,False,0.39613616466522217,-80.24008178710938,0.6694296002388,-1,False
OS-416e,False,False,False,False,False,1.272871494293213,-166.95985412597656,1.1759822368621826,-1,False
KI-080e,False,False,False,False,False,1.1656218767166138,-171.34481811523438,89.05236053466797,-1,True
GK-619j,False,False,False,False,False,0.8624556660652161,-226.2617645263672,0.657421350479126,-1,True
NH-000e,False,False,False,False,False,1.1250001192092896,-215.78553771972656,27.470441818237305,-1,True
NH-000i,False,False,False,False,False,0.8616999983787537,-233.06626892089844,1.2788728475570679,-1,False
GK-619i,False,False,False,False,False,1.6382849216461182,-204.99908447265625,0.6271566152572632,-1,False
KI-080d,False,False,False,False,False,0.9244201183319092,-141.98410034179688,0.22016465663909912,-1,True
XU-397a,False,False,False,False,False,1.189477562904358,360.57025146484375,30.43655776977539,-1,True
GK-619h,False,False,False,False,False,2.6935060024261475,-174.9800567626953,1.0671446323394775,-1,False
ZV-194h,False,False,False,False,False,2.324561595916748,-209.82272338867188,0.7739697098731995,-1,False
UP-170b,True,True,True,True,False,0.61826092004776,-161.92469787597656,0.9862609505653381,-1,True
EY-303a,False,False,False,False,False,0.699521005153656,65.95237731933594,7.905641555786133,-1,True
EL-952g,False,False,False,False,False,1.45123291015625,-230.2097930908203,1.0917913913726807,-1,False
IZ-654c,False,False,False,False,False,1.0881062746047974,-194.46090698242188,0.5296807289123535,-1,True
TD-152f,False,False,False,False,False,1.4095176458358765,-230.15426635742188,1.7739781141281128,-1,False
BI-500e,False,False,False,False,False,2.2796638011932373,-186.85997009277344,0.6241370439529419,-1,False
WR-709e,False,False,False,False,False,0.6628431677818298,-129.87965393066406,1.503598690032959,-1,False
EL-952f,False,False,False,False,False,1.825487494468689,-172.2105712890625,5.9748687744140625,-1,True
NG-848d,False,True,False,True,False,1.280226469039917,39.23736572265625,47.655887603759766,-1,True
HV-594b,False,False,False,False,False,0.8887001872062683,-47.85857391357422,12.750447273254395,-1,True
LG-913g,False,False,False,False,False,1.6832019090652466,-236.01382446289062,1.6674060821533203,-1,False
TD-298f,False,False,False,False,False,1.7801673412322998,-188.720947265625,1.1907848119735718,-1,False
ZV-307f,False,True,True,True,False,1.0516839027404785,-110.98737335205078,1.230871558189392,-1,False
EY-303f,False,False,False,False,False,1.5511910915374756,-199.91864013671875,1.7785085439682007,-1,False
FW-691g,False,False,False,False,False,1.9701370000839233,-173.99740600585938,0.7659551501274109,-1,False
OF-586c,False,False,False,False,False,0.23621010780334473,-39.89120101928711,0.07918959856033325,-1,True
QV-420c,False,False,False,False,False,0.71407550573349,-192.0955352783203,1.9016674757003784,-1,True
MG-483h,False,False,False,False,False,2.8568286895751953,-212.2299346923828,1.2847387790679932,-1,False
VH-241d,False,False,False,False,False,0.8920993804931641,-133.64430236816406,39.165775299072266,-1,True
WO-907a,False,False,False,False,False,1.29400634765625,124.50285339355469,7.84958553314209,-1,True
CH-657d,False,False,False,False,False,0.2751651704311371,-185.75868225097656,0.0010820339666679502,-1,True
OY-701b,False,False,False,False,False,1.2071027755737305,-195.35391235351562,1.9757448434829712,-1,True
AU-290b,False,False,False,False,False,0.4099487364292145,-151.58209228515625,0.22111520171165466,-1,True
WO-907c,False,False,False,False,False,0.47776558995246887,-93.15947723388672,1.2510732412338257,-1,False
RC-668g,False,False,False,False,False,2.4780919551849365,-188.61642456054688,1.4667282104492188,-1,False
MG-483e,False,False,False,False,False,1.4793695211410522,-97.40496826171875,142.35194396972656,-1,True
AJ-293e,False,False,False,False,False,0.7122858762741089,-160.52395629882812,1.8961368799209595,-1,False
NH-000h,False,False,False,False,False,2.6034297943115234,-209.99209594726562,1.617546796798706,-1,False
HP-933d,False,False,False,False,False,1.2874106168746948,-70.47157287597656,0.012275210581719875,-1,True
XU-397e,False,False,False,False,False,1.764407753944397,-148.83181762695312,918.0340576171875,-1,True
EL-952c,False,False,False,False,False,0.39557114243507385,-180.55502319335938,0.00025502967764623463,-1,True
KW-358d,True,True,True,True,False,1.4609686136245728,-213.95729064941406,37.16367721557617,-1,True
FW-691d,False,False,False,False,False,1.10759437084198,-48.09468460083008,0.6277336478233337,-1,True
WO-404a,False,False,False,False,False,0.3246779143810272,-142.1391143798828,0.0002897288359235972,-1,True
BN-386b,False,False,False,False,False,0.7338252067565918,-49.29762268066406,4.181605339050293,-1,True
KI-080a,False,False,False,False,False,1.2837001085281372,90.04998779296875,0.000302128930343315,-1,True
QF-764a,False,True,False,True,False,0.6482140421867371,17.897300720214844,0.4201347827911377,-1,True
KQ-520d,False,False,False,False,False,1.1457089185714722,-204.56690979003906,25.880615234375,-1,True
KQ-520b,False,False,False,False,False,0.8370391130447388,-121.2884292602539,21.043872833251953,-1,True
DC-823b,True,True,True,True,False,1.1696984767913818,14.017507553100586,0.7863293290138245,0.10851132869720459,True
UB-860c,True,True,True,True,False,1.254593014717102,136.04135131835938,31.290090560913086,-1,True
RC-668d,False,False,False,False,False,0.9855590462684631,-135.666015625,6.5820841789245605,-1,True
YK-005c,False,False,False,False,False,0.6936288475990295,-58.58495330810547,12.484156608581543,-1,True
TD-203a,False,False,False,False,False,0.3146255910396576,94.05420684814453,0.023975351825356483,-1,True
MG-483b,False,False,False,False,False,0.5817183256149292,0.6014907360076904,8.264745712280273,-1,True
DX-561a,False,False,False,False,False,0.5603026151657104,-135.6090087890625,0.5348238945007324,-1,False
EL-952j,False,False,False,False,False,1.6040632724761963,-239.79127502441406,30.202749252319336,-1,True
IZ-911b,False,False,False,False,False,0.33707019686698914,30.000070571899414,0.12632136046886444,-1,True
MG-483c,False,False,False,False,False,0.4885072410106659,29.762609481811523,6.296486854553223,-1,True
HP-454g,False,False,True,False,False,1.9756712913513184,-184.12908935546875,1.3001693487167358,-1,False
CH-657b,False,False,False,False,False,0.5494537949562073,-164.61813354492188,1.430945873260498,-1,True
XU-397d,False,False,False,False,False,0.7034753561019897,-87.18133544921875,34.74276351928711,-1,True
NH-000j,False,False,False,False,False,0.27553147077560425,-230.950439453125,0.08393808454275131,-1,True
AW-006c,False,False,False,False,False,0.9349614381790161,39.83816146850586,90.0372085571289,-1,True
LS-746b,True,True,True,True,False,1.1917591094970703,1.1492358446121216,0.4305327236652374,-1,True
YI-552b,True,True,True,False,False,0.7600411772727966,-86.26242065429688,8.104018211364746,-1,True
GH-780d,False,True,False,True,False,0.689883828163147,-53.930301666259766,1.1070951223373413,-1,True
IA-158d,True,True,True,True,False,0.8229400515556335,-220.28172302246094,0.6591183543205261,-1,True
ZV-896d,False,True,True,True,False,0.27547723054885864,-115.11327362060547,0.018513403832912445,-1,True
MG-483d,False,False,False,False,False,0.9004693627357483,-86.69648742675781,1.9258852005004883,-1,True
ZK-780a,False,True,True,False,False,0.5843624472618103,-132.1072235107422,1.5522602796554565,-1,True
TD-203f,False,False,False,False,False,0.868675172328949,-181.48623657226562,0.6929013133049011,-1,False
DX-561b,False,False,False,False,False,1.5036225318908691,-198.8030242919922,41.19784927368164,-1,True
KQ-451e,False,True,False,True,False,1.924128770828247,56.848350524902344,17.94321632385254,-1,True
HM-301g,True,True,True,True,False,2.0268733501434326,-185.98045349121094,1.3976707458496094,-1,False
EW-604a,True,True,True,True,False,1.4857021570205688,-123.25943756103516,71.93277740478516,-1,True
OF-208d,False,True,True,True,False,0.9085395336151123,-4.61395788192749,3.5050106048583984,-1,True
GH-082c,False,True,False,True,False,0.4658135771751404,5.77556037902832,0.09238576889038086,-1,True
EL-952e,False,False,False,False,False,0.8849325776100159,-171.14337158203125,10.447096824645996,-1,True
QR-971a,False,False,False,False,False,0.878619372844696,-62.33271789550781,13.979004859924316,-1,True
QQ-645b,True,True,True,True,False,0.943680465221405,-5.185489654541016,0.026328597217798233,-1,True
EL-952d,False,False,False,False,False,1.0560524463653564,-200.12916564941406,3.804516315460205,-1,True
AW-006d,False,False,False,False,False,1.5279252529144287,-82.41587829589844,3.449411153793335,-1,True
BN-386a,False,False,False,False,False,0.5358524918556213,110.9401626586914,0.0000028111867322877515,-1,True
WR-453g,False,False,False,False,False,2.286902666091919,-161.45065307617188,1.3850704431533813,-1,False
WR-709f,False,False,False,False,False,2.084765672683716,-167.87570190429688,0.509332537651062,-1,False
WR-667b,False,False,False,False,False,0.7997228503227234,-206.9954071044922,0.0344620980322361,-1,True
KQ-520e,False,False,False,False,False,0.8696525692939758,-200.09329223632812,0.7085312008857727,-1,False
KQ-520c,False,False,False,False,False,0.9793968796730042,-178.26576232910156,1.5065866708755493,-1,True
CH-657c,False,False,False,False,False,1.0039561986923218,-157.7769317626953,6.008730888366699,-1,True
AU-290a,False,False,False,False,False,0.41297823190689087,-129.94956970214844,0.35639867186546326,-1,True
KQ-520a,False,False,False,False,False,0.6714574694633484,-126.27848052978516,0.03290819376707077,-1,True
KQ-520g,False,False,False,False,False,1.6221892833709717,-221.3074188232422,1.198881983757019,-1,False
IZ-654b,False,False,False,False,False,0.783642053604126,-98.5242919921875,0.26893651485443115,-1,True
QR-971d,False,False,False,False,False,0.6350454092025757,-200.3065643310547,1.8694220781326294,-1,False
XU-397c,False,False,False,False,False,1.3915141820907593,-124.21125793457031,24.548322677612305,-1,True
WR-530e,False,False,False,False,False,0.7927680611610413,-158.4080810546875,1.1235600709915161,-1,False
BN-386f,False,False,False,False,False,2.2200441360473633,-157.22711181640625,1.806429147720337,-1,False
EY-303g,False,False,False,False,False,2.1540348529815674,-180.13104248046875,1.8435999155044556,-1,False
XD-027e,False,False,False,False,False,0.7463976144790649,-133.47430419921875,1.7291699647903442,-1,False
WR-186e,False,False,False,False,False,0.7502011656761169,-174.87796020507812,1.4185768365859985,-1,False
WR-453d,False,False,False,False,False,0.6462451815605164,-18.996387481689453,42.38335037231445,-1,True
GY-919c,False,False,False,False,False,1.1839661598205566,-195.04737854003906,41.82597351074219,-1,True
WR-709g,False,False,False,False,False,2.1639223098754883,-194.1270294189453,0.7099825739860535,-1,False
XS-538a,False,False,False,False,False,0.4602358043193817,298.1912841796875,0.9614084362983704,-1,True
MG-483a,False,False,False,False,False,0.5502022504806519,155.08590698242188,0.30526334047317505,-1,True
YW-240b,True,True,True,True,False,1.0098897218704224,-154.57115173339844,1.9522777795791626,-1,True
BN-386h,False,False,False,False,False,1.3200784921646118,-199.85513305664062,1.0116682052612305,-1,False
EY-577c,False,False,False,False,False,0.7974888682365417,-159.10552978515625,33.58700942993164,-1,True
OF-586d,False,False,False,False,False,1.1932673454284668,-110.75187683105469,7.254799842834473,-1,True
MG-708a,False,False,False,False,False,0.9379861354827881,100.88467407226562,1.4837148189544678,-1,True
OP-964a,False,False,False,False,False,1.0839502811431885,48.66513442993164,0.0004943181411363184,-1,True
OP-964d,False,False,False,False,False,2.065499782562256,-174.2904052734375,1.1585478782653809,-1,False
XD-354g,True,False,False,False,False,1.481429934501648,-196.72799682617188,1.5953532457351685,-1,False
JS-869b,False,False,False,False,False,0.7821770310401917,-152.9150390625,25.61134910583496,-1,True
QR-971e,False,False,False,False,False,2.094151735305786,-229.9243927001953,1.7671822309494019,-1,False
JS-869f,False,False,False,False,False,1.7840269804000854,-221.20358276367188,0.9701979160308838,-1,False
KQ-520h,False,False,False,False,False,1.4309539794921875,-218.3484649658203,1.6807734966278076,-1,False
LG-913b,False,False,False,False,False,0.9766619801521301,100.7835922241211,1.013271689414978,-1,True
LG-418d,False,False,False,False,True,0.8114879727363586,-171.8623809814453,20.935945510864258,-1,True
TD-298e,False,False,False,False,False,2.0178027153015137,-152.33053588867188,1.6376376152038574,-1,False
OP-964b,False,False,False,False,False,0.8978723883628845,112.11519622802734,20.714502334594727,-1,True
WR-530a,False,False,False,False,False,0.3855680525302887,119.2120590209961,0.05293622240424156,-1,True
EY-303c,False,False,False,False,False,0.9382438063621521,-51.031333923339844,4.163243293762207,-1,True
XS-538b,False,False,False,False,False,0.8601338267326355,5.777523994445801,2.2374343872070312,-1,True
WR-186a,False,False,False,False,False,0.7936297059059143,-133.93490600585938,1.0930899381637573,-1,True
TD-331e,False,False,False,False,False,1.0019731521606445,-190.8804931640625,0.5139358639717102,-1,False
MG-483g,False,False,False,False,False,1.8101387023925781,-190.66598510742188,0.6326268315315247,-1,False
UB-808b,False,True,False,True,False,0.7203261256217957,-136.67196655273438,1.8789210319519043,-1,True
TD-152g,False,False,False,False,False,2.2147927284240723,-231.56459045410156,1.648990273475647,-1,False
JS-869e,False,False,False,False,False,0.7570947408676147,-193.7285919189453,0.6325627565383911,-1,False
KQ-520i,False,False,False,False,False,1.1981807947158813,-250.30508422851562,50.69905471801758,-1,True
MG-483f,False,False,False,False,False,1.0027282238006592,-184.3331756591797,1.7662177085876465,-1,False
OF-586e,False,False,False,False,False,0.6315267086029053,-118.08018493652344,1.5252015590667725,-1,False
XU-397g,False,False,False,False,False,2.8997888565063477,-196.330810546875,0.5941159129142761,-1,False
KQ-520f,False,False,False,False,False,1.436130404472351,-225.89210510253906,1.1410478353500366,-1,False
HV-594f,False,False,False,False,False,1.6335740089416504,-201.66754150390625,0.5582133531570435,-1,False
DX-561d,False,False,False,False,False,0.9487033486366272,-197.56935119628906,1.5511239767074585,-1,False
XU-397h,False,False,False,False,False,1.0678092241287231,-214.43167114257812,1.8824628591537476,-1,False
YP-951g,False,False,False,False,False,1.7039483785629272,-195.71058654785156,1.0427587032318115,-1,False
EM-988d,False,False,False,False,False,1.201110601425171,-141.13221740722656,2.876973867416382,-1,True
XD-027d,False,False,False,False,False,0.8136672377586365,12.398253440856934,34.945926666259766,-1,True
DX-561c,False,False,False,False,False,0.8038277626037598,-181.76365661621094,8.313015937805176,-1,True
OP-964e,False,False,False,False,False,2.7335290908813477,-201.21987915039062,1.126757025718689,-1,False
TO-392a,True,True,True,True,False,0.33899495005607605,108.36620330810547,0.002035021549090743,-1,True
CB-528a,False,False,False,False,False,0.9471424221992493,9.45265007019043,9.864456176757812,-1,True
TD-228a,False,False,False,False,False,0.7635399103164673,215.0760040283203,0.5203810334205627,-1,True
LG-418a,False,False,False,False,True,0.6113587021827698,171.0897674560547,1.9287663698196411,-1,True
TD-331a,False,False,False,False,False,1.5241286754608154,-129.1274871826172,3.665398120880127,-1,True
UP-462e,False,False,False,False,False,0.8023648858070374,-150.20594787597656,0.3400001525878906,-1,True
RV-854b,False,False,False,False,False,1.2849050760269165,137.34608459472656,16.000167846679688,-1,True
QR-971c,False,False,False,False,False,1.377058744430542,-208.4683074951172,26.774147033691406,-1,True
JS-753h,False,False,False,False,False,2.781625747680664,-193.85801696777344,1.4624720811843872,-1,False
QR-971b,False,False,False,False,False,1.1281520128250122,-152.4676971435547,43.31764602661133,-1,True
XD-027c,False,False,False,False,False,0.7581368088722229,100.47847747802734,2.340237855911255,-1,True
EM-988g,False,False,False,False,False,2.3623547554016113,-203.0660400390625,1.9437055587768555,-1,False
XU-397f,False,False,False,False,False,2.191115379333496,-178.94418334960938,0.552378237247467,-1,False
LG-913d,False,False,False,False,False,1.0491493940353394,-142.70294189453125,7.196313381195068,-1,True
JS-753a,False,False,False,False,False,0.5577539801597595,207.9929962158203,0.026812739670276642,-1,True
OF-098a,False,False,False,False,False,0.5605136156082153,175.29949951171875,4.566310405731201,-1,True
YK-649e,False,True,True,True,False,0.9973530173301697,-210.380859375,18.640390396118164,-1,True
KW-020e,False,True,True,True,False,1.4751417636871338,-105.10681915283203,3.7101869583129883,-1,True
YW-685a,False,False,False,False,False,1.061429738998413,106.81993103027344,29.78583526611328,-1,True
WB-675i,True,True,True,True,False,1.218695044517517,-220.82241821289062,0.7665703892707825,-1,False
UP-462a,False,False,False,False,False,0.5440370440483093,93.92335510253906,2.1320548057556152,-1,True
JS-753f,False,False,False,False,False,0.9884485006332397,-166.9113006591797,0.9539227485656738,-1,False
WR-530d,False,False,False,False,False,0.9712972044944763,-82.87765502929688,0.5052837133407593,-1,True
UB-808g,False,True,False,True,False,2.413037061691284,-234.76065063476562,1.2134299278259277,-1,False
WR-186d,False,False,False,False,False,0.8242493271827698,-165.08702087402344,6.578214168548584,-1,True
JS-869a,False,False,False,False,False,0.9539486169815063,-111.68340301513672,0.728319525718689,-1,True
RV-854e,False,False,False,False,False,0.9040504693984985,-101.99417114257812,1.2602241039276123,-1,False
WR-453e,False,False,False,False,False,0.8834643959999084,-169.33656311035156,0.09089665859937668,-1,True
LG-913c,False,False,False,False,False,0.7849071025848389,-119.01954650878906,0.0586029589176178,-1,True
AU-290c,False,False,False,False,False,0.23400208353996277,-168.30726623535156,0.025780348107218742,-1,True
QR-971f,False,False,False,False,False,2.261298418045044,-244.1693878173828,1.3104910850524902,-1,False
WO-099a,False,False,False,False,False,0.42617058753967285,112.46643829345703,0.0006816749810241163,-1,True
UP-462h,False,False,False,False,False,1.6945468187332153,-206.3719024658203,1.7389127016067505,-1,False
OP-964c,False,False,False,False,False,1.0350759029388428,-72.65291595458984,5.650088310241699,-1,True
LG-913a,False,False,False,False,False,1.127991795539856,107.61151885986328,51.289791107177734,-1,True
EY-303h,False,False,False,False,False,1.5933279991149902,-221.59866333007812,0.7301987409591675,-1,False
HV-594h,False,False,False,False,False,1.158057689666748,-209.51321411132812,1.8702709674835205,-1,False
BN-386g,False,False,False,False,False,2.7149271965026855,-202.84442138671875,1.9357784986495972,-1,False
QJ-684e,False,True,True,True,False,0.5764553546905518,-151.21786499023438,1.5456862449645996,-1,False
TD-152a,False,False,False,False,False,0.8771264553070068,-126.03515625,1.6165531873703003,-1,True
CB-528b,False,False,False,False,False,0.9952441453933716,-67.57955932617188,0.16506554186344147,-1,True
IZ-654a,False,False,False,False,False,0.3250885605812073,-137.1775360107422,0.0011630035005509853,-1,True
HP-933c,False,False,False,False,False,1.1502100229263306,-53.89009475708008,12.845596313476562,-1,True
VH-874c,True,True,True,True,False,0.9046876430511475,-190.7969970703125,11.095359802246094,-1,True
XH-556b,True,True,True,True,False,1.2504994869232178,-141.46847534179688,9.812143325805664,-1,True
CB-528c,False,False,False,False,False,1.6793192625045776,-151.228271484375,8.329490661621094,-1,True
TD-152d,False,False,False,False,False,1.070948839187622,-215.5771942138672,8.272215843200684,-1,True
SO-014b,False,False,False,False,False,1.1022111177444458,-164.97573852539062,18.745258331298828,-1,True
XG-751b,True,True,True,True,False,0.7340846061706543,3.906308650970459,1.8622101545333862,-1,True
YA-471h,False,True,True,True,False,1.426251769065857,-209.42523193359375,0.9957525134086609,-1,False
ZV-759e,True,True,True,True,False,0.8579395413398743,-145.44017028808594,10.858426094055176,-1,True
IA-151d,True,True,True,True,False,1.517029047012329,-117.84209442138672,1.8064056634902954,-1,True
JS-753d,False,False,False,False,False,1.1913514137268066,-116.1435546875,74.39842224121094,-1,True
XU-397b,False,False,False,False,False,1.0792605876922607,-51.37296676635742,2.777484178543091,-1,True
CG-856a,False,False,False,False,False,1.1290407180786133,-115.98824310302734,0.5676647424697876,-1,True
AW-284d,False,True,False,True,False,1.2560786008834839,-167.5247039794922,0.748970627784729,-1,True
YA-471d,False,True,True,True,False,1.7986241579055786,-149.9164581298828,1.7224836349487305,-1,True
CB-528e,False,False,False,False,False,1.8746109008789062,-178.2900848388672,0.9777111411094666,-1,False
HV-594d,False,False,False,False,False,0.7460552453994751,-164.07968139648438,0.1124398484826088,-1,True
WR-453a,False,False,False,False,False,0.6733323335647583,78.55039978027344,0.4695291221141815,-1,True
OF-098b,False,False,False,False,False,1.0839697122573853,180.49658203125,28.66834831237793,-1,True
UP-462d,False,False,False,False,False,1.1400690078735352,-59.57038879394531,12.674571990966797,-1,True
JS-753g,False,False,False,False,False,1.4800872802734375,-152.18087768554688,0.7396462559700012,-1,False
CB-528f,False,False,False,False,False,2.135532855987549,-183.8759002685547,1.6978884935379028,-1,False
JS-753e,False,False,False,False,False,0.8506197929382324,-142.50308227539062,8.802399635314941,-1,True
XD-027a,False,False,False,False,False,0.4806535243988037,522.4907836914062,1.499620795249939,-1,True
EY-303i,False,False,False,False,False,0.38004153966903687,-224.3400115966797,0.010893723927438259,-1,True
OF-098g,False,False,False,False,False,1.518577218055725,-146.33782958984375,0.9420138597488403,-1,False
WB-675d,True,True,True,True,False,1.1018879413604736,-84.81633758544922,0.25702181458473206,-1,True
SO-715a,False,False,False,False,False,0.9564578533172607,-39.33686065673828,33.607357025146484,-1,True
NJ-094a,False,False,False,False,False,0.7414253950119019,63.49734115600586,6.770216464996338,-1,True
SO-014f,False,False,False,False,False,0.7939549088478088,-213.12205505371094,1.8553062677383423,-1,False
TD-331c,False,True,False,True,False,0.4583674967288971,-80.5963363647461,0.07495155930519104,-1,True
NJ-094e,False,False,False,False,False,0.5421369075775146,-185.77830505371094,1.2521843910217285,-1,False
QJ-684b,True,True,True,True,False,0.4192342162132263,13.132354736328125,0.03122766688466072,-1,True
VH-874d,False,True,True,True,False,0.9895515441894531,-194.6138916015625,1.9529660940170288,-1,False
VH-778f,False,True,False,False,False,2.543511390686035,-199.33006286621094,0.5893203020095825,-1,False
YW-240c,True,True,True,True,False,0.8678548336029053,-173.81707763671875,1.7314666509628296,-1,True
MG-623a,False,False,False,False,False,0.6624361872673035,105.34300231933594,6.946377277374268,-1,True
UP-462g,False,False,False,False,False,2.090078592300415,-172.01060485839844,0.567125678062439,-1,False
XG-287a,False,True,False,True,False,0.31286337971687317,18.00558853149414,0.0047211842611432076,-1,True
FA-382d,False,False,False,False,False,1.1334214210510254,-213.8193359375,2.288224220275879,-1,True
BN-386e,False,False,False,False,False,0.6734215617179871,-165.14830017089844,0.8431603312492371,-1,False
TD-152e,False,False,False,False,False,0.638943076133728,-221.69667053222656,1.6556810140609741,-1,False
XG-326d,True,True,True,True,False,0.7018040418624878,-74.98999786376953,1.1473075151443481,-1,True
CB-528d,False,False,False,False,False,0.6855451464653015,-164.596435546875,1.1039663553237915,-1,False
XV-825d,False,True,False,True,False,1.004424810409546,2.794093608856201,26.7589168548584,-1,True
JS-869d,False,False,False,False,False,0.6510956883430481,-196.21588134765625,4.290916919708252,-1,True
WU-070e,True,True,True,True,False,1.3558199405670166,-217.77340698242188,30.554113388061523,-1,True
CH-771a,True,True,True,True,False,1.0753660202026367,29.85862922668457,1.4652262926101685,0.3954429626464844,True
YI-209c,False,True,True,True,False,0.8476498126983643,-187.16807556152344,0.8381339311599731,-1,True
TD-228d,False,False,False,False,False,1.0109684467315674,-41.06788635253906,0.05743935704231262,-1,True
SG-779d,False,False,False,False,False,0.7183594703674316,-76.84686279296875,1.4648224115371704,-1,True
FA-382a,False,False,False,False,False,1.0239589214324951,-164.5417938232422,1.0371510982513428,-1,True
MG-623c,False,False,False,False,False,0.6050623655319214,-85.2322006225586,2.590627670288086,-1,True
UP-462b,False,False,False,False,False,0.7121304869651794,136.23228454589844,0.006753982976078987,-1,True
WO-404c,False,False,False,False,False,0.7987267374992371,-103.06375885009766,16.134323120117188,-1,True
WR-453c,False,False,False,False,False,0.8021804690361023,-3.274510383605957,2.7784576416015625,-1,True
SO-715f,False,False,False,False,False,2.54403018951416,-222.9860382080078,1.1603994369506836,-1,False
WO-052f,False,False,False,False,False,0.6170116066932678,-120.06108856201172,0.7044625282287598,-1,False
TD-152c,False,False,False,False,False,1.3075916767120361,-184.9438934326172,37.29224395751953,-1,True
BN-386i,False,False,False,False,False,1.2174090147018433,-247.25665283203125,7.996975898742676,-1,True
SO-014a,False,False,False,False,False,0.9302456378936768,-132.67002868652344,0.22324731945991516,-1,True
AU-290d,False,False,False,False,False,0.7594387531280518,-191.19822692871094,29.794557571411133,-1,True
NJ-094g,False,False,False,False,False,2.4660675525665283,-182.1808624267578,0.6628783941268921,-1,False
HV-594e,False,False,False,False,False,0.706139326095581,-176.2863006591797,1.090859055519104,-1,False
UP-462c,False,False,False,False,False,0.8936049342155457,-20.581926345825195,12.478104591369629,-1,True
XG-326c,True,True,True,True,False,0.42828094959259033,-64.46674346923828,0.6493696570396423,-1,True
QV-865a,False,False,False,False,False,0.5558357834815979,128.52886962890625,1.0401651859283447,-1,True
DX-561e,False,False,False,False,False,1.4497328996658325,-224.75975036621094,1.3723920583724976,-1,False
GY-919b,False,False,False,False,False,1.1471126079559326,-123.46080017089844,84.22384643554688,-1,True
OF-586f,False,False,False,False,False,2.396696090698242,-144.61676025390625,0.6917542815208435,-1,False
UI-199c,False,False,False,False,False,0.7164492011070251,-55.39393615722656,0.3376688063144684,-1,True
SO-014h,False,False,False,False,False,1.6213737726211548,-246.844970703125,1.0811914205551147,-1,False
WR-453b,False,False,False,False,False,0.3180755376815796,13.78571891784668,0.03799095004796982,-1,True
EY-577e,False,False,False,False,False,1.6476975679397583,-222.7139892578125,1.3556272983551025,-1,False
UI-199d,False,False,False,False,False,1.1225298643112183,-68.01958465576172,1.1719883680343628,-1,False
QV-865d,False,False,False,False,False,0.6788253784179688,-181.69522094726562,1.1050533056259155,-1,True
NJ-094f,False,False,False,False,False,2.2149128913879395,-164.73971557617188,0.7440109848976135,-1,False
UP-462i,False,False,False,False,False,1.104756236076355,-231.40579223632812,1.1541322469711304,-1,False
FA-382b,False,False,False,False,False,0.6769519448280334,-164.6146240234375,0.21106986701488495,-1,True
SG-779g,False,False,False,False,False,1.309889793395996,-193.46478271484375,1.748613953590393,-1,False
UI-199g,False,False,False,False,False,1.473240613937378,-180.1527099609375,1.050132393836975,-1,False
MG-623b,False,False,False,False,False,0.7029551863670349,115.66973876953125,4.6377177238464355,-1,True
ZV-194c,True,True,True,True,False,1.1662811040878296,-147.6450653076172,87.24151611328125,-1,True
TD-203c,False,True,True,True,False,0.9048724174499512,44.058719635009766,46.478328704833984,-1,True
SO-715e,False,False,False,False,False,1.7886487245559692,-228.5526123046875,0.5614715218544006,-1,False
QF-497a,False,False,False,False,False,0.6042355298995972,-115.98350524902344,2.1181650161743164,-1,True
QF-764d,False,False,False,False,False,1.3404884338378906,-163.11593627929688,93.43448638916016,-1,True
HM-049b,True,True,True,True,False,0.7797946333885193,7.639893531799316,1.2500886917114258,0.0021399259567260742,True
UB-808d,False,True,False,True,False,0.8976988196372986,-203.27328491210938,1.0864993333816528,-1,True
UI-491f,False,False,False,False,False,0.5739918351173401,-175.29991149902344,1.896357536315918,-1,False
HV-594g,False,False,False,False,False,2.784313440322876,-213.52488708496094,1.248144268989563,-1,False
LS-300c,True,True,True,True,False,1.019014596939087,48.93814468383789,0.4784526228904724,-1,True
OT-889c,True,True,True,True,False,0.6616126894950867,-62.096839904785156,0.5908275246620178,-1,True
FW-129a,False,False,False,False,False,0.8098779916763306,119.46379852294922,0.13943363726139069,-1,True
WR-530c,False,False,False,False,False,0.9665203094482422,-63.05935287475586,5.959540367126465,-1,True
FW-129f,False,False,False,False,False,0.5939063429832458,-163.79220581054688,1.6811004877090454,-1,False
NJ-094c,False,False,False,False,False,0.8993960618972778,-104.82789611816406,22.775632858276367,-1,True
DX-561f,False,False,False,False,False,2.5251197814941406,-224.83749389648438,1.9963431358337402,-1,False
SO-014e,False,False,False,False,False,1.5158777236938477,-221.6469268798828,17.268281936645508,-1,True
SO-715g,False,False,False,False,False,1.1232889890670776,-249.4514617919922,1.7641277313232422,-1,False
DX-561g,False,False,False,False,False,0.9964951276779175,-245.54200744628906,1.274330496788025,-1,False
HV-813g,False,False,False,False,False,1.855505347251892,-227.45556640625,1.6912484169006348,-1,False
OF-883g,False,False,False,False,False,1.084219217300415,-236.86912536621094,1.4658377170562744,-1,False
UP-462f,False,False,False,False,False,0.87965989112854,-150.2147979736328,1.8843002319335938,-1,False
HV-813c,False,False,False,False,False,0.4502566456794739,-168.76461791992188,0.31604301929473877,-1,True
VI-001c,False,False,False,False,False,1.0885047912597656,-117.00468444824219,23.284852981567383,-1,True
QV-865b,False,False,False,False,False,0.848543107509613,-151.66566467285156,5.538057327270508,-1,True
EX-183e,False,False,False,False,False,1.254158854484558,-130.44419860839844,0.7007803320884705,-1,True
VI-001a,False,False,False,False,False,0.67522794008255,-133.9682159423828,0.9975696206092834,-1,True
NJ-094b,False,False,False,False,False,0.42600396275520325,-40.778076171875,2.628580093383789,-1,True
SG-779b,False,False,False,False,False,0.7959035634994507,90.60609436035156,11.053458213806152,-1,True
SG-779f,False,False,False,False,False,1.4788401126861572,-184.76080322265625,26.2204532623291,-1,True
VI-001b,False,False,False,False,False,1.1752827167510986,-142.35740661621094,5.487344741821289,-1,True
VI-001i,False,False,False,False,False,1.5817615985870361,-260.46942138671875,0.19440273940563202,-1,True
QF-764e,False,False,False,False,False,1.602311134338379,-161.4280242919922,0.8719774484634399,-1,False
VI-001h,False,False,False,False,False,1.2974929809570312,-254.7643280029297,1.7353901863098145,-1,False
HM-910b,True,True,True,True,False,0.5184140801429749,138.17176818847656,4.7837748527526855,-1,True
FA-035a,False,False,False,False,False,0.47914499044418335,121.33485412597656,0.05328456684947014,-1,True
QF-497e,False,False,False,False,False,0.9154075384140015,-185.59434509277344,1.8801159858703613,-1,False
LS-436a,False,False,False,False,False,1.1894567012786865,30.45515251159668,47.134498596191406,-1,True
ZV-759d,True,True,True,True,False,1.0256391763687134,-92.84961700439453,34.20396041870117,-1,True
XD-027g,False,False,False,False,False,2.4998555183410645,-168.6544952392578,1.0089744329452515,-1,False
XD-027f,False,False,False,False,False,2.1855154037475586,-180.44215393066406,1.1532261371612549,-1,False
EM-988c,False,False,False,False,False,0.6205821633338928,-96.95868682861328,1.0565760135650635,-1,True
HV-594i,False,False,False,False,False,0.4934707581996918,-220.97418212890625,0.42552417516708374,-1,True
EY-303e,False,False,False,False,False,1.5766210556030273,-193.0565185546875,112.96031188964844,-1,True
GY-919d,False,False,False,False,False,0.8604398369789124,-221.47225952148438,1.2271103858947754,-1,False
EY-577a,False,False,False,False,False,0.797464907169342,114.37142181396484,1.3762916326522827,-1,True
HV-813d,False,False,False,False,False,0.7899152040481567,-202.1456756591797,2.2436530590057373,-1,True
SO-014d,False,False,False,False,False,0.6473707556724548,-194.8594970703125,5.026429176330566,-1,True
YP-951f,False,False,False,False,False,0.5385720729827881,-183.90052795410156,1.160849690437317,-1,False
HM-517g,False,False,False,False,False,2.1386263370513916,-177.8441162109375,1.6534926891326904,-1,False
EX-183g,False,False,False,False,False,2.200134754180908,-187.3942108154297,1.7813612222671509,-1,False
OF-098c,False,False,False,False,False,0.6171463131904602,90.22300720214844,2.157068967819214,-1,True
GM-498a,True,True,True,True,False,0.744032621383667,198.07118225097656,5.328840732574463,-1,True
EW-445f,False,False,False,False,False,0.5728672742843628,-199.40554809570312,1.217025637626648,-1,False
EM-988e,False,False,False,False,False,1.2678760290145874,-169.43319702148438,12.715343475341797,-1,True
LS-436d,False,False,False,False,False,0.718963623046875,-129.4608612060547,0.0664987862110138,-1,True
FA-382c,False,False,False,False,False,1.2249655723571777,-207.8170166015625,0.016457587480545044,-1,True
FW-129g,False,False,False,False,False,1.4707549810409546,-158.59788513183594,1.7890853881835938,-1,False
QF-497f,False,False,False,False,False,2.1147985458374023,-201.801025390625,1.7088074684143066,-1,False
YP-888h,True,True,True,False,False,1.6159206628799438,-218.46017456054688,1.7925474643707275,-1,False
KI-401d,True,True,True,True,False,1.6118745803833008,-185.16647338867188,1.9045907258987427,-1,False
YP-951d,False,False,False,False,False,0.8908430933952332,-185.9759521484375,2.707247495651245,-1,True
XD-027b,False,False,False,False,False,0.7974017262458801,231.634765625,3.9744651317596436,-1,True
HV-813b,False,False,False,False,False,0.3020930886268616,-61.54055404663086,0.11930936574935913,-1,True
QF-764b,False,False,False,False,False,1.0886949300765991,-73.39549255371094,17.100351333618164,-1,True
HM-517h,False,False,False,False,False,2.759517192840576,-201.635009765625,1.6497691869735718,-1,False
GH-459c,False,True,False,True,False,0.935562252998352,38.858543395996094,1.058533787727356,0.2999829053878784,True
QF-764c,False,False,False,False,False,0.9891874194145203,-114.18770599365234,3.3165512084960938,-1,True
QF-497c,False,False,False,False,False,0.832348108291626,-201.22154235839844,0.6692596673965454,-1,True
NJ-094d,False,False,False,False,False,1.493586778640747,-105.00917053222656,25.324352264404297,-1,True
OF-098f,False,False,False,False,False,0.9548994302749634,-159.3712921142578,1.0736145973205566,-1,False
BN-386d,False,False,False,False,False,0.7149643898010254,-109.2476577758789,33.62874984741211,-1,True
MG-623g,False,False,False,False,False,2.4593911170959473,-176.83924865722656,1.7308493852615356,-1,False
LS-436b,False,False,False,False,False,0.345600426197052,-52.36870193481445,0.04521254822611809,-1,True
EW-445d,False,False,False,False,False,0.2904740869998932,-202.62644958496094,0.018117574974894524,-1,True
EM-988b,False,False,False,False,False,1.2400963306427002,-36.621070861816406,76.45244598388672,-1,True
HM-517f,False,False,False,False,False,0.5533437728881836,-121.78876495361328,0.553168773651123,-1,False
SO-715d,False,False,False,False,False,0.5270174145698547,-194.7915496826172,1.4064854383468628,-1,False
SO-014g,False,False,False,False,False,1.5753419399261475,-204.17042541503906,1.1897430419921875,-1,False
LG-430a,False,False,False,False,False,0.9418075680732727,416.88275146484375,19.982995986938477,-1,True
FW-129b,False,False,False,False,False,0.829026997089386,56.86430358886719,27.574251174926758,-1,True
HV-813f,False,False,False,False,False,0.5639974474906921,-182.90621948242188,1.9532731771469116,-1,False
QV-865c,False,False,False,False,False,0.7408972978591919,-151.72030639648438,12.3031005859375,-1,True
JP-324d,False,False,False,False,False,1.7187178134918213,-190.1636505126953,87.88034057617188,-1,True
OF-098d,False,False,False,False,False,1.0570945739746094,-68.50068664550781,75.60940551757812,-1,True
JP-324b,False,False,False,False,False,1.0267993211746216,-170.85171508789062,9.549570083618164,-1,True
EY-577d,False,False,False,False,False,1.4390159845352173,-185.5550537109375,1.882124423980713,-1,False
IV-313a,False,False,False,False,False,0.8059532046318054,119.80956268310547,0.01977812871336937,-1,True
OF-259d,True,True,True,True,False,0.8905448913574219,-68.19437408447266,78.81752014160156,-1,True
EM-988a,False,False,False,False,False,0.38276463747024536,60.3381462097168,0.000012285566299397033,-1,True
QF-497d,False,False,False,False,False,1.203044056892395,-211.6726837158203,8.254095077514648,-1,True
PD-718d,False,False,False,False,False,0.9373054504394531,-102.53771209716797,2.9983766078948975,-1,True
LS-436c,False,False,False,False,False,0.6454501152038574,-107.16006469726562,1.7775521278381348,-1,True
EW-445a,False,False,False,False,False,0.2076585739850998,-119.94151306152344,0.000003922841187886661,-1,True
BS-658f,True,True,True,True,False,0.8244339823722839,-223.5973358154297,0.7482948899269104,-1,False
OF-098h,False,False,False,False,False,2.2271785736083984,-208.6712188720703,0.5121908783912659,-1,False
HM-517e,False,False,False,False,False,1.022254228591919,-116.226318359375,43.71152114868164,-1,True
HM-910a,True,True,True,True,False,0.5064083337783813,270.28753662109375,0.6393886804580688,-1,True
HM-517b,False,False,False,False,False,0.6324646472930908,228.58885192871094,11.348121643066406,-1,True
XV-857b,True,False,True,False,False,1.0430208444595337,33.19247817993164,0.12106089293956757,-1,True
OF-259b,False,False,False,False,False,0.5832381248474121,94.46531677246094,0.7110818028450012,-1,True
YP-951e,False,False,False,False,False,1.1370781660079956,-174.8642120361328,0.16233037412166595,-1,True
OY-799a,False,False,False,False,False,1.0924057960510254,371.6476745605469,8.508271217346191,-1,True
IA-335a,False,False,False,False,False,1.0144954919815063,13.565546989440918,2.575096845626831,-1,True
DW-419a,False,True,True,False,False,1.2369089126586914,74.9848403930664,3.627178192138672,-1,True
LG-430c,False,False,False,False,False,1.0326855182647705,83.0413589477539,6.3946919441223145,-1,True
UQ-194a,True,True,True,True,False,0.4610653519630432,-16.978254318237305,0.4219895303249359,-1,True
FA-035c,False,False,False,False,False,0.8964964747428894,-30.274749755859375,0.03005373850464821,-1,True
LE-137a,False,False,False,False,False,0.9645186066627502,330.1249694824219,6.171095848083496,-1,True
FW-129c,False,False,False,False,False,0.5020492076873779,-63.026371002197266,0.07574504613876343,-1,True
OT-364e,False,False,False,False,False,0.6405594348907471,-121.98727416992188,1.574336290359497,-1,True
JP-324c,False,False,False,False,False,0.9998008608818054,-173.94232177734375,1.9628291130065918,-1,True
HV-813h,False,False,False,False,False,1.8893941640853882,-240.4629364013672,0.9995242953300476,-1,False
PD-718f,False,False,False,False,False,2.3848493099212646,-169.45115661621094,1.2949138879776,-1,False
VI-001d,False,False,False,False,False,1.2737672328948975,-151.96450805664062,1.793529748916626,-1,True
MG-623d,False,False,False,False,False,1.2890146970748901,-65.62427520751953,95.43020629882812,-1,True
LS-436f,False,False,False,False,False,1.848317265510559,-202.05564880371094,0.9245717525482178,-1,False
SE-648c,True,True,True,True,False,1.4350775480270386,-200.8485107421875,44.81963348388672,-1,True
IV-313c,False,False,False,False,False,1.066793441772461,-31.197988510131836,2.7095420360565186,-1,True
HV-594c,False,False,False,False,False,0.7631413340568542,-101.83850860595703,0.09308210015296936,-1,True
QF-497b,False,False,False,False,False,0.6782140731811523,-134.4501495361328,6.730636119842529,-1,True
LS-436e,False,False,False,False,False,0.6026550531387329,-156.02536010742188,1.4849904775619507,-1,False
EW-445c,False,False,False,False,False,0.23065431416034698,-185.28216552734375,0.022143281996250153,-1,True
EZ-176a,False,False,False,False,False,0.23796352744102478,-135.08534240722656,0.03488663583993912,-1,True
IA-335e,False,False,False,False,False,0.8555337190628052,-226.27706909179688,0.6795623898506165,-1,False
IC-012a,False,False,False,False,False,0.8165682554244995,147.48046875,11.02917766571045,-1,True
BS-658b,True,True,True,False,False,0.5461284518241882,-41.92320251464844,2.16176176071167,-1,True
BS-658a,False,True,False,False,False,0.987324595451355,-97.18388366699219,8.652956008911133,-1,True
EM-988f,False,False,False,False,False,2.0888142585754395,-165.973388671875,0.5575981140136719,-1,False
SG-779e,False,False,False,False,False,1.4374603033065796,-81.44674682617188,20.273048400878906,-1,True
QV-865f,False,False,False,False,False,2.89253830909729,-216.08050537109375,0.6425045132637024,-1,False
LG-430b,False,True,True,True,False,0.4055076837539673,81.87657165527344,0.019560953602194786,-1,True
XD-055b,False,False,False,False,False,0.5509956479072571,139.6373748779297,0.15614940226078033,-1,True
OF-098e,False,False,False,False,False,1.1887047290802002,-140.2273406982422,18.37691307067871,-1,True
OT-364a,False,False,False,False,False,0.42718765139579773,313.9869689941406,0.02916441299021244,-1,True
QV-164g,False,False,False,False,False,1.7117938995361328,-240.1526641845703,1.3244924545288086,-1,False
DW-419b,False,False,False,False,False,1.3180885314941406,-9.493327140808105,44.573490142822266,-1,True
SE-866a,False,False,False,False,False,0.9497783184051514,463.2646484375,10.075922012329102,-1,True
OT-889b,True,True,True,True,False,0.3233156204223633,67.68402862548828,0.6936035752296448,-1,True
IC-012d,False,False,False,False,False,0.87315434217453,-139.5757293701172,9.200807571411133,-1,True
LE-137b,False,False,False,False,False,0.8456898927688599,275.7389221191406,44.235626220703125,-1,True
IY-028f,False,False,False,False,False,2.4087493419647217,-166.68585205078125,1.2887507677078247,-1,False
JP-324e,False,False,False,False,False,0.6472544074058533,-224.8362579345703,1.6007331609725952,-1,False
IC-162h,False,True,False,True,False,1.3000794649124146,-235.18350219726562,1.4606751203536987,-1,False
IA-335f,False,False,False,False,False,1.9356181621551514,-229.5240936279297,1.3604544401168823,-1,False
OF-259e,False,False,False,False,False,1.2953399419784546,-179.2751007080078,0.6427717208862305,-1,False
LB-716c,False,True,False,True,False,1.212418794631958,-74.29830932617188,85.20411682128906,-1,True
WC-702h,False,False,False,False,False,2.158568859100342,-172.35153198242188,1.9946599006652832,-1,False
OT-364f,False,False,False,False,False,1.2946630716323853,-171.22230529785156,0.9587455987930298,-1,False
LG-430d,False,False,False,False,False,1.4159907102584839,-84.64586639404297,0.011883175931870937,-1,True
PD-718b,False,False,False,False,False,0.5124773979187012,139.74021911621094,6.147490978240967,-1,True
SE-866d,False,False,False,False,False,1.0827662944793701,-81.60660552978516,0.10393209010362625,-1,True
FW-129d,False,False,False,False,False,1.118484616279602,-74.23241424560547,19.05696678161621,-1,True
IV-313d,False,False,False,False,False,0.5289298892021179,-81.75497436523438,1.5831515789031982,-1,False
TD-552a,False,False,False,False,False,0.8485011458396912,303.7239990234375,8.972405433654785,-1,True
EW-445e,False,False,False,False,False,1.141641616821289,-222.1615447998047,15.739625930786133,-1,True
QV-865e,False,False,False,False,False,1.7191299200057983,-238.83099365234375,1.9916586875915527,-1,False
AX-872a,False,False,False,False,False,0.3371228277683258,149.37420654296875,0.20109330117702484,-1,True
ZV-896c,True,True,True,True,False,0.7298235297203064,51.25442886352539,9.256227493286133,-1,True
GH-384d,False,True,False,True,False,1.1413509845733643,-215.911865234375,0.09141676127910614,-1,True
XD-055d,False,False,False,False,False,1.3988059759140015,-106.07392883300781,117.14604949951172,-1,True
OF-883b,False,False,False,False,False,0.6412036418914795,-156.56544494628906,1.1194188594818115,-1,True
TD-552c,False,False,False,False,False,1.6077005863189697,-43.94773483276367,5.955825328826904,-1,True
PD-718a,False,False,False,False,False,0.43009331822395325,174.40335083007812,2.549384832382202,-1,True
TD-260e,False,False,False,False,False,0.864770770072937,-143.0812225341797,16.62989044189453,-1,True
XH-265a,False,True,True,False,False,1.0017969608306885,-155.77279663085938,2.05963397026062,-1,True
OF-504d,False,False,False,False,False,0.7002469301223755,-221.337646484375,0.0012779751559719443,-1,True
PD-718e,False,False,False,False,False,0.3404010534286499,-120.65509796142578,0.10092856734991074,-1,True
OF-504c,False,False,False,False,False,0.8547243475914001,-128.8060760498047,7.540544509887695,-1,True
WO-099c,False,False,False,False,False,0.6966360807418823,-76.08647155761719,7.417898178100586,-1,True
WO-907d,False,False,False,False,False,0.7938618659973145,-141.98965454101562,0.6266597509384155,-1,False
AX-872d,False,False,False,False,False,1.613919973373413,-117.65049743652344,24.59051513671875,-1,True
OF-883a,False,False,False,False,False,0.9431493282318115,142.02932739257812,17.23185920715332,-1,True
VI-001e,False,False,False,False,False,0.7697158455848694,-189.9119415283203,0.6796512603759766,-1,False
YI-280j,True,True,True,True,False,0.6638368368148804,-225.30792236328125,0.0020628594793379307,-1,True
XU-145f,False,False,False,False,False,1.0501309633255005,-159.06851196289062,1.6987075805664062,-1,False
OE-568i,False,False,False,False,False,1.1158114671707153,-202.30218505859375,0.6132689118385315,-1,False
DW-739b,False,True,True,True,False,0.46536514163017273,-155.13162231445312,0.17376379668712616,-1,True
EL-419d,True,False,False,False,False,0.5617769360542297,-10.553272247314453,0.11105766892433167,-1,True
OT-364g,False,False,False,False,False,2.2548959255218506,-192.73118591308594,1.4174126386642456,-1,False
SE-052b,False,True,True,True,False,1.0085251331329346,-177.47463989257812,6.533276081085205,-1,True
EM-988h,False,False,False,False,False,1.3645416498184204,-229.81442260742188,0.6361778974533081,-1,False
WB-947b,True,True,True,True,False,1.2736202478408813,-160.38714599609375,10.1278715133667,-1,True
OE-568a,False,False,False,False,False,0.6303857564926147,328.73480224609375,0.3088284134864807,-1,True
LE-137d,False,False,False,False,False,1.0927643775939941,-94.69441986083984,3.8507883548736572,-1,True
EW-445b,False,False,False,False,False,1.2246531248092651,-157.93711853027344,4.580358505249023,-1,True
OY-701a,False,True,True,True,False,0.3130559027194977,-135.27346801757812,0.00001547637839394156,-1,True
FA-035d,False,False,False,False,False,0.5597718954086304,-82.88544464111328,0.18196257948875427,-1,True
VH-331f,True,True,True,True,False,0.9319766163825989,-182.4389190673828,0.6925575733184814,-1,False
YI-683f,True,True,True,True,False,0.920161247253418,-162.025634765625,0.8802687525749207,-1,False
UB-557e,False,False,False,False,False,1.4774318933486938,-142.97573852539062,1.8467817306518555,-1,False
IY-028d,False,False,False,False,False,0.8649320602416992,-107.45108032226562,30.31450653076172,-1,True
OF-883e,False,False,False,False,False,0.8910341858863831,-212.83407592773438,1.8679590225219727,-1,False
XD-055c,False,False,False,False,False,1.1916919946670532,-42.27861785888672,94.1557846069336,-1,True
DW-739e,False,False,False,False,False,1.1878759860992432,-211.75375366210938,12.462111473083496,-1,True
TD-260a,False,False,False,False,False,0.7278971076011658,277.5471496582031,14.624041557312012,-1,True
TD-552d,False,False,False,False,False,0.962571382522583,-86.36570739746094,1.2307305335998535,-1,False
WO-907b,False,False,False,False,False,0.9803114533424377,-18.954570770263672,0.7913724184036255,-1,True
VI-001f,False,False,False,False,False,1.9508939981460571,-208.29330444335938,1.207751989364624,-1,False
XU-145c,False,True,False,False,False,0.7048282027244568,-17.428863525390625,7.448678016662598,-1,True
QV-420b,False,False,False,False,False,0.7570496201515198,-113.05742645263672,8.592373847961426,-1,True
FA-035e,False,False,False,False,False,2.1066370010375977,-201.2587432861328,0.7203097939491272,-1,False
AM-001c,True,True,True,True,False,1.0349899530410767,-185.32632446289062,1.7469946146011353,-1,True
OF-883c,False,False,False,False,False,0.8532901406288147,-173.67413330078125,3.6032965183258057,-1,True
JK-782c,True,True,True,True,False,0.9508326053619385,-6.138339519500732,0.7770942449569702,-1,True
AU-709a,False,False,False,False,False,0.7237343192100525,174.34176635742188,0.03748408704996109,-1,True
AX-872c,False,False,False,False,False,0.8476179242134094,-21.158504486083984,23.065221786499023,-1,True
TD-260i,False,False,False,False,False,0.9971828460693359,-230.113525390625,0.8024222254753113,-1,False
VH-331i,True,True,True,True,False,1.4538379907608032,-251.8738555908203,1.4154253005981445,-1,False
XG-326e,False,True,True,True,False,1.5315836668014526,-177.2520294189453,0.5989101529121399,-1,False
AX-872f,False,False,False,False,False,1.4977080821990967,-191.81349182128906,1.6683822870254517,-1,False
MG-623i,False,False,False,False,False,0.9243512153625488,-236.5091094970703,5.371517658233643,-1,True
CC-674b,False,False,False,False,False,1.5661842823028564,-158.61898803710938,4.141374111175537,-1,True
VH-043c,True,True,True,True,False,1.0772614479064941,-217.20138549804688,2.6456151008605957,-1,True
VI-001g,False,False,False,False,False,1.7049057483673096,-245.31288146972656,1.0543352365493774,-1,False
FA-035b,False,False,False,False,False,0.22576628625392914,43.39219665527344,0.012368141673505306,-1,True
UV-351a,True,True,True,True,False,0.9244412779808044,11.877347946166992,1.04933762550354,-0.1600000262260437,True
HM-049d,True,True,True,True,False,1.199872612953186,-33.115074157714844,20.873628616333008,-1,True
XD-534a,False,False,False,False,False,0.5165085196495056,478.9552307128906,9.690180778503418,-1,True
OF-504i,False,False,False,False,False,1.134835124015808,-260.0843505859375,10.335745811462402,-1,True
EL-419i,False,False,False,False,False,1.2713063955307007,-215.4935302734375,1.1607731580734253,-1,False
AM-783a,False,False,False,False,False,0.24773241579532623,259.4493103027344,0.010187135078012943,-1,True
TD-552e,False,False,False,False,False,2.263667106628418,-134.35006713867188,0.6773340106010437,-1,False
LE-137g,False,False,False,False,False,1.383510708808899,-220.94200134277344,0.9616696238517761,-1,False
TD-260h,False,False,False,False,False,1.9517490863800049,-219.73052978515625,1.0135626792907715,-1,False
IC-012b,False,False,False,False,False,1.3127719163894653,-98.98064422607422,0.13802893459796906,-1,True
OF-883f,False,False,False,False,False,1.9724936485290527,-210.9677276611328,0.8656774163246155,-1,False
UB-557a,False,False,False,False,False,0.9168586134910583,309.2873840332031,4.523090362548828,-1,True
IV-313b,False,False,False,False,False,0.7488042116165161,8.95849609375,2.2798876762390137,-1,True
OF-504e,False,False,False,False,False,1.0105246305465698,-198.14341735839844,1.2142032384872437,-1,False
EL-419e,False,False,False,False,False,0.8730766177177429,-128.79049682617188,1.8630971908569336,-1,True
LG-430g,False,False,False,False,False,1.9456400871276855,-164.33399963378906,1.5004255771636963,-1,False
OT-364d,False,False,False,False,False,0.5866644382476807,-1.659440279006958,4.239999771118164,-1,True
XD-534b,False,False,False,False,False,1.1266463994979858,64.03538513183594,0.10784552246332169,-1,True
JS-869c,True,True,True,True,False,0.25870171189308167,-177.4710235595703,0.005538745317608118,-1,True
EX-183c,False,False,False,False,False,1.5838605165481567,18.888141632080078,0.8811697959899902,-1,True
UB-557d,False,False,False,False,False,1.0203802585601807,-97.99516296386719,0.7017933130264282,-1,False
OF-504g,False,False,False,False,False,2.292891502380371,-242.8781280517578,1.6503039598464966,-1,False
EL-419h,False,False,False,False,False,2.170576333999634,-181.58828735351562,1.1483566761016846,-1,False
VH-331h,True,True,True,True,False,2.5633347034454346,-222.24513244628906,0.6283330917358398,-1,False
TD-552b,False,False,False,False,False,0.9655975699424744,95.250732421875,3.845719337463379,-1,True
DW-739d,False,False,False,False,False,0.7026350498199463,-195.85488891601562,6.289628028869629,-1,True
HM-517c,True,True,True,True,False,0.5906267762184143,8.594010353088379,8.03928279876709,-1,True
OE-568d,False,False,False,False,False,1.0135538578033447,-5.739257335662842,4.426809310913086,-1,True
IA-335b,False,False,False,False,False,0.4592241644859314,-155.1269073486328,0.13506954908370972,-1,True
EX-183a,False,False,False,False,False,0.7768245935440063,221.09364318847656,11.58891773223877,-1,True
ZK-780g,False,False,False,False,False,1.7799932956695557,-193.3045196533203,1.4571442604064941,-1,False
ZK-768a,False,False,False,False,False,0.8080545663833618,166.835693359375,1.5462225675582886,-1,True
IZ-468a,False,False,False,False,False,1.1369354724884033,103.89285278320312,24.859628677368164,-1,True
XD-534c,True,True,True,True,False,1.0149385929107666,-1.8543182611465454,1.092607855796814,-1,True
OF-259c,False,False,False,False,False,0.7097593545913696,91.39443969726562,0.22042663395404816,-1,True
EX-183b,False,False,False,False,False,1.3204824924468994,56.92952346801758,4.20827579498291,-1,True
IZ-468c,False,False,False,False,False,1.4310154914855957,-76.91687774658203,11.148841857910156,-1,True
UB-557b,False,False,False,False,False,1.396335244178772,57.60525131225586,42.75972366333008,-1,True
LE-137e,False,False,False,False,False,0.8679471611976624,-128.38624572753906,1.4617863893508911,-1,False
IA-335c,False,False,False,False,False,1.0159971714019775,-197.0494842529297,7.212074279785156,-1,True
UB-557c,False,False,False,False,False,1.17758309841156,-80.22898864746094,30.862369537353516,-1,True
TD-552f,False,False,False,False,False,1.9961028099060059,-197.1315155029297,1.2984216213226318,-1,False
OF-504b,False,False,False,False,False,1.5257216691970825,-85.85942077636719,93.04154968261719,-1,True
ZK-990a,False,False,False,False,False,0.3506929278373718,515.803955078125,0.7254113554954529,-1,True
IC-012g,False,False,False,False,False,1.3243534564971924,-240.35516357421875,1.623542308807373,-1,False
EL-419a,False,False,False,False,False,0.5679011344909668,169.14100646972656,5.596677780151367,-1,True
EX-183f,False,False,False,False,False,0.7945578098297119,-144.00453186035156,1.1484168767929077,-1,False
EL-419f,False,False,False,False,False,0.8321909308433533,-117.5845947265625,1.071878433227539,-1,False
ZK-990d,False,False,False,False,False,1.0494436025619507,-103.95277404785156,65.09085845947266,-1,True
WO-907e,False,False,False,False,False,2.32157301902771,-174.13735961914062,0.5375897884368896,-1,False
IV-313g,False,False,False,False,False,1.5460646152496338,-218.76303100585938,1.1281957626342773,-1,False
AM-528g,True,True,True,True,False,1.7837305068969727,-71.7189712524414,1.7428838014602661,-1,False
TD-552g,False,False,False,False,False,1.2195245027542114,-204.77313232421875,1.9630087614059448,-1,False
TD-260g,False,False,False,False,False,1.52852201461792,-189.01295471191406,1.1967488527297974,-1,False
QJ-149d,False,True,True,True,False,0.900783896446228,-90.57547760009766,10.562464714050293,-1,True
OT-364b,False,False,False,False,False,0.6039238572120667,116.61225128173828,0.49168506264686584,-1,True
XD-534e,False,False,False,False,False,2.4080705642700195,-152.22024536132812,1.6994625329971313,-1,False
OF-504a,False,False,False,False,False,1.293752908706665,-164.04843139648438,0.2646307647228241,-1,True
EL-419b,False,False,False,False,False,1.0267013311386108,169.8672637939453,125.10049438476562,-1,True
OE-568e,False,False,False,False,False,0.9961990714073181,-90.61634826660156,1.8110384941101074,-1,True
KC-544b,False,False,False,False,False,0.7362170815467834,30.741722106933594,1.8920947313308716,-1,True
OF-883d,False,False,False,False,False,1.1410189867019653,-190.08560180664062,12.623815536499023,-1,True
XD-534f,False,False,False,False,False,1.625950813293457,-156.7537078857422,1.686273455619812,-1,False
SE-866b,False,False,False,False,False,1.0859917402267456,217.42843627929688,3.2396206855773926,-1,True
ZK-990c,False,False,False,False,False,1.007584571838379,-33.163002014160156,6.789145469665527,-1,True
EX-183d,False,False,False,False,False,0.39515364170074463,-58.61708450317383,0.2067192792892456,-1,True
ZK-780e,False,False,False,False,False,1.0492804050445557,-212.180419921875,4.959606647491455,-1,True
ZK-780b,False,False,False,False,False,0.6389156579971313,-128.39413452148438,1.7787809371948242,-1,True
ZK-768e,False,False,False,False,False,2.112286329269409,-190.2928924560547,0.6886425018310547,-1,False
SL-542d,True,True,True,True,False,1.129683017730713,40.18341064453125,25.26211929321289,-1,True
LG-262c,False,False,False,False,False,1.2540218830108643,-57.51109313964844,6.466830253601074,-1,True
JS-952c,True,True,True,True,False,0.7705102562904358,33.03887939453125,0.9542138576507568,-0.24000000953674316,True
XD-534g,False,False,False,False,False,1.1232408285140991,-188.2368927001953,1.4103825092315674,-1,False
SE-866c,False,False,False,False,False,0.8587164282798767,79.69197082519531,5.521213531494141,-1,True
LE-137f,False,False,False,False,False,2.658402919769287,-172.3720245361328,0.5353657603263855,-1,False
IA-335g,False,False,False,False,False,2.528991937637329,-243.70767211914062,0.7072206139564514,-1,False
ZV-194e,False,True,True,True,False,0.22897973656654358,-154.1501007080078,0.12387092411518097,-1,True
OF-504h,False,False,False,False,False,0.9844000935554504,-225.83270263671875,1.0114697217941284,-1,False
EL-419c,False,False,False,False,False,0.9364555478096008,105.13862609863281,38.59519577026367,-1,True
OE-568c,False,False,False,False,False,0.19031071662902832,55.92481231689453,0.00001394708851876203,-1,True
WC-299c,False,False,False,False,False,0.811659038066864,3.9750354290008545,6.6096062660217285,-1,True
WC-299h,False,False,False,False,False,1.2748616933822632,-212.67349243164062,0.5025454163551331,-1,False
ZV-896g,True,True,True,True,False,2.6947710514068604,-169.73289489746094,1.4490185976028442,-1,False
BS-658c,False,True,False,False,False,0.5799635052680969,-177.2861328125,4.522589683532715,-1,True
BS-788g,False,False,False,False,False,1.5240026712417603,-191.25048828125,1.9939768314361572,-1,False
EY-351a,False,False,False,False,False,1.0355596542358398,101.93716430664062,1.327078938484192,-1,True
OF-375a,False,True,True,True,False,0.9784647226333618,199.8314208984375,0.12160923331975937,-1,True
EY-351f,False,False,False,False,False,2.1890480518341064,-198.6468505859375,0.9410030841827393,-1,False
WC-299d,False,False,False,False,False,1.1471052169799805,-131.5598602294922,3.1565165519714355,-1,True
VI-429a,False,False,False,False,False,0.28904661536216736,336.64520263671875,0.000004943708972859895,-1,True
FK-037b,False,True,True,True,False,1.0292439460754395,103.71124267578125,41.561058044433594,-1,True
EL-419g,False,False,False,False,False,1.485191822052002,-181.45889282226562,1.4959826469421387,-1,False
DW-739a,False,False,False,False,False,0.7420850992202759,-111.88770294189453,23.574481964111328,-1,True
VH-503a,False,True,True,True,False,0.8967437148094177,130.85494995117188,1.2341458797454834,-1,True
EX-925a,False,False,False,False,False,0.43185219168663025,167.06275939941406,0.17798066139221191,-1,True
DW-419c,False,False,False,False,False,1.0673185586929321,-65.12197875976562,22.895519256591797,-1,True
OF-375b,True,True,True,True,False,1.0734845399856567,33.13975143432617,1.0276665687561035,-1,True
WU-070i,False,False,False,False,False,1.486546277999878,-231.10693359375,1.0962210893630981,-1,False
BS-788a,False,False,False,False,False,0.35650932788848877,168.16485595703125,0.19564363360404968,-1,True
EY-351c,False,False,False,False,False,0.7810330390930176,-106.43024444580078,0.09909136593341827,-1,True
VI-429e,False,False,False,False,False,1.8559197187423706,-174.0146484375,0.5888425707817078,-1,False
IC-012c,False,False,False,False,False,0.8645047545433044,-171.7762908935547,4.889430522918701,-1,True
LS-746a,False,True,True,True,False,0.9798100590705872,-122.11297607421875,29.046857833862305,-1,True
VI-429c,False,False,False,False,False,0.8290136456489563,-11.052742958068848,16.612577438354492,-1,True
YI-705e,True,True,True,True,False,0.8416426181793213,-199.5052947998047,1.5535894632339478,-1,False
LG-262g,False,False,False,False,False,2.683706283569336,-206.60977172851562,0.5154202580451965,-1,False
GH-780g,False,True,False,True,False,2.30537748336792,-169.7872314453125,1.3012961149215698,-1,False
FA-320a,False,False,False,False,False,1.3246999979019165,-149.6765594482422,2.105983257293701,-1,True
AX-872b,False,False,False,False,False,1.1246724128723145,162.92098999023438,69.49549102783203,-1,True
LG-430f,False,False,False,False,False,0.5289095640182495,-105.23283386230469,0.603006899356842,-1,False
XU-145g,False,False,False,False,False,2.9207711219787598,-201.23721313476562,0.7268326878547668,-1,False
MG-623f,False,False,False,False,False,1.8881453275680542,-187.71746826171875,1.3848844766616821,-1,False
LG-262a,False,False,False,False,False,1.2267600297927856,125.11439514160156,53.615928649902344,-1,True
UV-796e,True,True,True,True,False,0.8833702206611633,-153.15635681152344,1.7199324369430542,-1,False
MG-623e,False,False,False,False,False,0.8879054188728333,-133.46958923339844,1.1815932989120483,-1,False
AU-709e,False,False,False,False,False,1.5573171377182007,-175.71475219726562,1.22505521774292,-1,False
EZ-176f,False,False,False,False,False,0.9184057712554932,-178.4025115966797,1.066593885421753,-1,False
WO-404d,False,False,False,False,False,1.1748484373092651,-152.55465698242188,9.221695899963379,-1,True
DW-739c,True,True,True,True,False,0.8150125741958618,-170.9060821533203,0.4587477147579193,-1,True
IC-012f,False,False,False,False,False,1.7599022388458252,-204.3824462890625,134.89292907714844,-1,True
BS-788e,False,False,False,False,False,1.3523645401000977,-146.50437927246094,66.65898132324219,-1,True
IV-313e,False,False,False,False,False,1.9973253011703491,-172.37350463867188,0.5842486023902893,-1,False
AX-872i,False,False,False,False,False,0.2638024389743805,-245.12461853027344,0.004236169159412384,-1,True
OE-568f,False,False,False,False,False,0.6592091917991638,-91.79044342041016,1.9318583011627197,-1,False
ZK-990b,False,False,False,False,False,0.2535831332206726,172.94960021972656,0.07128634303808212,-1,True
JP-324a,True,True,True,True,False,0.31280532479286194,-121.1104965209961,0.07288747280836105,-1,True
WC-299a,False,False,False,False,False,0.9121397733688354,91.42774963378906,9.299137115478516,-1,True
FA-320b,False,False,False,False,False,0.6040955185890198,-178.39358520507812,4.36575984954834,-1,True
ZK-780c,False,False,False,False,False,0.35148221254348755,-104.8105239868164,0.06547050178050995,-1,True
UB-808f,False,True,False,True,False,2.326655149459839,-233.8616485595703,1.9058490991592407,-1,False
ZK-768c,False,False,False,False,False,0.987602710723877,-107.42716217041016,124.50688171386719,-1,True
OF-259f,False,False,False,False,False,2.7316064834594727,-208.2010498046875,1.0774976015090942,-1,False
IZ-468d,False,False,False,False,False,1.0124939680099487,-37.333412170410156,59.34157180786133,-1,True
WC-702a,False,False,False,False,False,1.1125164031982422,185.14247131347656,5.37876033782959,-1,True
QV-164e,False,False,False,False,False,1.0900509357452393,-213.74114990234375,6.367901802062988,-1,True
WC-299g,False,False,False,False,False,2.49725341796875,-186.34063720703125,1.740765929222107,-1,False
EY-351i,False,False,False,False,False,1.3762834072113037,-247.148193359375,1.6470777988433838,-1,True
XH-083a,True,True,True,True,False,1.221442699432373,-129.04296875,0.4028685390949249,-1,True
IC-012e,False,False,False,False,False,1.111915111541748,-172.49156188964844,28.710025787353516,-1,True
FA-320d,False,False,False,False,False,0.6972261667251587,-207.9314727783203,1.9470380544662476,-1,False
IV-313f,False,False,False,False,False,1.95081627368927,-219.1264190673828,0.9165626168251038,-1,False
GK-258b,False,False,False,False,False,0.24989375472068787,196.31651306152344,0.005210686009377241,-1,True
OE-568b,False,False,False,False,False,0.3937716484069824,207.61727905273438,0.19049787521362305,-1,True
ZK-990f,False,False,False,False,False,1.353209137916565,-137.43092346191406,0.839688241481781,-1,False
ZK-780f,False,False,False,False,False,0.9330254197120667,-225.69754028320312,1.5369757413864136,-1,False
IZ-468e,False,False,False,False,False,1.7147777080535889,-87.61956024169922,1.6483352184295654,-1,True
VI-429f,False,False,False,False,False,2.0782408714294434,-188.2307586669922,1.3333988189697266,-1,False
VI-429d,False,False,False,False,False,0.6382832527160645,-156.92352294921875,1.7323774099349976,-1,False
EX-925g,False,False,False,False,False,1.6016682386398315,-235.04432678222656,1.4447120428085327,-1,False
LG-262d,False,False,False,False,False,0.949725866317749,-124.60189819335938,2.8822591304779053,-1,True
EX-925d,False,False,False,False,False,0.9092332124710083,-22.731321334838867,19.882253646850586,-1,True
BS-788f,False,False,False,False,False,0.5546464920043945,-156.4031524658203,1.3597710132598877,-1,False
EY-351e,False,False,False,False,False,0.9471648335456848,-188.32003784179688,0.5029190182685852,-1,False
XD-354e,False,True,False,True,False,1.744089126586914,-145.5484619140625,3.984241485595703,-1,True
SE-866f,False,False,False,False,False,2.402333974838257,-171.2657928466797,1.423590064048767,-1,False
UB-808c,False,True,False,True,False,0.3391787111759186,-169.0914306640625,0.10543972253799438,-1,True
AX-383c,False,False,False,False,False,1.131882905960083,-176.6690673828125,74.93196868896484,-1,True
OE-568h,False,False,False,False,False,1.8927803039550781,-168.66810607910156,1.8680695295333862,-1,False
WC-299i,False,False,False,False,False,1.0655875205993652,-211.87901306152344,0.008872131817042828,-1,True
GK-258c,False,False,False,False,False,1.3453071117401123,-16.309494018554688,6.091344356536865,-1,True
FA-320c,False,False,False,False,False,1.0728328227996826,-218.05340576171875,20.113279342651367,-1,True
WO-491h,False,False,False,False,False,1.3961068391799927,-226.677490234375,1.8522124290466309,-1,False
ZK-780d,False,False,False,False,False,0.6931079030036926,-190.16677856445312,0.08740197122097015,-1,True
ZK-990e,False,False,False,False,False,1.0053465366363525,-141.53843688964844,1.0812474489212036,-1,False
RY-853e,False,True,False,True,False,0.6340163946151733,-164.92291259765625,1.0142778158187866,-1,False
WO-052h,False,False,False,False,False,1.6497886180877686,-180.45176696777344,1.9506398439407349,-1,False
WO-617f,False,False,False,False,False,2.688875198364258,-193.94021606445312,0.9590065479278564,-1,False
WU-070h,False,False,False,False,False,2.091416120529175,-217.50181579589844,0.5507946610450745,-1,False
LB-506a,False,False,False,False,False,1.2072947025299072,-125.01518249511719,9.034457206726074,-1,True
WX-031f,False,False,False,False,False,1.3245289325714111,-208.5988311767578,1.702435851097107,-1,False
FW-691c,True,True,True,True,False,0.2675386667251587,56.31033706665039,0.0019736280664801598,-1,True
ZK-768d,False,False,False,False,False,2.2489047050476074,-166.51791381835938,723.0771484375,-1,True
GK-258e,False,False,False,False,False,1.4354052543640137,-130.9718017578125,0.23790836334228516,-1,True
WO-404f,False,False,False,False,False,0.8678126931190491,-182.43988037109375,1.6966644525527954,-1,False
SO-832a,False,False,False,False,False,0.5149410963058472,178.4559326171875,4.257580280303955,-1,True
AX-872h,False,False,False,False,False,1.1742308139801025,-225.07101440429688,0.9453835487365723,-1,False
ZV-759h,False,False,False,False,False,2.649651050567627,-200.2119140625,1.1559596061706543,-1,False
XU-145b,False,False,False,False,False,0.39320841431617737,0.25409024953842163,0.12258777767419815,-1,True
PG-899b,True,True,True,True,False,0.8623368740081787,33.56819534301758,0.7005336880683899,0.4018059968948364,True
OS-099a,False,False,False,False,False,0.4983082413673401,136.49734497070312,0.5597921013832092,-1,True
SL-027e,False,False,False,False,False,0.8864468932151794,-152.49745178222656,1.946630597114563,-1,False
ZK-357a,False,False,False,False,False,0.9181835651397705,173.8756866455078,6.344792366027832,-1,True
OY-719b,False,False,False,False,False,1.0578831434249878,248.5241241455078,15.359725952148438,-1,True
GH-209f,False,True,False,True,False,0.8613182902336121,-168.011962890625,0.9894660115242004,-1,False
IY-028b,False,True,True,True,False,0.8293827176094055,221.17665100097656,1.0488463640213013,-1,True
WC-299e,False,False,False,False,False,0.5237686038017273,-118.43023681640625,1.6352945566177368,-1,False
GH-082g,False,True,False,True,False,1.5013117790222168,-178.72430419921875,1.3685928583145142,-1,False
BS-788b,False,False,False,False,False,0.7996688485145569,149.9139862060547,2.6212944984436035,-1,True
XU-145e,False,False,False,False,False,1.8307831287384033,-141.78701782226562,18.118576049804688,-1,True
SL-027d,False,False,False,False,False,0.9249762296676636,-158.06924438476562,18.338199615478516,-1,True
MG-623h,False,False,False,False,False,1.1706708669662476,-227.05453491210938,1.5744823217391968,-1,False
EY-351h,False,False,False,False,False,0.85590660572052,-204.6522216796875,0.9281440377235413,-1,False
AU-709b,False,False,False,False,False,1.0056077241897583,159.45339965820312,0.056312259286642075,-1,True
MG-197a,False,False,False,False,False,0.5964483618736267,205.42742919921875,0.06379600614309311,-1,True
UI-491a,False,False,False,False,False,0.4310664236545563,111.80128479003906,0.016788462176918983,-1,True
UI-199e,False,False,False,False,False,2.418339729309082,-134.46739196777344,1.9234702587127686,-1,False
EZ-176d,False,False,False,False,False,1.2379776239395142,-190.4600830078125,17.897565841674805,-1,True
UI-199f,False,False,False,False,False,2.011354684829712,-170.01937866210938,0.6863478422164917,-1,False
OY-719a,False,False,False,False,False,0.6935368180274963,650.7315063476562,1.0808265209197998,-1,True
AX-872g,False,False,False,False,False,2.384627103805542,-220.73390197753906,1.8772271871566772,-1,False
VI-429b,False,False,False,False,False,0.49012741446495056,51.486751556396484,1.3765387535095215,-1,True
ZV-639c,False,True,True,True,False,1.195761799812317,-85.82197570800781,14.075139999389648,-1,True
OS-099e,False,False,False,False,False,1.6486425399780273,-117.69801330566406,0.5948289632797241,-1,True
OY-719d,False,False,False,False,False,0.6281997561454773,33.37488555908203,0.2285626083612442,-1,True
YP-916e,False,False,False,False,False,0.5826447606086731,-192.14280700683594,0.7286574244499207,-1,False
EY-351b,False,False,False,False,False,1.073127269744873,-4.349829196929932,36.547794342041016,-1,True
OY-719h,False,False,False,False,False,2.0237088203430176,-164.83395385742188,1.021304965019226,-1,False
YP-916d,False,False,False,False,False,1.4698368310928345,-222.85203552246094,138.33743286132812,-1,True
OY-719j,False,False,False,False,False,1.2328182458877563,-228.52993774414062,8.907378196716309,-1,True
SO-832b,False,False,False,False,False,1.3914618492126465,-67.32286071777344,0.6822441816329956,-1,True
LG-262b,False,False,False,False,False,1.3845421075820923,88.8222427368164,99.04306030273438,-1,True
BS-788d,False,False,False,False,False,0.6587404608726501,-55.31610870361328,5.071590423583984,-1,True
WO-052g,False,False,False,False,False,1.3861656188964844,-149.65908813476562,1.8046900033950806,-1,False
ZK-768g,False,False,False,False,False,0.8322751522064209,-210.73736572265625,1.9069525003433228,-1,False
WO-452h,False,False,False,False,False,1.3187719583511353,-232.0787353515625,0.6655967235565186,-1,False
WO-491f,False,False,False,False,False,2.12611722946167,-164.3539581298828,1.0273048877716064,-1,False
WO-740a,False,False,False,False,False,0.6741792559623718,-173.2346954345703,7.20505952835083,-1,True
WO-452b,False,False,False,False,False,0.5895987153053284,4.791790008544922,0.006386120337992907,-1,True
EX-925c,False,False,False,False,False,1.0857819318771362,-51.82870101928711,4.139256954193115,-1,True
WX-150c,False,False,False,False,False,0.6645344495773315,124.66658020019531,0.3477659821510315,-1,True
IZ-468b,False,False,False,False,False,1.029184341430664,166.9550018310547,0.0046312869526445866,-1,True
JS-952f,True,True,True,True,False,1.356801986694336,-183.70138549804688,0.9249321818351746,-1,False
OT-580b,True,True,True,True,True,0.922335147857666,3.772547960281372,0.9165661931037903,-0.19999998807907104,True
BS-987b,True,True,True,True,True,0.60355144739151,42.288143157958984,0.0873522162437439,-1,True
UV-072c,True,True,True,True,False,0.7287209630012512,-59.99913024902344,6.718203067779541,-1,True
LB-506b,False,False,False,False,False,0.5729864835739136,-149.99462890625,2.115027666091919,-1,True
YW-685e,False,False,False,False,False,2.242410898208618,-224.6917724609375,1.4150171279907227,-1,False
QJ-684a,False,True,True,True,False,0.6058018803596497,230.9624786376953,1.6576783657073975,-1,True
RC-944c,False,True,False,True,False,0.3785519301891327,-174.43605041503906,0.03578970953822136,-1,True
SL-027b,True,True,True,True,False,1.1936396360397339,53.746002197265625,0.6809601783752441,-1,True
GH-209d,False,True,False,True,False,1.2086918354034424,-56.93339920043945,0.023811006918549538,-1,True
EY-351d,False,False,False,False,False,1.0662411451339722,-137.87982177734375,74.99720001220703,-1,True
WX-150b,False,False,False,False,False,1.1062833070755005,303.3553161621094,18.483291625976562,-1,True
YW-685c,False,False,False,False,False,0.8879674673080444,-195.9532012939453,4.607916831970215,-1,True
OY-719g,False,False,False,False,False,2.3728981018066406,-144.4901123046875,1.2235082387924194,-1,False
YP-916f,False,False,False,False,False,1.4991463422775269,-195.56581115722656,0.6465286612510681,-1,False
OY-719c,False,False,False,False,False,0.6281159520149231,159.30963134765625,0.3557353615760803,-1,True
LB-506c,False,False,False,False,False,0.71109938621521,-147.6559295654297,17.100923538208008,-1,True
RV-188b,False,False,False,False,False,0.9853985905647278,112.60829162597656,21.127426147460938,-1,True
UQ-965d,True,True,True,True,False,0.8249140381813049,-18.189842224121094,0.25129809975624084,-1,True
LG-262e,False,False,False,False,False,0.8943420648574829,-110.12174224853516,0.9157161116600037,-1,False
WU-070f,False,False,False,False,False,0.906182050704956,-204.52476501464844,1.5071390867233276,-1,False
WC-299f,False,False,False,False,False,2.2266290187835693,-164.1718292236328,1.8136838674545288,-1,False
LB-506d,False,False,False,False,False,1.3130239248275757,-219.008544921875,6.964233875274658,-1,True
RV-188d,False,False,False,False,False,0.8241456747055054,-115.76029968261719,9.138007164001465,-1,True
OY-719i,False,False,False,False,False,1.3185349702835083,-179.98727416992188,1.4991426467895508,-1,False
SO-832c,False,False,False,False,False,1.087083101272583,-158.02316284179688,10.240212440490723,-1,True
KW-020c,True,True,True,True,True,1.1190704107284546,18.875593185424805,0.25226354598999023,-1,True
YI-705f,False,False,False,False,False,1.4471094608306885,-232.32867431640625,0.6416847109794617,-1,False
WR-681a,True,True,True,True,False,1.056020975112915,340.1012268066406,58.321807861328125,-1,True
LB-599g,True,True,True,True,False,2.8474771976470947,-209.2300262451172,1.8741527795791626,-1,False
YP-916b,False,False,False,False,False,0.2741766571998596,-123.05264282226562,0.003335768124088645,-1,True
OT-113b,False,True,True,True,False,0.9279056787490845,55.84979248046875,13.515386581420898,-1,True
YW-338c,True,True,True,True,False,0.5970657467842102,-9.948341369628906,5.71841287612915,-1,True
QJ-650b,False,True,True,True,False,0.9661048650741577,172.314208984375,3.045100212097168,-1,True
DW-161c,False,False,False,False,False,0.8698824048042297,-125.6111831665039,60.77297592163086,-1,True
JS-299b,True,True,True,True,False,0.7098304033279419,-49.146583557128906,0.0001712025114102289,-1,True
EX-925e,False,False,False,False,False,0.9211753010749817,-85.59828186035156,71.38801574707031,-1,True
AM-884c,True,True,True,True,False,1.0953091382980347,-166.65045166015625,1.8284434080123901,-1,True
RV-188a,False,False,False,False,False,1.2736403942108154,282.94189453125,3.4708123207092285,-1,True
OY-719f,False,False,False,False,False,0.8649595975875854,-142.1337432861328,1.4394609928131104,-1,False
AX-383a,False,False,False,False,False,0.20017109811306,121.57694244384766,0.045591194182634354,-1,True
XD-005c,True,True,True,True,False,0.664263129234314,-5.697507381439209,12.758238792419434,-1,True
YP-916c,False,False,False,False,False,1.3085039854049683,-198.7914276123047,0.5268982648849487,-1,True
WO-740b,False,False,False,False,False,0.9299504160881042,-139.07261657714844,25.248546600341797,-1,True
PD-175d,True,True,True,True,False,0.3969005048274994,-131.39859008789062,1.5983413457870483,-1,False
YP-888a,False,True,True,True,False,0.283515989780426,-124.77886199951172,0.009626698680222034,-1,True
RC-796g,False,False,False,False,False,2.2354743480682373,-208.57029724121094,1.7635434865951538,-1,False
LG-262h,False,False,False,False,False,1.0468634366989136,-207.3804931640625,1.7955775260925293,-1,False
LB-428g,False,False,False,False,False,2.661642551422119,-204.61367797851562,1.2253984212875366,-1,False
YP-916g,False,False,False,False,False,2.0955076217651367,-244.24134826660156,1.773289442062378,-1,False
LB-428a,False,False,False,False,False,0.8288454413414001,367.96868896484375,23.52311134338379,-1,True
EX-925b,False,False,False,False,False,1.4373317956924438,112.07661437988281,168.1417999267578,-1,True
LG-262f,False,False,False,False,False,2.236077308654785,-160.71859741210938,1.124725341796875,-1,False
SO-832e,False,False,False,False,False,2.3877508640289307,-197.3787078857422,1.4508329629898071,-1,False
AX-383g,False,False,False,False,False,1.175998568534851,-238.32273864746094,0.7487229108810425,-1,False
XD-005h,False,False,False,False,False,1.7529493570327759,-191.0796356201172,1.8767116069793701,-1,False
DW-161d,False,False,False,False,False,1.6284196376800537,-153.2279510498047,0.5264096856117249,-1,False
ZK-768f,False,False,False,False,False,2.1245217323303223,-191.48785400390625,0.5108717679977417,-1,False
OY-799d,False,False,False,False,False,0.8911918997764587,-43.552650451660156,25.12158203125,-1,True
WO-052b,False,False,False,False,False,1.080251693725586,189.00128173828125,13.581560134887695,-1,True
OY-719e,False,False,False,False,False,0.8848254680633545,-54.886627197265625,11.349260330200195,-1,True
WO-052e,False,False,False,False,False,1.4128918647766113,-21.264741897583008,25.539514541625977,-1,True
ZK-357d,False,False,False,False,False,0.656982958316803,-165.65826416015625,10.052485466003418,-1,True
WU-070d,False,False,False,False,False,1.2676877975463867,-181.9111328125,36.53399658203125,-1,True
YP-916h,False,False,False,False,False,1.3982264995574951,-245.11048889160156,1.6121917963027954,-1,False
RC-796h,False,False,False,False,False,1.5800962448120117,-214.0721435546875,0.512138843536377,-1,False
OP-649a,False,False,False,False,False,0.8136925101280212,290.57623291015625,21.16344451904297,-1,True
RV-188c,False,False,False,False,False,0.788483738899231,-50.22046661376953,0.3687872290611267,-1,True
WU-070a,True,True,True,True,True,1.2156225442886353,72.5621109008789,0.2749382257461548,-1,True
AX-383f,False,False,False,False,False,1.7168725728988647,-208.00961303710938,1.003975749015808,-1,False
HM-910f,False,False,False,False,False,0.5519627928733826,-143.82443237304688,1.4512845277786255,-1,False
ZK-357b,False,False,True,False,False,0.6512449383735657,-7.289668560028076,15.49566650390625,-1,True
UI-206b,False,False,False,False,False,1.4677677154541016,-106.87725830078125,11.137125968933105,-1,True
HM-910e,False,False,False,False,False,0.628842830657959,-124.46936798095703,2.4042258262634277,-1,True
LS-828b,False,False,False,False,False,0.35308071970939636,-156.96910095214844,0.012001351453363895,-1,True
AW-844i,False,False,False,False,False,0.8542088270187378,-220.0537872314453,24.874736785888672,-1,True
ZV-307a,True,True,True,True,False,1.2316086292266846,306.79681396484375,0.04857154190540314,-1,True
OP-649e,False,False,False,False,False,1.1264501810073853,-112.6684799194336,96.89393615722656,-1,True
LS-828c,False,False,False,False,False,0.5661289095878601,-84.36365509033203,6.2504496574401855,-1,True
LS-828e,False,False,False,False,False,0.8918336629867554,-196.5361785888672,0.6935232877731323,-1,False
YP-916a,False,False,False,False,False,0.4046751856803894,-35.41542053222656,0.09146001935005188,-1,True
EX-925f,False,False,False,False,False,2.6603281497955322,-199.5306854248047,0.7740532159805298,-1,False
OT-889f,False,False,False,False,False,0.9868945479393005,-142.3373260498047,1.5551512241363525,-1,False
LG-262i,False,False,False,False,False,1.2689813375473022,-233.1847381591797,94.8051528930664,-1,True
RY-853d,False,False,False,False,False,1.3932526111602783,-87.53473663330078,208.32557678222656,-1,True
RY-780h,False,False,False,False,False,1.6987453699111938,-196.45529174804688,1.8905917406082153,-1,False
SO-832d,False,False,False,False,False,0.9857781529426575,-164.15301513671875,0.649753749370575,-1,False
XD-005e,False,False,False,False,False,1.2142621278762817,-79.2502212524414,98.2357406616211,-1,True
LS-828d,False,False,False,False,False,1.0167102813720703,-206.0684814453125,4.701462745666504,-1,True
OP-649f,False,False,False,False,False,0.9053428769111633,-130.70883178710938,0.8285861611366272,-1,False
SO-832f,False,False,False,False,False,2.383737087249756,-221.99649047851562,0.8314900994300842,-1,False
AM-462a,False,False,False,False,False,0.5665755867958069,247.47216796875,2.8281726837158203,-1,True
SO-028a,False,False,False,False,False,0.7374582886695862,-35.538856506347656,1.5109072923660278,-1,True
AX-383e,False,False,False,False,False,0.8297708630561829,-200.42930603027344,1.06719970703125,-1,False
ZK-357g,False,False,False,False,False,1.9741562604904175,-203.7032470703125,1.8924814462661743,-1,False
XG-326a,True,True,True,True,True,1.1772857904434204,67.03596496582031,13.053946495056152,-1,True
WB-948d,False,False,False,False,False,1.293256163597107,-74.3324966430664,90.311279296875,-1,True
UV-072b,True,True,True,True,False,0.5896585583686829,123.96385955810547,10.505572319030762,-1,True
YI-209h,True,True,True,True,False,2.1807491779327393,-232.5126495361328,1.8808026313781738,-1,False
RC-796c,False,False,False,False,False,0.8524643182754517,43.18680191040039,13.526979446411133,-1,True
RV-188e,False,False,False,False,False,0.9508434534072876,-75.19857025146484,43.46229934692383,-1,True
AW-844e,False,False,False,False,False,0.9992452263832092,-127.20695495605469,1.4094408750534058,-1,False
YP-131b,False,True,True,True,False,0.6361157894134521,-139.49359130859375,0.07095207273960114,-1,True
GH-209c,False,True,False,True,True,0.8692919611930847,3.8590683937072754,0.06632902473211288,-1,True
OT-627c,True,True,True,True,True,0.9755153059959412,-6.683772563934326,0.9249995946884155,-1,True
AX-383d,False,False,False,False,False,1.5086958408355713,-214.94403076171875,12.618496894836426,-1,True
IA-603b,True,True,True,True,False,1.1330647468566895,-28.460147857666016,2.021153450012207,-1,True
WB-948b,False,False,False,False,False,0.4781038761138916,183.09951782226562,0.06767154484987259,-1,True
HM-517d,False,False,False,False,False,1.02531898021698,-3.829817771911621,31.67339515686035,-1,True
XV-825c,False,False,False,False,False,1.3103749752044678,52.10807800292969,13.209333419799805,-1,True
EM-009d,False,False,False,False,False,1.1305592060089111,-183.37351989746094,25.57663917541504,-1,True
KW-020b,False,False,False,False,False,1.030073881149292,149.7264404296875,26.596614837646484,-1,True
ZK-357f,False,False,False,False,False,1.3877365589141846,-212.47756958007812,190.5828399658203,-1,True
FW-344c,False,False,False,False,False,0.6147892475128174,-113.53726959228516,0.8826674818992615,-1,False
RC-796b,False,False,False,False,False,0.9502860307693481,85.98429870605469,32.978363037109375,-1,True
OT-889g,False,False,False,False,False,1.5767748355865479,-180.46456909179688,1.4246453046798706,-1,False
AW-844f,False,False,False,False,False,1.2975341081619263,-172.30995178222656,0.9746138453483582,-1,False
SO-122e,False,False,False,False,False,1.5954209566116333,-219.7199249267578,43.31505584716797,-1,True
WO-052d,False,False,False,False,False,1.2019881010055542,14.107732772827148,5.479645252227783,-1,True
LB-428d,False,True,False,False,False,1.3092725276947021,-117.094482421875,0.15393882989883423,-1,True
AX-383b,False,False,False,False,False,0.677317202091217,-48.234901428222656,6.9619245529174805,-1,True
OP-649d,False,False,False,False,False,0.8778653144836426,-84.98381042480469,0.020409375429153442,-1,True
UP-972e,False,False,False,False,False,0.9929450154304504,-190.35552978515625,0.8636502027511597,-1,False
UP-170d,False,False,False,False,False,0.5659984350204468,-185.216796875,5.021873950958252,-1,True
KI-448a,False,False,False,False,False,0.4127359688282013,125.04727172851562,0.02264992892742157,-1,True
RY-853h,False,False,False,False,False,0.9259527325630188,-206.9731903076172,1.3668440580368042,-1,False
AM-462d,False,False,False,False,False,1.52888023853302,-151.67007446289062,96.29401397705078,-1,True
RY-853f,False,False,False,False,False,2.0222220420837402,-195.20040893554688,0.7632128000259399,-1,False
DW-161e,False,False,False,False,False,2.55285382270813,-196.98583984375,0.5720726847648621,-1,False
OP-649b,False,False,False,False,False,0.29952722787857056,188.43966674804688,0.09360694140195847,-1,True
WO-052c,False,False,False,False,False,1.1324313879013062,73.02678680419922,0.7910152077674866,-1,True
AW-844c,False,False,False,False,False,1.0458219051361084,6.114261150360107,14.390257835388184,-1,True
UP-170a,False,False,False,False,False,0.6185116767883301,-131.33065795898438,6.875540256500244,-1,True
UP-170c,False,False,False,False,False,0.5464258193969727,-170.09703063964844,0.6159643530845642,-1,True
ZV-307c,True,True,True,True,True,0.9376252889633179,67.93852233886719,0.9216036200523376,-1,True
AM-462b,False,False,False,False,False,0.7164963483810425,-64.78743743896484,0.9174768924713135,-1,True
UQ-194c,True,True,True,True,False,0.5038254261016846,-194.8319091796875,0.37098580598831177,-1,True
MG-197c,False,True,True,True,True,1.2435153722763062,8.298256874084473,20.433765411376953,-1,True
YK-005e,False,False,False,False,False,0.7499539256095886,-168.30702209472656,1.4450658559799194,-1,False
IY-206c,False,True,False,True,False,0.6396005153656006,-177.51773071289062,6.272671699523926,-1,True
QJ-650d,False,False,False,False,False,1.4687800407409668,-76.39633178710938,81.57582092285156,-1,True
EM-009e,False,False,False,False,False,1.7105038166046143,-173.31707763671875,1.4122114181518555,-1,False
OP-649g,False,False,False,False,False,2.601757287979126,-213.8513641357422,1.416418194770813,-1,False
AW-844d,False,False,False,False,False,1.4341957569122314,-118.17395782470703,4.977392673492432,-1,True
IY-112a,True,True,True,True,False,0.9183248281478882,-116.55579376220703,6.15622091293335,-1,True
AM-695g,False,False,False,False,False,1.5802408456802368,-218.31080627441406,1.8243573904037476,-1,False
AM-462e,False,False,False,False,False,0.7524582147598267,-187.37554931640625,0.5519928336143494,-1,False
WB-948e,False,False,False,False,False,0.7259724736213684,-142.88812255859375,1.6544039249420166,-1,False
IZ-911a,False,False,False,False,False,0.3394196033477783,361.46826171875,0.4807707965373993,-1,True
IZ-468f,False,False,False,False,False,0.9802968502044678,-154.07034301757812,1.2077287435531616,-1,False
SE-110c,True,True,True,True,True,0.8362013101577759,-184.732421875,8.004364013671875,-1,True
KI-448d,False,False,False,False,False,1.27004873752594,-123.75335693359375,41.64442825317383,-1,True
KI-448c,False,True,False,True,False,0.8856711983680725,-91.50444793701172,17.167491912841797,-1,True
SL-027c,False,False,False,False,False,0.8571354150772095,-14.203291893005371,4.847570896148682,-1,True
RY-853i,False,False,False,False,False,0.5899069905281067,-239.57244873046875,0.1701062023639679,-1,True
ZV-639b,False,True,True,True,False,0.45725613832473755,99.658935546875,1.4031577110290527,-1,True
OY-799b,False,False,False,False,False,0.41067570447921753,181.59169006347656,1.48832368850708,-1,True
WB-948f,False,False,False,False,False,1.755737543106079,-172.60629272460938,1.9815959930419922,-1,False
SO-122c,False,False,False,False,False,1.2276045083999634,-176.83973693847656,6.310535430908203,-1,True
IZ-911f,False,False,False,False,False,2.288574695587158,-183.62551879882812,1.735830307006836,-1,False
ZV-896e,False,False,False,False,False,0.579017698764801,-112.45853424072266,0.8040805459022522,-1,False
EM-009a,False,False,False,False,False,0.8648342490196228,343.3655700683594,18.258546829223633,-1,True
GH-780c,False,True,False,True,False,0.3612276017665863,-2.582864999771118,0.16605670750141144,-1,True
UP-170f,False,False,False,False,False,2.2554922103881836,-233.17849731445312,1.9578206539154053,-1,False
AX-872e,False,False,False,False,False,0.6989564299583435,-173.70144653320312,1.8002469539642334,-1,False
TD-260d,False,False,False,True,False,0.7122373580932617,-97.14290618896484,0.011662396602332592,-1,True
RC-796a,False,False,False,False,False,0.9097955822944641,161.1678466796875,7.148837566375732,-1,True
AM-462c,False,False,False,False,False,1.2151343822479248,-53.34654235839844,35.67478561401367,-1,True
SE-110f,False,False,False,False,False,2.6293954849243164,-210.97998046875,0.536707878112793,-1,False
PD-754c,False,False,False,False,False,1.1604492664337158,201.08831787109375,32.549434661865234,-1,True
QQ-001d,False,False,False,False,False,0.520199716091156,-125.49781799316406,1.8489649295806885,-1,False
XH-329b,False,False,False,False,False,1.0938715934753418,-141.96969604492188,46.42817687988281,-1,True
SO-122h,False,False,False,False,False,2.6542346477508545,-250.673095703125,1.1413769721984863,-1,False
AU-522a,False,False,False,False,False,0.7935898900032043,-102.76835632324219,18.889076232910156,-1,True
AW-844g,False,False,False,False,False,2.295595645904541,-173.25205993652344,0.705579936504364,-1,False
SO-028b,False,False,False,False,False,0.3788438141345978,-195.46102905273438,0.07033435255289078,-1,True
XU-145d,False,False,False,False,False,0.9081127643585205,-47.45520782470703,5.55780029296875,-1,True
AW-844a,False,True,True,True,False,0.884292721748352,139.3207550048828,5.717175483703613,-1,True
IZ-911d,False,False,False,False,False,0.9470210075378418,-109.91499328613281,8.303017616271973,-1,True
EM-009b,False,False,False,False,False,0.9746607542037964,130.824951171875,44.51408004760742,-1,True
SB-838b,True,True,True,True,False,1.045565128326416,-140.29623413085938,17.3216495513916,-1,True
OT-442i,True,True,True,True,False,0.3884669542312622,-228.9014129638672,0.2224545180797577,-1,True
OF-443d,False,False,False,False,False,2.298123836517334,-171.03028869628906,1.1129109859466553,-1,False
OF-443c,False,False,False,False,False,0.7682425379753113,-177.47216796875,1.3807992935180664,-1,False
IZ-911e,False,False,False,False,False,0.7624855637550354,-180.81655883789062,1.8845134973526,-1,False
KC-765b,False,False,False,False,False,1.2703665494918823,22.056215286254883,5.660645484924316,-1,True
SL-027a,False,False,False,False,False,0.4468155801296234,206.94212341308594,3.9855964183807373,-1,True
JS-572g,False,False,False,False,False,1.5203454494476318,-160.49827575683594,1.0953439474105835,-1,False
QQ-033a,False,False,False,False,False,0.19681520760059357,1.5279645919799805,0.07176309078931808,-1,True
YI-705d,True,True,True,True,False,1.4289969205856323,-178.00265502929688,1.729224681854248,-1,True
UV-795c,False,True,True,True,False,0.7302284240722656,-155.93780517578125,8.364810943603516,-1,True
WO-491g,False,False,False,False,False,2.7694289684295654,-203.54571533203125,0.9832661747932434,-1,False
SB-838c,False,True,False,True,False,1.0465041399002075,-168.4456329345703,2.7409653663635254,-1,True
WO-052a,False,False,False,False,False,0.853018045425415,389.7444763183594,0.28183823823928833,-1,True
WO-617a,False,False,False,False,False,0.6979055404663086,343.501953125,4.658078193664551,-1,True
GM-037a,False,True,False,True,False,0.9190747737884521,-108.15143585205078,7.241740703582764,-1,True
OF-443a,False,False,False,False,False,1.0309666395187378,284.1964416503906,2.052586555480957,-1,True
EM-009c,False,False,False,False,False,1.9171733856201172,-151.97061157226562,25.501293182373047,-1,True
SB-838a,True,True,True,True,False,0.8816386461257935,-127.8809814453125,0.4264583885669708,-1,True
RV-084a,False,False,False,False,False,0.7099179029464722,156.93809509277344,0.32876187562942505,-1,True
LB-428f,False,False,False,False,False,2.2174832820892334,-143.39523315429688,1.8379324674606323,-1,False
CH-913a,False,False,False,False,False,0.3522183299064636,215.2768096923828,0.03447732701897621,-1,True
JS-572b,False,False,False,False,False,0.6912609338760376,48.3641357421875,2.6515612602233887,-1,True
AU-522b,False,False,False,False,False,1.2852809429168701,-166.07493591308594,13.036304473876953,-1,True
AW-844h,False,False,False,False,False,0.8844351768493652,-196.54188537597656,1.8841794729232788,-1,False
KC-765e,False,False,False,False,False,1.1472383737564087,-136.67242431640625,5.199875831604004,-1,True
YP-888c,False,True,True,True,False,0.3508521318435669,-173.27745056152344,0.12878553569316864,-1,True
NL-881e,False,False,False,False,False,1.2255324125289917,-156.12716674804688,2.4248201847076416,-1,True
KW-020f,False,False,False,False,False,1.97946035861969,-189.4668731689453,1.1610658168792725,-1,False
QQ-033b,False,False,False,False,False,0.7797991633415222,-117.66456604003906,1.1760765314102173,-1,True
SO-028c,False,False,False,False,False,1.5149530172348022,-207.51968383789062,24.248668670654297,-1,True
IZ-911h,False,False,False,False,False,1.295822024345398,-200.00363159179688,0.8730091452598572,-1,False
OE-462i,False,True,False,False,False,0.5662025809288025,-233.05075073242188,9.41328239440918,-1,True
YI-059a,False,False,True,False,False,0.3559539318084717,744.798828125,0.23945271968841553,-1,True
UI-206c,False,False,False,False,False,0.6517531871795654,-180.7642822265625,1.8373923301696777,-1,True
CH-913d,False,False,False,False,False,1.0614995956420898,-47.66205978393555,5.048439979553223,-1,True
GY-986e,False,False,False,False,False,0.6810733079910278,-221.66656494140625,0.7664413452148438,-1,False
IZ-455a,False,False,False,False,False,0.8128270506858826,272.90057373046875,1.3939485549926758,-1,True
EM-009f,False,False,False,False,False,2.863476037979126,-205.46017456054688,1.734000325202942,-1,False
ZV-759b,True,True,True,True,False,1.2382618188858032,15.661985397338867,2.0237467288970947,-1,True
PD-718c,False,True,False,True,False,0.6910326480865479,-36.27109909057617,0.17485611140727997,-1,True
UI-206a,False,False,False,False,False,0.8777683973312378,158.7474822998047,17.844608306884766,-1,True
OF-935a,False,False,False,False,False,0.7498324513435364,248.23788452148438,10.670504570007324,-1,True
UI-206d,False,False,False,False,False,0.6624144911766052,-197.6283721923828,4.058943748474121,-1,True
YI-209a,False,False,False,False,False,0.511570155620575,-141.90679931640625,4.64669132232666,-1,True
OS-550b,False,False,False,False,False,0.5082996487617493,-158.15406799316406,0.2365487962961197,-1,True
JS-572d,False,False,False,False,False,1.1120288372039795,-58.77587127685547,21.58212661743164,-1,True
QQ-033c,False,False,False,False,False,1.541449785232544,-198.16282653808594,21.321264266967773,-1,True
NL-506d,False,False,False,False,False,1.0838576555252075,-211.25900268554688,2.3194825649261475,-1,True
UI-973e,False,False,False,False,False,0.613376259803772,-150.8989715576172,1.8215762376785278,-1,False
WU-308e,False,False,False,False,False,2.072218894958496,-214.103515625,0.8546651601791382,-1,False
VH-043a,True,True,True,True,False,0.49822044372558594,-136.4088134765625,1.0041544437408447,-1,True
OT-115a,False,False,False,False,False,0.8681373596191406,184.80868530273438,0.004045756068080664,-1,True
OS-550a,False,False,False,False,False,0.3197098970413208,154.31741333007812,0.03167572245001793,-1,True
OF-935b,False,False,False,False,False,1.062289834022522,-8.418018341064453,107.49281311035156,-1,True
CH-913b,False,False,False,False,False,1.0097084045410156,215.1763916015625,46.06786346435547,-1,True
KC-765d,False,False,False,False,False,0.9602513313293457,-92.15642547607422,14.881952285766602,-1,True
RV-084b,False,False,False,False,False,0.8571062088012695,90.70191192626953,24.307485580444336,-1,True
KC-765f,False,False,False,False,False,0.5413042902946472,-139.0807647705078,1.6821832656860352,-1,False
WU-308d,False,False,False,False,False,1.4235727787017822,-230.4859161376953,64.69673919677734,-1,True
KW-358g,False,True,False,True,False,2.4287490844726562,-210.21348571777344,1.0991137027740479,-1,False
SO-028e,False,False,False,False,False,2.238908529281616,-220.3545379638672,1.6042717695236206,-1,False
NL-881b,False,False,False,False,False,0.31309086084365845,5.01329231262207,0.004989251960068941,-1,True
LS-123b,False,False,False,False,False,0.5195692181587219,139.7055206298828,1.1971126794815063,-1,True
OT-115b,False,False,False,False,False,1.1213830709457397,-43.775516510009766,28.093658447265625,-1,True
JS-637a,False,False,False,False,False,0.3803965747356415,562.4220581054688,0.3183674216270447,-1,True
NL-506b,False,False,False,False,False,0.5781878232955933,-178.77818298339844,0.03603211045265198,-1,True
LS-271b,False,False,False,False,False,0.3418431878089905,-49.37848663330078,0.0005528457113541663,-1,True
LS-483d,False,False,False,False,False,0.6265794634819031,-8.878028869628906,2.2904000282287598,-1,True
XG-452e,False,False,False,False,False,0.8198924660682678,24.170724868774414,1.782198190689087,-1,False
VH-241c,False,True,False,True,False,0.7492843270301819,-95.42536926269531,9.667292594909668,-1,True
JS-572a,False,False,False,False,False,0.850839376449585,243.7340545654297,12.993914604187012,-1,True
CH-913g,False,False,False,False,False,1.4764766693115234,-179.1836700439453,1.3672676086425781,-1,False
OF-935d,False,False,False,False,False,1.6741851568222046,-174.48739624023438,0.9847057461738586,-1,False
OS-550d,False,False,False,False,False,1.1552631855010986,-152.26556396484375,21.477643966674805,-1,True
QQ-033d,False,False,False,False,False,0.8733181357383728,-175.46615600585938,0.5117448568344116,-1,False
LS-621b,False,False,False,False,False,0.7683067917823792,179.5941619873047,1.745804786682129,-1,True
ZK-357c,False,False,False,False,False,0.6242571473121643,-166.9850311279297,0.005771290045231581,-1,True
CH-913i,False,False,False,False,False,1.413027048110962,-220.3044891357422,1.3907012939453125,-1,False
YP-922c,False,False,False,False,False,1.0121862888336182,-178.61367797851562,44.092071533203125,-1,True
XH-556f,False,False,False,False,False,2.726649761199951,-241.34555053710938,1.6347767114639282,-1,False
GY-986f,False,False,False,False,False,0.7850101590156555,-204.74977111816406,0.5824525356292725,-1,False
SL-027f,False,False,False,False,False,1.37642240524292,-203.58554077148438,1.4665770530700684,-1,False
IC-945a,False,False,False,False,False,0.5649405717849731,559.1445922851562,2.1247339248657227,-1,True
NL-506e,False,False,False,False,False,0.7807489633560181,-178.35389709472656,1.7329912185668945,-1,False
RC-796e,False,False,False,False,False,0.626038670539856,-142.7471160888672,1.3309142589569092,-1,False
AU-709c,False,False,False,False,False,0.6566161513328552,-96.36575317382812,0.045303039252758026,-1,True
UV-062a,False,False,False,False,False,0.9710378646850586,86.48773193359375,5.547961711883545,-1,True
YP-131e,False,False,False,False,False,1.5566974878311157,-208.57205200195312,1.2636209726333618,-1,False
RV-084g,False,False,False,False,False,2.463811159133911,-209.6502227783203,1.1303409337997437,-1,False
NL-881c,False,False,False,False,False,1.4157843589782715,-66.4007797241211,4.598855495452881,-1,True
XG-452g,False,False,False,False,False,1.8330423831939697,-101.2232666015625,1.868669033050537,-1,False
OF-935c,False,False,False,False,False,0.9504069089889526,-128.34547424316406,1.5189822912216187,-1,False
UP-573c,False,False,False,False,False,1.195462942123413,-179.53207397460938,14.634856224060059,-1,True
YI-209e,False,False,False,False,False,0.9695212841033936,-217.8082733154297,7.48483943939209,-1,True
QQ-033f,False,False,False,False,False,2.235614538192749,-218.72767639160156,1.6573430299758911,-1,False
PD-754g,False,False,False,False,False,2.958648920059204,-174.5201873779297,1.234139084815979,-1,False
JS-572i,False,False,False,False,False,1.43943190574646,-222.31637573242188,1.7166507244110107,-1,False
YI-715b,True,True,True,True,True,0.7291059494018555,39.102752685546875,0.8963815569877625,0.2662469148635864,True
YP-819b,False,False,False,False,False,0.5769937038421631,-148.0268096923828,0.8319392800331116,-1,True
QF-930b,False,True,True,True,False,0.8395946025848389,19.020584106445312,1.2944934368133545,-0.1980779767036438,True
SE-052f,False,False,False,False,False,2.0928614139556885,-219.51602172851562,1.5144814252853394,-1,False
YP-819a,False,False,False,False,False,0.5794474482536316,-139.5599365234375,2.039876937866211,-1,True
UV-062d,False,False,False,False,False,1.1247000694274902,-105.22189331054688,29.453018188476562,-1,True
YP-131c,False,False,False,False,False,0.8551381826400757,-179.95526123046875,10.252084732055664,-1,True
AM-462f,False,False,False,False,False,2.081627607345581,-170.76580810546875,0.9858267903327942,-1,False
YI-265a,False,False,False,False,False,0.8124400973320007,360.73583984375,14.258190155029297,-1,True
UV-062e,False,False,False,False,False,1.0476675033569336,-142.91552734375,0.8740737438201904,-1,True
OT-115c,False,False,False,False,False,1.1050564050674438,-62.35567855834961,31.8793888092041,-1,True
JK-749a,False,False,False,False,False,0.3384012281894684,-137.7870330810547,0.21572382748126984,-1,True
YI-209f,False,False,False,False,False,0.6558395624160767,-186.49484252929688,0.7938312888145447,-1,False
GY-986c,False,False,False,False,False,0.699326753616333,-172.21812438964844,15.717193603515625,-1,True
OS-550e,False,False,False,False,False,1.4516605138778687,-210.09466552734375,104.5619888305664,-1,True
XD-492a,False,False,False,False,False,1.3729877471923828,65.9219970703125,153.69912719726562,-1,True
JS-572e,False,False,False,False,False,0.3994153141975403,-101.42192840576172,1.9583978652954102,-1,False
QQ-033g,False,False,False,False,False,0.950730562210083,-228.43409729003906,1.41797935962677,-1,False
OS-550c,False,False,False,False,False,0.9604429602622986,-172.84104919433594,10.1742525100708,-1,True
YP-819c,False,False,False,False,False,0.765853226184845,-204.11993408203125,5.7071733474731445,-1,True
YI-209g,False,False,False,False,False,1.316199541091919,-238.17938232421875,1.6501741409301758,-1,False
GY-986g,False,False,False,False,False,1.8358415365219116,-209.26177978515625,1.2113720178604126,-1,False
RV-084f,False,False,False,False,False,1.3921641111373901,-160.4022216796875,1.3557840585708618,-1,False
WO-052i,False,False,False,False,False,1.1873568296432495,-187.25682067871094,1.5022711753845215,-1,False
WO-617b,False,False,False,False,False,1.1761980056762695,85.28347778320312,6.181079864501953,-1,True
JS-570i,False,True,True,True,False,1.2603724002838135,-242.8582763671875,0.22827450931072235,-1,True
UQ-965b,False,False,False,False,False,0.8286586999893188,95.1495132446289,9.307783126831055,-1,True
UQ-965a,False,False,False,False,False,0.5799515843391418,274.4941101074219,1.6214392185211182,-1,True
RV-084c,False,False,False,False,False,0.5505669116973877,-6.308533191680908,6.6230387687683105,-1,True
CH-913h,False,False,False,False,False,2.5731282234191895,-178.69189453125,1.5078221559524536,-1,False
NG-574b,False,True,False,True,False,0.45718076825141907,-5.584234237670898,0.019204098731279373,-1,True
CH-913c,False,False,False,False,False,0.2930036187171936,63.238162994384766,0.07448764145374298,-1,True
RC-796d,False,False,False,False,False,1.5870238542556763,-162.99429321289062,0.0847911462187767,-1,True
YI-280e,True,True,True,True,False,1.169331669807434,-31.017654418945312,35.73541259765625,-1,True
UV-135b,False,True,True,True,False,1.2737842798233032,-95.69074249267578,0.5090042352676392,-1,True
JS-572j,False,False,False,False,False,0.38078898191452026,-244.73251342773438,0.037048567086458206,-1,True
ZV-896f,False,False,False,False,False,2.1885719299316406,-176.6122283935547,1.5144093036651611,-1,False
YP-922b,False,False,False,False,False,0.620404064655304,-71.02297973632812,3.944014072418213,-1,True
XG-452h,False,False,False,False,False,1.5037693977355957,-154.82489013671875,1.507481575012207,-1,False
RV-084h,False,False,False,False,False,1.352637767791748,-210.4087371826172,1.2039028406143188,-1,False
YP-819d,False,False,False,False,False,1.3182694911956787,-196.1349334716797,0.3529024124145508,-1,True
RC-796f,False,False,False,False,False,1.5844032764434814,-190.23342895507812,1.3547664880752563,-1,False
UV-062f,False,False,False,False,False,1.529888391494751,-125.32928466796875,558.5848388671875,-1,True
WB-501a,False,False,False,False,False,0.9534891247749329,263.8590087890625,12.034477233886719,-1,True
DW-161a,False,False,False,False,False,0.9094314575195312,449.9929504394531,3.8534414768218994,-1,True
XG-452d,False,False,False,False,False,0.5743826627731323,189.23883056640625,1.9978865385055542,-1,False
PD-754h,False,False,False,False,False,1.1838884353637695,-183.2023162841797,1.6827911138534546,-1,False
RV-084e,False,False,False,False,False,1.0117567777633667,-122.01595306396484,0.012317229993641376,-1,True
DW-161b,False,False,False,False,False,0.3918013870716095,106.7767105102539,0.342894047498703,-1,True
GH-459e,False,True,False,True,False,1.5710997581481934,-202.78799438476562,1.586930274963379,-1,False
AM-371a,False,False,False,False,False,0.9710929989814758,491.818603515625,51.56914520263672,-1,True
UB-808e,False,True,False,True,False,0.2795175313949585,-179.40029907226562,0.13236305117607117,-1,True
SE-110e,False,True,True,True,False,1.6763052940368652,-209.40602111816406,1.1974523067474365,-1,False
YP-819e,False,False,False,False,False,2.220167398452759,-224.43373107910156,127.83670043945312,-1,True
PD-754a,False,False,False,False,False,0.841688334941864,608.0296630859375,1.9081562757492065,-1,True
YI-265h,False,False,False,False,False,2.710900068283081,-208.8318328857422,0.9601420164108276,-1,False
RV-854d,False,True,False,True,False,0.9033322334289551,-20.507102966308594,72.09716033935547,-1,True
SO-715b,True,True,True,True,False,0.4424920380115509,-27.46451187133789,0.6025874614715576,-1,True
UQ-965c,False,False,False,False,False,1.3871840238571167,-17.627445220947266,8.044190406799316,-1,True
BS-658g,False,False,False,False,False,1.7566176652908325,-224.67401123046875,1.2703510522842407,-1,False
AM-371b,False,False,False,False,False,0.5237025022506714,320.3777160644531,2.3858444690704346,-1,True
YK-005a,False,True,True,False,False,0.5618919134140015,128.778076171875,1.7151601314544678,-1,True
UQ-965e,False,False,False,False,False,1.3007334470748901,-124.10641479492188,19.75873565673828,-1,True
UV-795h,False,True,False,True,False,1.2895429134368896,-245.59152221679688,1.427761197090149,-1,False
SL-542e,False,False,False,False,False,0.9533957839012146,-61.626468658447266,9.190839767456055,-1,True
YI-265f,False,False,False,False,False,0.6565989851951599,-133.9080352783203,0.6492671966552734,-1,False
SO-122g,False,False,False,False,False,1.9019585847854614,-221.8710174560547,0.5537126064300537,-1,False
XH-594f,False,False,False,False,False,2.150921106338501,-183.6270751953125,1.7647067308425903,-1,False
UB-282h,False,False,False,False,False,2.283634662628174,-163.88229370117188,1.8056929111480713,-1,False
YP-131a,False,False,False,False,False,1.170865535736084,70.65276336669922,55.02461624145508,-1,True
YI-265e,False,False,False,False,False,1.4283876419067383,-161.3489532470703,70.70780944824219,-1,True
YP-922a,False,False,False,False,False,0.9880180358886719,-33.82680892944336,21.913267135620117,-1,True
UQ-965g,False,False,False,False,False,2.189110279083252,-174.05966186523438,1.29866623878479,-1,False
QQ-786a,False,False,False,True,False,0.8928433060646057,99.91947937011719,3.2590854167938232,-1,True
YI-209j,False,False,False,False,False,0.8109915852546692,-259.57440185546875,9.022350311279297,-1,True
LS-271f,False,False,False,False,False,1.703631043434143,-190.7127685546875,0.8987328410148621,-1,False
XD-492c,False,False,False,False,False,0.9498537182807922,-176.06422424316406,12.814767837524414,-1,True
JK-749e,False,False,False,False,False,1.8369165658950806,-237.5030975341797,1.9888721704483032,-1,False
YP-131d,False,False,False,False,False,1.5957847833633423,-153.09837341308594,76.00524139404297,-1,True
LS-483c,False,False,False,False,False,0.8367420434951782,88.25633239746094,0.19454509019851685,-1,True
JS-572f,False,False,False,False,False,1.0965889692306519,-168.37181091308594,1.5148688554763794,-1,False
QQ-033e,False,False,False,False,False,1.2452678680419922,-237.9335479736328,1.3839064836502075,-1,False
NL-881a,False,False,False,False,False,0.3574743866920471,65.29359436035156,0.00016022680210880935,-1,True
NL-506a,False,False,False,False,False,0.6138240694999695,-121.67829895019531,0.07959138602018356,-1,True
OS-550f,False,False,False,False,False,0.6660473346710205,-225.2931671142578,1.4888226985931396,-1,False
UP-573b,False,False,False,False,False,0.8897607922554016,-95.98477935791016,1.9554805755615234,-1,True
JK-749c,False,False,False,False,False,0.5261939167976379,-223.83824157714844,1.2837015390396118,-1,False
OF-586b,True,True,True,True,False,0.47872260212898254,-5.095769882202148,1.8772681951522827,-1,True
NG-114c,False,True,False,True,False,0.9491813778877258,-3.0663015842437744,1.7108954191207886,-1,True
WO-617e,False,False,False,False,False,2.187819719314575,-161.22528076171875,0.6354357600212097,-1,False
XD-492d,False,False,False,False,False,0.8135223388671875,-199.79147338867188,5.366697311401367,-1,True
CH-913f,False,False,False,False,False,0.6178153157234192,-140.8275909423828,0.9128082394599915,-1,False
LG-672a,False,True,True,True,False,0.9001621603965759,-131.2125701904297,4.247572422027588,-1,True
PD-754b,False,False,False,False,False,1.0337307453155518,380.04302978515625,75.97905731201172,-1,True
OS-550g,False,False,False,False,False,1.2654328346252441,-220.9850311279297,0.9899888634681702,-1,False
CH-913e,False,False,False,False,False,0.7979117035865784,-123.8514633178711,4.889551639556885,-1,True
KW-358f,False,False,False,False,False,1.7173126935958862,-235.99740600585938,0.8367045521736145,-1,False
KI-439c,False,False,False,False,False,1.091723084449768,-145.58193969726562,77.26360321044922,-1,True
KW-358i,False,False,False,False,False,0.8352858424186707,-245.17974853515625,3.889010429382324,-1,True
QJ-650c,True,True,True,True,False,0.6348448395729065,41.32874298095703,0.11603565514087677,-1,True
JS-572h,False,False,False,False,False,2.510188579559326,-211.1354217529297,1.0480066537857056,-1,False
AM-429a,False,False,False,False,False,0.9006735682487488,341.4331970214844,11.137567520141602,-1,True
JK-749b,False,False,False,False,False,0.8754531145095825,-168.52076721191406,17.498310089111328,-1,True
AM-429f,False,False,False,False,False,1.589089035987854,-167.34925842285156,1.5286974906921387,-1,False
CH-364e,False,False,False,False,False,2.3766403198242188,-122.1434555053711,0.7101486921310425,-1,False
WO-452a,False,False,False,False,False,0.3089199364185333,111.03167724609375,0.00009604787919670343,-1,True
WO-617c,False,False,False,False,False,0.5603172183036804,-6.838073253631592,0.966396152973175,-1,True
CB-282b,False,True,True,True,True,1.3926703929901123,-3.013592481613159,8.66292953491211,-1,True
CH-364d,False,False,False,False,False,0.8322240114212036,-84.37776184082031,1.4476354122161865,-1,False
AM-429h,False,False,False,False,False,1.0820947885513306,-213.6427459716797,0.721291720867157,-1,False
CH-364a,False,False,False,False,False,0.4784806966781616,541.0929565429688,1.6524205207824707,-1,True
PD-175b,True,True,True,True,False,1.2832897901535034,0.9521443843841553,2.612708806991577,-1,True
FW-039a,False,False,False,False,False,0.9752070903778076,111.08252716064453,0.07733847200870514,-1,True
DW-835a,False,False,False,False,False,0.5592115521430969,84.33346557617188,0.06185252591967583,-1,True
CH-364b,False,False,False,False,False,1.3210442066192627,494.3349304199219,1.3991378545761108,-1,True
UV-135a,False,True,True,True,False,0.27165380120277405,-131.84658813476562,0.01067943312227726,-1,True
TO-392d,True,True,True,True,True,1.132895827293396,-101.83441162109375,43.71327209472656,-1,True
XD-492b,False,False,False,False,False,1.3630975484848022,-153.06265258789062,52.348609924316406,-1,True
PD-754e,False,False,False,False,False,1.1779683828353882,-106.07652282714844,10.362106323242188,-1,True
OY-569b,True,True,True,True,False,0.38565948605537415,44.243858337402344,0.12572349607944489,-1,True
FW-129e,True,True,True,True,False,1.431365966796875,-147.19541931152344,43.16267013549805,-1,True
IY-816e,False,True,True,True,False,1.7066930532455444,-152.05841064453125,0.4733133316040039,-1,True
AM-429d,False,False,False,False,False,0.4439888000488281,-82.39049530029297,0.6990676522254944,-1,False
PB-519a,True,True,True,True,False,0.7301514148712158,15.71650218963623,0.22288621962070465,-1,True
AM-429b,False,False,False,False,False,0.7897166013717651,110.60639190673828,57.517784118652344,-1,True
CH-364f,False,False,False,False,False,1.8179892301559448,-140.2447509765625,1.0253647565841675,-1,False
OY-799c,False,True,True,True,False,0.43266788125038147,1.0802680253982544,0.010816389694809914,-1,True
AM-371c,False,False,False,False,False,0.4588558077812195,-39.95948791503906,1.0526713132858276,-1,False
BS-658h,False,False,False,False,False,2.475165367126465,-247.6826934814453,0.8370081782341003,-1,False
CH-364g,False,False,False,False,False,1.3855522871017456,-168.46995544433594,1.2661426067352295,-1,False
OT-889d,True,True,True,True,False,0.8195748329162598,-101.01243591308594,0.3684564232826233,-1,True
CH-364c,False,False,False,False,False,0.6029800176620483,148.522705078125,5.806630611419678,-1,True
FW-039b,False,False,False,False,False,1.1918003559112549,-59.768672943115234,1.749786376953125,-1,True
UV-062b,False,False,False,False,False,1.4324462413787842,-3.5294580459594727,43.724788665771484,-1,True
AM-429c,False,False,False,False,False,1.578932285308838,54.59442901611328,72.1661148071289,-1,True
FW-039c,False,False,False,False,False,0.6097800135612488,-36.5889892578125,1.9734206199645996,-1,True
WB-501c,False,False,False,False,False,0.6284565329551697,-85.20355224609375,0.42580798268318176,-1,True
CH-913j,False,False,False,False,False,0.7730286121368408,-242.44114685058594,0.5680550932884216,-1,True
LB-428c,False,True,True,True,False,1.2910335063934326,-64.22322082519531,11.057406425476074,-1,True
RV-084d,False,False,False,False,False,1.3550959825515747,-92.59575653076172,44.25493240356445,-1,True
UQ-965h,False,False,False,False,False,1.7425026893615723,-187.6419219970703,0.7764462828636169,-1,False
OF-208b,True,True,True,True,False,1.1668496131896973,90.3647689819336,1.9675278663635254,-1,True
XG-430c,True,True,True,True,False,0.3620246350765228,42.28370666503906,0.7027679681777954,-1,True
ZV-639e,True,True,True,True,False,2.5843870639801025,-168.1003875732422,0.9742738008499146,-1,False
KI-439a,False,False,False,False,False,0.9929319024085999,116.80204772949219,18.16312026977539,-1,True
KQ-187a,False,False,False,False,False,0.8100337386131287,176.7703399658203,2.699416399002075,-1,True
LS-621a,False,False,False,False,False,0.3018745481967926,347.7838134765625,0.07966975122690201,-1,True
OF-552b,True,True,True,True,False,1.3582955598831177,-15.848570823669434,110.77336883544922,-1,True
YI-683e,True,True,True,True,False,0.34263163805007935,-136.6398468017578,0.004689822904765606,-1,True
LS-483b,False,False,False,False,False,0.9408637881278992,97.93515014648438,4.152655601501465,-1,True
LS-123a,False,False,False,False,False,0.9353824853897095,345.8037414550781,0.1484246402978897,-1,True
LS-271c,False,False,False,False,False,0.7370712757110596,-98.43362426757812,0.15357118844985962,-1,True
NL-881d,False,False,False,False,False,0.46115583181381226,-116.00497436523438,0.018675195053219795,-1,True
OT-442c,False,False,False,False,False,0.24663187563419342,-34.44401550292969,0.021238330751657486,-1,True
KQ-187b,False,False,False,False,False,0.6364537477493286,93.73269653320312,3.5773589611053467,-1,True
BS-658i,False,False,False,False,False,0.9885236620903015,-252.7146453857422,0.713279664516449,-1,False
UI-206g,False,False,False,False,False,2.160494804382324,-226.94606018066406,0.5438228845596313,-1,False
XV-374g,False,True,False,True,False,1.561691164970398,-192.3914794921875,1.4423439502716064,-1,False
AM-429e,False,False,False,False,False,1.0075855255126953,-105.76113891601562,0.6201338768005371,-1,False
UV-062c,False,False,False,False,False,1.2409294843673706,-62.24943161010742,0.5007563829421997,-1,True
DW-835b,False,False,False,False,False,1.3252732753753662,185.97584533691406,74.75914001464844,-1,True
RV-084i,False,False,False,False,False,1.4844331741333008,-211.1517791748047,57.981353759765625,-1,True
AM-429g,False,False,False,False,False,1.8361483812332153,-194.61386108398438,0.5410495400428772,-1,False
SE-110d,True,True,True,True,False,0.9581461548805237,-202.32260131835938,0.17646385729312897,-1,True
PB-296e,False,False,False,False,False,1.1034481525421143,-25.24164581298828,0.5337632298469543,-1,True
EZ-969a,False,False,False,False,False,0.8267684578895569,222.43247985839844,1.5241116285324097,-1,True
DW-835d,False,False,False,False,False,0.8119164109230042,-179.7855682373047,3.5301971435546875,-1,True
UQ-965f,False,False,False,False,False,1.103881597518921,-119.6739501953125,1.710641860961914,-1,False
AM-429i,False,False,False,False,False,0.7040421366691589,-234.38108825683594,11.829297065734863,-1,True
AM-371d,False,False,False,False,False,0.539244532585144,-83.31330871582031,1.0399372577667236,-1,False
AM-371e,False,False,False,False,False,0.6368704438209534,-154.7367401123047,0.9645881652832031,-1,False
XH-083b,False,False,False,False,False,0.8674913644790649,-151.49725341796875,4.725098133087158,-1,True
RY-780b,False,False,False,False,False,0.9903323650360107,-12.51262092590332,3.803983688354492,-1,True
BS-865g,False,True,False,False,False,0.8559733033180237,-206.3332977294922,1.335759162902832,-1,False
QJ-149f,False,False,False,False,False,0.8147855997085571,-133.56832885742188,1.64751136302948,-1,False
KQ-187e,False,False,False,False,False,2.1451563835144043,-186.88650512695312,0.6870420575141907,-1,False
LG-430e,False,True,False,True,False,0.4980109632015228,-118.04267120361328,0.02755952998995781,-1,True
EZ-969b,False,False,False,False,False,0.8952991366386414,-8.789788246154785,17.49094009399414,-1,True
YW-685d,True,True,True,False,False,0.7730918526649475,-205.1233673095703,1.5645171403884888,-1,False
PB-519d,False,False,False,False,False,0.31603384017944336,-170.73849487304688,0.03753400966525078,-1,True
PB-951h,False,False,False,False,False,2.758330821990967,-217.07582092285156,1.8320392370224,-1,False
UV-062g,False,False,False,False,False,2.0591559410095215,-183.04981994628906,0.7099227905273438,-1,False
PB-994h,False,False,False,False,False,0.9941757917404175,-188.70518493652344,1.745105504989624,-1,False
LB-428e,False,True,True,True,False,1.7415151596069336,-110.45995330810547,159.71694946289062,-1,True
AM-371f,True,False,False,False,False,2.453929901123047,-147.0795440673828,1.9404305219650269,-1,False
SE-110a,True,True,True,True,False,0.7823987603187561,-131.68951416015625,5.7811150550842285,-1,True
WB-501d,False,False,False,False,False,0.8764640092849731,-178.20005798339844,1.0074702501296997,-1,False
LB-599a,True,True,True,True,False,0.33066079020500183,-134.97007751464844,0.0006063750479370356,-1,True
KQ-187d,False,False,False,False,False,0.7660883665084839,-129.84054565429688,0.6587516069412231,-1,False
VH-331a,True,True,True,True,False,0.8896705508232117,16.24624252319336,1.0065436363220215,0.3999999761581421,True
PB-519b,False,False,False,False,False,0.5895817279815674,-151.3292999267578,0.022736622020602226,-1,True
PB-951b,False,False,False,False,False,1.1577928066253662,36.627437591552734,30.424877166748047,-1,True
OS-099b,True,True,True,True,False,0.6037550568580627,56.2286262512207,1.0526280403137207,-1,True
PG-973a,False,False,False,False,False,1.3125414848327637,102.53404998779297,22.40852928161621,-1,True
PG-710g,False,False,False,False,False,1.5403592586517334,-251.1476593017578,1.1676514148712158,-1,False
PD-754f,False,False,False,False,False,1.7503666877746582,-144.98263549804688,0.8100219964981079,-1,False
RY-780c,False,False,False,False,False,1.574209451675415,39.2631950378418,357.0622863769531,-1,True
KW-358h,False,False,False,False,False,0.909680962562561,-239.892822265625,1.622973918914795,-1,False
PB-519c,False,False,False,False,False,0.4303624629974365,-167.2875213623047,0.42405277490615845,-1,True
OY-799f,False,False,False,False,False,0.7078808546066284,-154.71873474121094,1.580957055091858,-1,False
CB-045c,True,True,True,True,False,0.6319624185562134,-40.131370544433594,0.01565413922071457,-1,True
KQ-187c,False,False,False,False,False,1.307227611541748,-93.74165344238281,4.414878845214844,-1,True
XH-083d,False,False,False,False,False,1.3010514974594116,-161.1328887939453,214.16456604003906,-1,True
OT-442b,True,True,True,True,True,1.0887163877487183,6.722293853759766,1.4873428344726562,-0.4457195997238159,True
BS-658j,False,False,False,False,False,1.445014476776123,-257.8673095703125,18.992183685302734,-1,True
PB-951c,False,False,False,False,False,0.4786412715911865,-71.07106018066406,0.0711420327425003,-1,True
PB-994a,False,False,False,False,False,0.778581440448761,566.0032348632812,15.056818962097168,-1,True
XH-083f,False,False,False,False,False,1.5630359649658203,-203.68397521972656,1.297115683555603,-1,False
QJ-149g,False,False,False,False,False,1.2713853120803833,-186.0715789794922,1.1525410413742065,-1,False
XG-430a,False,False,False,False,False,0.6678904891014099,126.22708892822266,1.666845440864563,-1,True
PB-994c,False,False,False,False,False,0.9247310757637024,160.43206787109375,0.1984633207321167,-1,True
PG-710c,False,False,False,False,False,0.692237913608551,-221.29222106933594,0.003438082290813327,-1,True
PG-502c,False,False,False,False,False,0.669792890548706,-75.4209213256836,2.3203535079956055,-1,True
RY-780a,False,False,False,False,False,1.1296019554138184,365.7455139160156,34.13511276245117,-1,True
PG-971f,False,False,False,False,False,2.091433525085449,-198.98635864257812,125.5831069946289,-1,True
XH-083g,False,False,False,False,False,1.6542792320251465,-236.86453247070312,1.9160215854644775,-1,False
PG-502e,False,False,False,False,False,0.9715938568115234,-212.919921875,32.62018585205078,-1,True
PB-132b,False,False,False,False,False,0.8858944773674011,-67.83102416992188,4.396594047546387,-1,True
WO-452f,False,False,False,False,False,2.325711250305176,-201.77206420898438,1.883719801902771,-1,False
KI-439f,False,False,False,False,False,1.9440628290176392,-213.6233673095703,0.5163871049880981,-1,False
WO-617d,False,False,False,False,False,0.6463921070098877,-170.14881896972656,0.8335269093513489,-1,False
PG-710d,False,False,False,False,False,1.4259742498397827,-229.47171020507812,57.21751403808594,-1,True
LS-483e,False,False,False,False,False,1.4845067262649536,-128.52481079101562,0.002143896883353591,-1,True
PG-971g,False,False,False,False,False,1.9161617755889893,-235.67481994628906,0.7459298968315125,-1,False
UQ-965i,False,False,False,False,False,1.0075066089630127,-213.96730041503906,0.6837270855903625,-1,False
PG-973g,False,False,False,False,False,1.0842819213867188,-198.5233917236328,0.5538814663887024,-1,False
OT-627d,False,False,False,False,False,1.1039741039276123,-112.69790649414062,14.348597526550293,-1,True
OT-680b,False,False,False,False,False,0.9050890207290649,184.05340576171875,1.637536883354187,-1,True
OT-113c,False,False,False,False,False,1.0754984617233276,41.53192138671875,3.7545950412750244,-1,True
NL-506f,False,False,False,False,False,1.5422223806381226,-208.54974365234375,1.0303804874420166,-1,False
NL-881f,False,False,False,False,False,0.7925600409507751,-170.3017120361328,1.8695417642593384,-1,False
LS-621d,False,False,False,False,False,0.9328118562698364,-31.690834045410156,1.9055495262145996,-1,True
PB-296a,False,False,False,False,False,1.1008846759796143,511.6714172363281,4.019926071166992,-1,True
LS-123c,False,False,False,False,False,0.9536476135253906,-90.84015655517578,2.867201089859009,-1,True
LS-271h,False,False,False,False,False,1.573938250541687,-226.81663513183594,1.7948569059371948,-1,False
XH-083e,False,False,False,False,False,0.5975540280342102,-206.41519165039062,1.6067920923233032,-1,False
PB-296f,False,False,False,False,False,0.6035538911819458,-86.43319702148438,1.6301522254943848,-1,False
PB-994d,False,False,False,False,False,0.6323795318603516,86.3459701538086,1.0296142101287842,-1,True
RC-639a,True,True,True,True,False,1.0130153894424438,86.91533660888672,10.818294525146484,-1,True
LB-476a,False,False,False,False,False,0.8716223835945129,98.11608123779297,3.1466410160064697,-1,True
UB-282c,False,False,False,False,False,0.6088547706604004,143.06112670898438,7.3596577644348145,-1,True
SL-542a,False,False,False,False,False,0.5309233665466309,604.2578735351562,2.806800127029419,-1,True
LS-483a,False,False,False,False,False,0.4069878160953522,180.71217346191406,0.02440938912332058,-1,True
KI-439g,False,False,False,False,False,2.7624671459198,-221.0419464111328,0.5275108814239502,-1,False
LB-476d,False,False,False,False,False,0.7341604828834534,-144.38270568847656,0.028751838952302933,-1,True
NL-506g,False,False,False,False,False,2.530275583267212,-246.3643035888672,1.6809648275375366,-1,False
DC-970a,False,False,False,False,False,0.6533017754554749,327.23858642578125,8.78228759765625,-1,True
PB-132d,False,False,False,False,False,1.4622830152511597,-173.46897888183594,245.71974182128906,-1,True
IC-945b,False,False,False,False,False,0.7572886943817139,332.08978271484375,1.3947508335113525,-1,True
QF-899b,False,False,False,False,False,1.1160075664520264,72.10577392578125,49.269432067871094,-1,True
DC-724i,False,False,False,False,False,0.3502846956253052,-243.70127868652344,0.25327184796333313,-1,True
AU-709d,False,False,False,False,False,0.809170126914978,-107.57183837890625,1.168580412864685,-1,False
KQ-451a,False,False,False,False,False,0.7132716774940491,1216.602294921875,9.313823699951172,-1,True
CC-541a,False,False,False,False,False,0.3085939586162567,73.19757843017578,0.39879539608955383,-1,True
KI-439h,False,False,False,False,False,0.9697082042694092,-250.85606384277344,1.1963874101638794,-1,False
MG-197b,False,False,False,False,False,0.5016747117042542,186.8009796142578,7.603366851806641,-1,True
SE-648b,True,True,True,True,False,0.8873726725578308,-198.8532257080078,0.47084134817123413,-1,True
QF-899c,False,True,False,True,False,0.4835797846317291,-13.948445320129395,0.03291512653231621,-1,True
RC-040d,True,True,True,True,False,0.9211172461509705,-118.27108764648438,98.2981185913086,-1,True
KW-950b,False,True,False,True,False,1.2701125144958496,-200.42884826660156,5.297837257385254,-1,True
QF-755a,False,False,False,False,False,0.21672075986862183,-126.14070892333984,0.031580373644828796,-1,True
LB-428h,True,True,True,True,False,0.9034803509712219,-215.28514099121094,1.7294758558273315,-1,False
QF-804e,False,False,False,False,False,2.5034339427948,-213.4332733154297,1.1373021602630615,-1,False
PB-296d,False,False,False,False,False,0.7591724991798401,95.2864761352539,0.0333544947206974,-1,True
YA-462b,False,True,True,True,False,0.3977750539779663,23.56982421875,0.01199778076261282,-1,True
PB-994f,False,False,False,False,False,1.148059368133545,-64.40120697021484,0.6786416172981262,-1,False
PB-132c,False,False,False,False,False,0.5542010068893433,-205.524658203125,0.863555371761322,-1,True
PB-951d,False,False,False,False,False,1.4274793863296509,-123.34070587158203,0.6209595799446106,-1,True
LS-621c,False,False,False,False,False,1.0307283401489258,95.72669219970703,39.68691635131836,-1,True
UB-282f,False,False,False,False,False,0.8515189290046692,-106.62492370605469,1.2766635417938232,-1,False
VH-331g,True,True,True,True,True,0.9540291428565979,2.09320068359375,0.9649143815040588,-1,True
YA-462c,False,True,True,True,False,0.9318379759788513,-94.32935333251953,0.06150713562965393,-1,True
DC-724a,False,False,False,False,False,1.212836503982544,-130.96774291992188,26.64383888244629,-1,True
DC-724g,False,False,False,False,False,1.8842198848724365,-221.06739807128906,1.1166654825210571,-1,False
RV-854a,False,False,False,False,False,0.547723650932312,617.1575927734375,3.3460772037506104,-1,True
RY-780f,False,False,False,False,False,0.6173419952392578,-140.2369384765625,1.5209585428237915,-1,False
LS-483f,False,False,False,False,False,1.6649973392486572,-202.96791076660156,1.3297410011291504,-1,False
WO-452c,False,False,False,False,False,0.6514350175857544,-67.13692474365234,3.0689878463745117,-1,True
JS-601f,False,False,False,False,False,1.6470259428024292,-145.8755645751953,1.5241667032241821,-1,False
WO-491a,False,False,False,False,False,0.5942630767822266,68.75930786132812,5.333096981048584,-1,True
CC-848a,False,False,False,False,False,0.46787723898887634,71.95230102539062,0.4550023376941681,-1,True
YP-225d,False,True,False,False,False,1.2998706102371216,-177.29652404785156,0.7307091355323792,-1,True
NH-565a,False,True,False,True,False,1.3721052408218384,113.54317474365234,38.29804229736328,-1,True
WX-031c,False,False,False,False,False,0.5332367420196533,-202.437255859375,0.1303156614303589,-1,True
WX-150a,False,False,False,False,False,1.1225155591964722,450.2945556640625,0.356050968170166,-1,True
KI-439e,False,False,False,False,False,0.8152356147766113,-214.28712463378906,5.212610244750977,-1,True
SL-542f,False,False,False,False,False,0.7587577104568481,-133.2666473388672,1.3923871517181396,-1,False
YA-424i,False,True,True,True,False,1.0742692947387695,-230.0095672607422,0.516316831111908,-1,True
YA-424a,False,True,True,True,False,0.8857913017272949,49.2339973449707,0.012303591705858707,-1,True
PB-296c,False,False,False,False,False,0.9471127986907959,137.37046813964844,1.9871424436569214,-1,True
KI-439i,False,False,False,False,False,1.040049433708191,-258.8614807128906,60.750144958496094,-1,True
UB-282d,False,False,False,False,False,0.9518675804138184,78.80157470703125,2.608591318130493,-1,True
WO-452e,False,False,False,False,False,0.5926386117935181,-152.0777587890625,0.8697777986526489,-1,False
HV-472c,False,False,False,False,False,0.9001851081848145,-60.81064987182617,62.187015533447266,-1,True
AW-066e,True,False,True,False,False,0.7182142734527588,-79.31069946289062,1.5955129861831665,-1,False
LS-123d,False,False,False,False,False,0.5451940894126892,-150.7539825439453,1.7230888605117798,-1,False
SO-122f,False,False,False,False,False,0.5966500043869019,-222.58815002441406,0.9747503399848938,-1,False
UV-795b,False,False,False,False,False,1.1319929361343384,-179.27069091796875,9.20085620880127,-1,True
PB-951a,False,False,False,False,False,1.0560957193374634,220.2769317626953,11.341601371765137,-1,True
KW-602d,False,False,False,False,False,1.1924723386764526,-97.4262924194336,28.668134689331055,-1,True
RC-944a,False,False,False,False,False,0.5525414943695068,185.2235870361328,0.8419141173362732,-1,True
LS-271e,False,False,False,False,False,0.49946755170822144,-131.1644744873047,1.2947641611099243,-1,False
DC-724d,False,False,False,False,False,0.3478085696697235,-200.98236083984375,0.04865633696317673,-1,True
UV-795g,False,False,False,False,False,2.063535213470459,-224.22903442382812,1.304556131362915,-1,False
RC-944f,False,False,False,False,False,0.5520437359809875,-200.63160705566406,0.8874527812004089,-1,False
OZ-189g,False,False,False,False,False,1.6932810544967651,-189.4950714111328,0.7268511652946472,-1,False
SL-542c,False,True,True,False,False,1.1060097217559814,131.32180786132812,29.814733505249023,-1,True
XH-594d,False,False,False,False,False,0.8756274580955505,-112.15957641601562,25.71380043029785,-1,True
GY-811b,False,False,False,False,False,1.0389026403427124,227.5270538330078,54.776641845703125,-1,True
QJ-382h,False,False,False,False,False,1.3103153705596924,-242.0730743408203,1.4098002910614014,-1,False
UB-282g,False,False,False,False,False,2.024484872817993,-125.61516571044922,0.5343829393386841,-1,False
UV-234g,False,False,False,False,False,2.0162792205810547,-208.64764404296875,0.8770841360092163,-1,False
MG-197f,False,False,False,False,False,1.7483580112457275,-168.53102111816406,0.9698867797851562,-1,False
UV-795i,False,False,False,False,False,1.0476489067077637,-238.58340454101562,14.418983459472656,-1,True
IC-945c,False,False,False,False,False,1.2034388780593872,196.1810760498047,30.20102310180664,-1,True
UV-234e,False,False,False,False,False,0.9197810888290405,-208.9871063232422,1.4746804237365723,-1,False
IZ-455b,False,False,False,False,False,1.0299593210220337,151.56881713867188,2.893204927444458,-1,True
JS-367d,True,True,True,True,False,0.7778511047363281,-215.74156188964844,1.6844626665115356,-1,True
OS-099d,True,True,True,True,False,0.3731369972229004,-24.045238494873047,0.3277609944343567,-1,True
YI-683h,False,True,True,True,False,1.105886697769165,-215.0411834716797,1.1346521377563477,-1,False
UB-282j,False,False,False,False,False,1.0861896276474,-226.84512329101562,21.258766174316406,-1,True
HM-301d,False,True,False,False,False,1.1978485584259033,-32.77183151245117,25.782548904418945,-1,True
PG-027b,True,True,True,True,False,0.9875152111053467,-63.275054931640625,3.1438992023468018,-1,True
OF-504f,True,False,True,False,False,2.2433178424835205,-227.38919067382812,0.7449489235877991,-1,False
QJ-382b,False,False,False,False,False,0.9490943551063538,-159.378662109375,11.204214096069336,-1,True
YW-685b,False,True,True,True,False,1.2918201684951782,-159.2873077392578,0.07326670736074448,-1,True
DC-724h,False,False,False,False,False,1.297136902809143,-252.71432495117188,1.8443270921707153,-1,False
UB-282b,False,False,False,False,False,0.9834311604499817,270.1258544921875,2.6357240676879883,-1,True
UV-072e,False,False,False,False,False,0.935703694820404,-146.05824279785156,1.9588754177093506,-1,False
TO-392h,False,False,False,False,False,2.6725759506225586,-211.29486083984375,1.0731089115142822,-1,False
RC-944b,False,False,False,False,False,1.2226570844650269,-26.30352783203125,83.55844116210938,-1,True
RC-944e,False,False,False,False,False,0.671280026435852,-189.41876220703125,16.139787673950195,-1,True
GY-811c,False,False,False,False,False,1.0571361780166626,95.18383026123047,4.390992164611816,-1,True
UB-282i,False,False,False,False,False,0.9843568801879883,-190.27296447753906,1.865408182144165,-1,False
OP-533g,False,False,False,False,False,1.8189376592636108,-224.0421905517578,1.6832435131072998,-1,False
PB-296b,False,False,False,False,False,0.8398776650428772,297.56683349609375,17.918277740478516,-1,True
UV-795e,False,False,False,False,False,0.7367143630981445,-218.04293823242188,0.6970182657241821,-1,False
IZ-455g,False,False,False,False,False,1.5024137496948242,-190.364990234375,1.3322598934173584,-1,False
IZ-455e,False,False,False,False,False,1.9411810636520386,-98.15676879882812,135.30931091308594,-1,True
WO-452d,False,False,False,False,False,0.44220441579818726,-126.7264175415039,1.111958622932434,-1,False
QJ-382f,False,False,False,False,False,0.9138647317886353,-210.1177978515625,1.5094292163848877,-1,False
XH-594b,True,True,True,True,False,0.3565840423107147,0.2352934330701828,0.4268856942653656,-1,True
OZ-189e,False,False,False,False,False,2.182344436645508,-171.87759399414062,1.2848825454711914,-1,False
WO-452i,False,False,False,False,False,1.0597999095916748,-244.99258422851562,23.582197189331055,-1,True
AM-884b,False,False,False,False,False,0.7150355577468872,-152.15318298339844,5.765266418457031,-1,True
GY-811j,False,False,False,False,False,0.3778972625732422,-217.71444702148438,0.22479869425296783,-1,True
IZ-455i,False,False,False,False,False,1.3141835927963257,-206.3888702392578,1.6525605916976929,-1,False
WO-491e,False,False,False,False,False,0.7129539251327515,-141.2932586669922,1.1037691831588745,-1,False
SO-028d,False,False,False,False,False,2.264976978302002,-241.5609893798828,1.930665373802185,-1,False
IZ-455f,False,False,False,False,False,1.0030933618545532,-129.06785583496094,1.5708023309707642,-1,False
GH-780e,False,True,False,True,False,1.0238635540008545,-143.92042541503906,1.3373501300811768,-1,False
UQ-875b,False,False,True,False,False,0.6741103529930115,-67.75990295410156,3.7693099975585938,-1,True
UV-072f,False,False,False,False,False,1.5580614805221558,-169.9794921875,0.8921271562576294,-1,False
OP-533b,False,False,False,False,False,0.21023660898208618,-127.07105255126953,0.050758522003889084,-1,True
PB-951g,False,False,False,False,False,2.005613088607788,-205.60231018066406,1.2522965669631958,-1,False
AM-528h,False,False,False,False,False,3.078583002090454,-96.94233703613281,0.839345395565033,-1,False
UB-282e,False,False,False,False,False,1.7614349126815796,-16.84543800354004,527.5341796875,-1,True
JS-570a,True,True,True,True,False,0.8422192931175232,44.886714935302734,5.618453502655029,-1,True
OZ-189d,False,False,False,False,False,0.9465689063072205,-75.58160400390625,128.92788696289062,-1,True
WO-491d,False,False,False,False,False,0.7350195646286011,-133.55445861816406,1.9413412809371948,-1,True
PG-502b,False,False,False,False,False,0.7776007056236267,-150.84677124023438,0.43841275572776794,-1,True
PG-971i,False,False,False,False,False,1.4759955406188965,-252.25758361816406,1.569946050643921,-1,False
TO-392b,False,False,False,False,False,0.8420597314834595,114.312744140625,2.8315556049346924,-1,True
HM-517a,False,False,False,False,False,0.42503196001052856,181.1840057373047,0.00958004780113697,-1,True
PB-994e,False,False,False,False,False,1.866058349609375,-48.67770767211914,28.429351806640625,-1,True
PB-673d,False,False,False,False,False,0.9095007181167603,-197.94676208496094,6.561309337615967,-1,True
RC-944g,False,True,True,False,False,1.7472115755081177,-200.65249633789062,1.1023082733154297,-1,False
PB-994g,False,False,False,False,False,2.377666473388672,-164.2606964111328,0.8273560404777527,-1,False
PB-951e,False,False,False,False,False,1.0897693634033203,-111.06703186035156,11.23447322845459,-1,True
OP-533e,False,False,False,False,False,0.605630099773407,-205.92205810546875,0.7214881777763367,-1,False
PG-241f,False,False,False,False,False,1.2639000415802002,-168.22344970703125,1.351549744606018,-1,False
ZV-307d,True,True,True,True,False,1.040035605430603,2.754931926727295,0.9290534257888794,-0.19999998807907104,True
OT-823e,False,False,False,False,False,1.1212594509124756,-147.934814453125,66.79840850830078,-1,True
PB-673b,False,False,False,False,False,0.19628576934337616,-4.48203706741333,0.005154025740921497,-1,True
PG-973b,False,False,False,False,False,0.9722244143486023,49.63973617553711,19.01517105102539,-1,True
PD-518e,False,True,True,True,False,0.8247666358947754,-98.67781829833984,0.9437600374221802,-1,True
AJ-946e,False,False,False,False,False,1.4062002897262573,-128.3857421875,117.42174530029297,-1,True
AM-528b,False,False,False,False,False,0.3563523590564728,766.8030395507812,0.0437890887260437,-1,True
AM-528a,False,False,False,False,False,1.1971935033798218,930.8351440429688,1.340661883354187,-1,True
OZ-189f,False,False,False,False,False,1.9014832973480225,-192.17465209960938,0.8504072427749634,-1,False
LS-271a,False,False,False,False,False,0.32212963700294495,93.03777313232422,0.07481737434864044,-1,True
LS-271g,False,False,False,False,False,1.720543622970581,-210.90675354003906,0.965563952922821,-1,False
PG-241e,False,False,False,False,False,0.8725979328155518,-149.13832092285156,0.5988125205039978,-1,False
ZV-639d,True,True,True,True,False,2.4220972061157227,-191.9311981201172,1.3038296699523926,-1,False
OT-680i,False,False,False,False,False,1.0899978876113892,-230.1693878173828,22.8636417388916,-1,True
AM-528f,False,False,False,False,False,0.6055216193199158,34.14262771606445,1.6098452806472778,-1,False
PG-899c,False,False,False,False,False,1.0101425647735596,-102.9815673828125,0.03738953918218613,-1,True
XH-594c,True,True,True,True,False,0.2577863037586212,-67.95684814453125,0.0395878441631794,-1,True
OP-533a,False,False,False,False,False,1.1235477924346924,-64.90383911132812,62.55598831176758,-1,True
GY-811a,False,False,False,False,False,0.6986420750617981,224.34841918945312,1.7948944568634033,-1,True
UV-234b,False,False,False,False,False,1.154520869255066,-132.496826171875,39.09038543701172,-1,True
QJ-382d,False,False,False,False,False,0.6005495190620422,-140.95082092285156,5.357491970062256,-1,True
UV-795f,False,False,False,False,False,1.643936276435852,-239.8068389892578,1.0830556154251099,-1,False
LB-599h,False,False,False,False,False,1.7100908756256104,-229.7566680908203,1.3140515089035034,-1,False
JS-761b,False,False,False,False,False,0.9019162654876709,-133.55494689941406,3.60603666305542,-1,True
OP-533f,False,False,False,False,False,1.6116892099380493,-210.54428100585938,1.581028699874878,-1,False
UV-795a,False,False,False,False,False,1.4369198083877563,-131.9960174560547,0.005347139202058315,-1,True
JS-753b,True,True,True,True,False,1.2079601287841797,81.88480377197266,0.9501073360443115,-1,True
LB-599c,False,False,False,False,False,0.4005473554134369,-202.6383056640625,0.06154750660061836,-1,True
OT-442a,True,True,True,True,False,0.6778865456581116,108.34345245361328,0.42004069685935974,-1,True
GY-811e,False,False,False,False,False,1.2369650602340698,-81.4886474609375,60.11183166503906,-1,True
PB-951i,False,False,False,False,False,1.227872610092163,-221.2161407470703,1.8149908781051636,-1,False
UV-234c,False,False,False,False,False,1.4319509267807007,-151.5198211669922,0.00409238925203681,-1,True
LB-599b,False,False,False,False,False,1.1014689207077026,-61.998809814453125,6.058201313018799,-1,True
YP-951b,False,False,False,False,False,0.5100129842758179,-97.67627716064453,2.011239528656006,-1,True
JS-913a,False,True,False,False,False,0.7687140107154846,-31.96413803100586,0.9092808365821838,-1,True
RY-780g,False,False,False,False,False,1.6282155513763428,-194.03985595703125,0.5923186540603638,-1,False
YW-523b,True,True,True,True,False,1.3608099222183228,91.71345520019531,0.008338355459272861,-1,True
IA-093b,False,True,True,True,False,1.1246421337127686,33.237396240234375,12.275585174560547,-1,True
RY-780d,False,False,False,False,False,0.6050492525100708,-46.63037872314453,10.04343032836914,-1,True
AM-528c,False,False,False,False,False,1.1400487422943115,383.0517883300781,20.207557678222656,-1,True
LG-093c,False,False,False,False,False,1.0619779825210571,-193.8682098388672,22.65135383605957,-1,True
YI-280d,True,True,True,True,False,1.2306404113769531,42.77614974975586,6.513100624084473,-1,True
PG-899a,False,False,False,False,False,0.4140176773071289,100.05421447753906,0.0018656161846593022,-1,True
WO-491i,False,False,False,False,False,1.7221866846084595,-223.75686645507812,34.78429412841797,-1,True
AJ-293a,True,True,True,True,False,0.423294335603714,45.12930679321289,0.3022765517234802,-1,True
XD-005d,True,True,True,True,False,1.498358130455017,-82.1322250366211,17.671916961669922,-1,True
WO-452g,False,False,False,False,False,2.593719482421875,-183.12660217285156,1.512981653213501,-1,False
QF-564a,False,False,False,False,False,0.35357123613357544,-118.38379669189453,0.09943680465221405,-1,True
JS-761d,False,False,False,False,False,0.9488332867622375,-212.55776977539062,2.037121295928955,-1,True
WO-491c,False,False,False,False,False,1.361971139907837,-22.970043182373047,79.1373291015625,-1,True
OP-533c,False,False,False,False,False,0.6036455631256104,-206.125732421875,0.7447217106819153,-1,True
GY-811f,False,False,False,False,False,0.9875612854957581,-119.88711547851562,1.1687685251235962,-1,False
HM-049a,False,False,False,False,False,0.7655313611030579,88.4072494506836,0.08379671722650528,-1,True
LB-599e,False,True,True,True,False,0.8000936508178711,-203.71798706054688,1.532047152519226,-1,False
UV-234f,False,False,False,False,False,1.6980327367782593,-194.66458129882812,1.3171361684799194,-1,False
PG-899e,False,False,False,False,False,2.0300943851470947,-186.20704650878906,1.246882677078247,-1,False
JS-601b,False,False,False,False,False,1.0967906713485718,163.2476806640625,1.4741809368133545,-1,True
RY-780i,False,False,False,False,False,1.4786924123764038,-234.27330017089844,0.8218393921852112,-1,False
QJ-382e,False,False,False,False,False,1.01204514503479,-214.65164184570312,88.50143432617188,-1,True
QJ-650a,False,False,False,False,False,0.9125060439109802,318.2635192871094,5.770262241363525,-1,True
VH-043d,False,True,True,True,False,0.8779078125953674,-218.82395935058594,1.4565699100494385,-1,False
IA-982d,False,True,True,True,False,0.8190373182296753,-27.469284057617188,1.5106005668640137,-1,True
GC-645b,True,True,True,True,True,0.8413859009742737,29.0911808013916,0.3825211524963379,-1,True
QV-257b,False,False,False,False,False,0.9010108113288879,-198.8361053466797,8.285541534423828,-1,True
GY-811h,False,False,False,False,False,2.4735751152038574,-203.4507598876953,1.7681623697280884,-1,False
EE-233b,True,True,True,True,False,0.9636852741241455,5.985813140869141,0.26360100507736206,-1,True
PB-951f,False,False,False,False,False,0.6567054986953735,-154.41757202148438,1.8509266376495361,-1,False
RY-780e,False,False,False,False,False,1.2240099906921387,-160.8140869140625,0.6108301877975464,-1,True
PB-132a,False,False,False,False,False,0.961656391620636,-7.012658596038818,9.114036560058594,-1,True
RY-853c,False,False,False,False,False,0.8215907216072083,-93.58335876464844,2.5522243976593018,-1,True
IZ-455d,False,False,False,False,False,1.4828604459762573,-112.07888793945312,0.04077938199043274,-1,True
AW-006e,True,True,True,True,True,0.5215443968772888,-181.03964233398438,0.7379933595657349,-1,False
PG-241d,False,False,False,False,False,0.4538094103336334,-99.14402770996094,0.017788082361221313,-1,True
PG-971a,False,False,False,False,False,1.0318177938461304,24.296104431152344,0.31924229860305786,-1,True
XD-005f,True,True,True,True,False,0.675018310546875,-107.00308990478516,1.7587260007858276,-1,False
PG-973d,False,False,False,False,False,0.7652109861373901,-167.86875915527344,1.2361129522323608,-1,False
OT-680g,False,False,False,False,False,1.6669961214065552,-186.04644775390625,1.1118311882019043,-1,False
OT-823c,False,False,False,False,False,0.8898386359214783,-52.383270263671875,0.26172152161598206,-1,True
JS-570g,False,False,False,False,False,2.951404333114624,-191.37220764160156,1.1032766103744507,-1,False
OT-442g,False,False,False,False,False,2.6239473819732666,-224.18653869628906,1.835336446762085,-1,False
OT-113i,False,False,False,False,False,1.5323951244354248,-217.35287475585938,23.37781524658203,-1,True
KW-358e,False,False,False,False,False,0.5045647025108337,-212.4225616455078,1.5385085344314575,-1,False
UV-795d,True,True,True,True,False,1.5397522449493408,-181.68699645996094,71.46166229248047,-1,True
UV-072a,False,False,False,False,False,1.0674757957458496,207.99827575683594,2.9161455631256104,-1,True
OP-533d,False,False,False,False,False,0.704304575920105,-222.37954711914062,1.0880517959594727,-1,True
KW-602b,False,False,False,False,False,1.2139580249786377,251.76905822753906,36.67240905761719,-1,True
GY-811i,False,False,False,False,False,0.9511972665786743,-204.2698211669922,0.6381995677947998,-1,False
PB-673a,False,False,False,False,False,0.6614115238189697,129.40707397460938,1.4157500267028809,-1,True
PB-132e,False,False,False,False,False,0.7675302028656006,-230.63589477539062,0.55898517370224,-1,False
PB-994b,False,False,False,False,False,0.375394344329834,404.361572265625,0.011802894063293934,-1,True
QQ-001a,True,True,True,True,False,0.9165319204330444,63.231441497802734,0.6039621233940125,-1,True
LB-599d,False,False,False,False,False,1.5346046686172485,-154.4491424560547,44.54039001464844,-1,True
XG-430d,False,False,False,False,False,0.942753255367279,-88.87279510498047,26.87982177734375,-1,True
RY-853a,False,False,False,False,False,1.0001039505004883,79.04730224609375,4.609696865081787,-1,True
GY-694d,True,True,True,True,True,0.772010862827301,-99.35467529296875,0.0010433064308017492,-1,True
XV-158d,False,True,False,False,False,0.9347480535507202,-193.20587158203125,0.7079085111618042,-1,True
FK-317d,False,False,False,False,False,1.5658817291259766,-197.71551513671875,103.06487274169922,-1,True
JS-761a,False,True,True,True,False,0.6540167331695557,-130.45497131347656,0.956991970539093,-1,True
VH-192c,True,True,True,True,True,1.0179896354675293,49.87316131591797,26.769006729125977,-1,True
OF-208a,False,False,False,False,False,0.9540555477142334,190.9813995361328,4.344922065734863,-1,True
OF-375d,True,True,True,True,False,1.3694666624069214,-67.97238159179688,15.638487815856934,-1,True
OF-208f,False,False,False,False,False,2.0671989917755127,-160.5855712890625,1.4186005592346191,-1,False
UV-234d,False,False,False,False,False,1.3073616027832031,-215.93328857421875,46.028438568115234,-1,True
IZ-455h,False,False,False,False,False,2.1312265396118164,-187.92349243164062,1.0183030366897583,-1,False
EZ-176b,False,False,False,False,False,1.4714069366455078,-166.71279907226562,0.16420011222362518,-1,True
UB-860a,False,False,False,False,False,1.0466444492340088,568.9201049804688,9.01148509979248,-1,True
TD-260f,False,True,True,False,False,0.9870826601982117,-186.20806884765625,1.4671955108642578,-1,False
GC-645e,False,False,False,False,False,1.1031793355941772,-159.22181701660156,1.9412091970443726,-1,False
WO-491b,False,False,False,False,False,0.6980762481689453,113.05037689208984,19.185680389404297,-1,True
MG-197e,False,False,False,False,False,1.3324700593948364,-157.96435546875,85.12418365478516,-1,True
WX-031d,False,False,False,False,False,1.36251699924469,-216.5446014404297,27.25835609436035,-1,True
WX-031e,False,False,False,False,False,0.7251520156860352,-200.35012817382812,1.1734682321548462,-1,False
RY-853b,False,False,False,False,False,0.7981903553009033,-27.75688934326172,0.20683172345161438,-1,True
PD-518b,True,False,True,True,False,0.8751831650733948,50.87632751464844,34.15989685058594,-1,True
OF-208g,False,False,False,False,False,2.7350313663482666,-192.11972045898438,1.0434421300888062,-1,False
LG-093b,False,False,False,False,False,1.1954728364944458,-14.241800308227539,25.47883415222168,-1,True
FW-344b,False,False,False,False,False,0.7226333618164062,117.04315948486328,4.257724285125732,-1,True
VH-192e,False,False,False,False,False,2.288748025894165,-98.51605987548828,1.1975657939910889,-1,False
PG-899d,False,False,False,False,False,0.8296288251876831,-175.82720947265625,0.6627236008644104,-1,False
AM-528e,False,False,False,False,False,1.6312222480773926,121.15924072265625,74.80815887451172,-1,True
VH-192d,False,True,True,True,False,1.0565376281738281,-16.65625,12.159381866455078,-1,True
EY-577b,True,True,True,True,False,1.1737313270568848,21.662343978881836,0.2006894052028656,-1,True
UP-972f,False,False,False,False,False,1.9776806831359863,-232.78285217285156,0.7236651182174683,-1,False
YK-024a,True,True,True,True,False,0.9353607892990112,32.212127685546875,2.787231206893921,-1,True
PD-175f,False,False,False,False,False,2.1723508834838867,-213.87673950195312,1.1457722187042236,-1,False
SE-648d,False,True,False,True,False,0.8715343475341797,-224.09104919433594,1.9540318250656128,-1,False
YP-888b,False,True,True,True,False,1.2184780836105347,-111.16123962402344,44.11528778076172,-1,True
BS-658d,False,True,False,False,False,0.5594229102134705,-197.63818359375,0.09888501465320587,-1,True
OT-442e,False,True,False,True,False,0.984773576259613,-166.00112915039062,1.4445717334747314,-1,False
IZ-455c,False,False,False,False,False,0.7914955019950867,-15.513006210327148,11.760316848754883,-1,True
PD-175g,False,False,False,False,False,1.6615862846374512,-205.29800415039062,0.5738406181335449,-1,False
PD-518a,False,False,False,False,False,0.5490536093711853,80.53497314453125,0.020170295611023903,-1,True
UB-860b,False,False,False,False,False,0.8620020747184753,247.68994140625,45.65251159667969,-1,True
QJ-684f,False,False,False,False,False,1.4300211668014526,-167.54100036621094,1.3164812326431274,-1,False
XG-430e,False,False,False,False,False,0.429476261138916,-118.38333129882812,0.7874651551246643,-1,False
PG-241a,False,False,False,False,False,1.0651271343231201,98.33104705810547,0.9896097779273987,-1,True
OT-823g,False,False,False,False,False,1.838277816772461,-195.06527709960938,0.8824971318244934,-1,False
XG-430f,False,False,False,False,False,0.7213433384895325,-139.4233856201172,0.9940121173858643,-1,False
VH-874e,False,False,False,False,False,1.9645717144012451,-203.61444091796875,0.9423913359642029,-1,False
OT-580e,True,True,True,True,False,0.7671348452568054,-156.4773712158203,0.8478384017944336,-1,False
KW-020d,True,True,True,True,False,1.3310432434082031,-10.305907249450684,119.65926361083984,-1,True
OF-208e,False,False,False,False,False,0.5743824243545532,-115.01278686523438,1.3916847705841064,-1,False
PD-518d,False,False,False,False,False,1.055336356163025,-87.95125579833984,2.7021799087524414,-1,True
PD-175e,False,False,False,False,False,2.2579870223999023,-182.89480590820312,1.2705061435699463,-1,False
GY-986a,False,True,True,True,False,1.0961432456970215,-33.61423873901367,29.969228744506836,-1,True
UB-860d,False,False,False,False,False,1.0158934593200684,-27.715913772583008,37.684326171875,-1,True
SO-122a,False,False,False,False,False,0.4612601101398468,130.34732055664062,0.5556648373603821,-1,True
KC-832a,False,False,False,False,False,1.3760204315185547,67.35887908935547,17.899045944213867,-1,True
PG-710b,False,False,False,False,False,0.5230957269668579,-157.7275848388672,6.084474086761475,-1,True
XG-430b,True,True,True,True,True,0.4577384293079376,33.98466110229492,0.34994521737098694,-1,True
QJ-149e,False,True,True,True,False,0.835822582244873,-108.8510513305664,18.24363136291504,-1,True
RY-853g,False,False,False,False,False,2.5047547817230225,-209.70196533203125,1.0691554546356201,-1,False
SE-052a,False,True,True,True,False,0.2843707203865051,-95.77957153320312,0.08855310082435608,-1,True
KW-689g,False,False,False,False,False,1.4832407236099243,-197.9848175048828,1.686082363128662,-1,False
AM-695b,False,False,False,False,False,0.9641990661621094,66.93087768554688,15.425483703613281,-1,True
XG-430g,False,False,False,False,False,1.5310760736465454,-189.77639770507812,1.2937724590301514,-1,False
PD-518f,False,False,False,False,False,0.5729838609695435,-176.1137237548828,0.9929761290550232,-1,False
XG-326b,True,True,True,True,False,0.42512863874435425,-4.772990703582764,0.0010800556046888232,-1,True
GM-212a,False,True,False,True,False,1.1959396600723267,210.2771759033203,0.10766531527042389,-1,True
UB-860f,False,False,False,False,False,0.6032730340957642,-117.95315551757812,0.5763750672340393,-1,False
WB-948a,False,True,True,False,False,0.9474296569824219,98.40092468261719,0.8103377223014832,-1,True
LG-093d,False,False,False,False,False,1.0260498523712158,-214.3862762451172,8.903099060058594,-1,True
RY-872c,False,False,False,False,False,0.5389835834503174,-102.01653289794922,2.109685182571411,-1,True
OY-799e,False,False,False,False,False,0.8354142904281616,-84.9030990600586,55.14561080932617,-1,True
YI-705b,True,True,True,True,False,0.2840564250946045,-152.79859924316406,0.03257682919502258,-1,True
UP-972a,False,False,False,False,False,1.0673868656158447,-138.70724487304688,5.025331974029541,-1,True
XG-430i,False,False,False,False,False,1.274697184562683,-205.58363342285156,1.2597280740737915,-1,False
IZ-816a,False,False,False,False,False,0.5217477679252625,174.10255432128906,0.6535027027130127,-1,True
OY-799g,False,False,False,False,False,2.2936131954193115,-204.3920440673828,1.5564665794372559,-1,False
IZ-482a,False,False,False,False,False,0.6252419948577881,-144.75973510742188,0.4698755741119385,-1,True
IZ-482e,False,False,False,False,False,1.2350763082504272,-214.03555297851562,29.851917266845703,-1,True
IZ-437b,False,False,False,False,False,0.4364462196826935,32.519859313964844,0.20244616270065308,-1,True
PD-518h,False,False,False,False,False,1.698491096496582,-200.9043731689453,1.7028642892837524,-1,False
IZ-257a,False,False,False,False,False,0.6467496156692505,116.33732604980469,11.832252502441406,-1,True
KW-689i,False,False,False,False,False,1.3148902654647827,-235.2595672607422,1.8469069004058838,-1,False
BS-531b,False,False,False,False,False,0.8101379871368408,-155.37962341308594,3.4658145904541016,-1,True
EZ-190a,False,False,False,False,False,0.43651753664016724,-151.77122497558594,0.07959060370922089,-1,True
UP-972g,False,False,False,False,False,1.4500946998596191,-250.44754028320312,1.434588074684143,-1,False
FK-317a,False,False,True,False,False,0.772991955280304,-113.75704956054688,0.7586115002632141,-1,True
PB-132f,False,False,False,False,False,2.7980358600616455,-231.62767028808594,1.3541463613510132,-1,False
PG-710a,False,False,False,False,False,0.45888757705688477,-173.55178833007812,0.35421523451805115,-1,True
PG-241i,False,False,False,False,False,1.0584630966186523,-248.32090759277344,0.1882113516330719,-1,True
PG-502g,False,False,False,False,False,1.4711257219314575,-248.50225830078125,1.4087188243865967,-1,False
XG-430h,False,False,False,False,False,1.9541566371917725,-215.924072265625,1.1735889911651611,-1,False
FK-317c,False,False,False,False,False,0.41881558299064636,-172.26864624023438,0.9078877568244934,-1,False
AM-528d,False,False,False,False,False,0.906366765499115,243.1183319091797,7.543517112731934,-1,True
SO-122b,False,False,False,False,False,0.6783595681190491,-61.20176696777344,0.45183834433555603,-1,True
WB-948c,True,True,True,False,False,0.6537607312202454,-91.80088806152344,0.32208773493766785,-1,True
DW-456g,True,True,True,True,False,2.2594799995422363,-209.2240753173828,0.8307045102119446,-1,False
OF-208c,False,True,False,False,False,0.578663170337677,18.084091186523438,8.341734886169434,-1,True
GY-110f,False,False,False,False,False,1.7311415672302246,-118.17964935302734,109.20043182373047,-1,True
SE-110b,True,True,True,True,False,0.28516897559165955,-151.40731811523438,0.0002671322727110237,-1,True
PD-175c,False,True,True,True,False,0.6674747467041016,-37.3306770324707,1.1372953653335571,-1,True
XG-287g,False,False,False,False,False,2.805102586746216,-210.4435272216797,0.503384530544281,-1,False
KW-689b,False,False,False,False,False,0.5951617360115051,-35.228187561035156,0.052066732197999954,-1,True
PG-241c,False,False,False,False,False,0.3339349627494812,-104.77078247070312,0.23298583924770355,-1,True
PG-502a,False,False,False,False,False,0.7908425331115723,-109.75157165527344,6.796201705932617,-1,True
XG-430j,False,False,False,False,False,1.3432940244674683,-246.14968872070312,41.9710578918457,-1,True
FK-317e,False,False,False,False,False,1.642432689666748,-233.7095947265625,0.5726580023765564,-1,False
XG-452a,False,True,True,True,False,0.7016573548316956,1100.8720703125,18.60842514038086,-1,True
YI-265b,False,False,False,False,False,1.2639766931533813,5.2126593589782715,4.628418922424316,-1,True
GY-110e,False,False,False,False,False,1.1182525157928467,-85.94022369384766,20.792030334472656,-1,True
KW-689e,False,False,False,False,False,1.0060386657714844,-165.41038513183594,18.395198822021484,-1,True
LS-227a,False,False,False,False,False,0.427476167678833,230.91986083984375,1.5105116367340088,-1,True
PG-710e,False,False,False,False,False,1.4529273509979248,-213.17845153808594,1.404017448425293,-1,False
PG-971d,False,False,False,False,False,1.1560797691345215,-197.4286346435547,0.03569958731532097,-1,True
PG-241b,False,False,False,False,False,0.7812933325767517,-70.01564025878906,3.6745522022247314,-1,True
SO-122i,False,False,False,False,False,1.4781583547592163,-222.90692138671875,0.7613996863365173,-1,False
OT-113e,False,False,False,False,False,1.0203657150268555,-141.4268341064453,1.5083037614822388,-1,False
XU-112d,False,False,False,False,False,0.39859241247177124,-192.4814910888672,0.0277554988861084,-1,True
GM-332c,False,True,False,True,False,1.1914143562316895,-119.9962387084961,12.001777648925781,-1,True
PD-518g,False,False,False,False,False,1.2760671377182007,-187.41256713867188,1.3953616619110107,-1,False
LG-913e,True,True,True,True,True,2.087266445159912,-201.26605224609375,0.7825175523757935,-1,False
JS-570b,False,True,True,True,False,0.975052535533905,61.878726959228516,10.193560600280762,-1,True
HV-472e,False,False,False,False,False,0.5975596904754639,-124.13666534423828,1.1127269268035889,-1,False
SO-715c,False,True,False,True,False,0.40854108333587646,-192.73268127441406,0.03777141869068146,-1,True
YA-646f,False,True,True,True,False,2.1717402935028076,-131.0560760498047,1.2423683404922485,-1,False
WX-318b,False,False,False,False,False,0.8080288171768188,49.999149322509766,1.0640603303909302,-1,True
WX-031b,False,False,False,False,False,0.6257638335227966,-95.5350570678711,6.1155924797058105,-1,True
WX-318e,False,False,False,False,False,2.1572489738464355,-174.1218719482422,0.7749722599983215,-1,False
CB-045b,True,True,True,True,False,0.7307304739952087,48.40904235839844,1.3348876237869263,-1,True
JY-136h,False,False,False,False,False,1.6220206022262573,-205.46127319335938,1.5525624752044678,-1,False
WX-150e,False,False,False,False,False,0.8801655769348145,-40.07034683227539,0.013477998785674572,-1,True
GH-209j,False,False,False,False,False,1.4097286462783813,-240.17440795898438,37.55845642089844,-1,True
GH-209g,False,False,False,False,False,2.0680954456329346,-194.14761352539062,0.6408003568649292,-1,False
XG-452b,True,True,True,True,False,1.036861538887024,562.4678344726562,13.071188926696777,-1,True
HV-472d,False,False,False,False,False,1.418143391609192,-105.87081146240234,110.04940795898438,-1,True
HV-472f,False,False,False,False,False,1.3101892471313477,-166.3414764404297,1.2741597890853882,-1,False
HV-472a,False,False,False,False,False,0.8761030435562134,312.5281677246094,0.17043423652648926,-1,True
UY-408e,False,False,False,False,False,2.318793535232544,-205.36715698242188,0.6066173315048218,-1,False
UY-408d,False,False,False,False,False,0.5863367915153503,-181.04664611816406,0.8195066452026367,-1,False
UY-408c,False,False,False,False,False,0.3981717824935913,-153.29962158203125,0.032787952572107315,-1,True
UY-408b,False,False,False,False,False,0.4383043944835663,-122.89713287353516,0.1204618364572525,-1,True
UY-408f,False,False,False,False,False,1.5618692636489868,-212.20208740234375,0.7282543182373047,-1,False
UP-305c,False,False,False,False,False,1.1320698261260986,-51.12562561035156,1.7759953737258911,-1,True
UP-305a,False,False,False,False,False,0.4521411657333374,354.1498718261719,1.4460409879684448,-1,False
UP-305f,False,False,False,False,False,0.9482362866401672,-139.85137939453125,0.5892524123191833,-1,False
UP-305g,False,False,False,False,False,1.3864048719406128,-167.1546630859375,1.8448187112808228,-1,False
WX-150f,False,False,False,False,False,0.7606096863746643,-85.19099426269531,0.759695827960968,-1,False
UP-305b,False,False,False,False,False,1.2465898990631104,13.752172470092773,21.609302520751953,-1,True
EW-985g,False,False,False,False,False,2.2875282764434814,-208.2843780517578,1.483307123184204,-1,False
EW-985f,False,False,False,False,False,2.053889274597168,-157.06373596191406,1.3120522499084473,-1,False
EW-985h,False,False,False,False,False,1.1228584051132202,-232.62289428710938,1.0382766723632812,-1,False
EW-985b,False,False,False,False,False,1.2218466997146606,87.81793212890625,86.12226104736328,-1,True
EW-985d,False,False,False,False,False,0.4817713797092438,-99.28296661376953,1.8532562255859375,-1,False
UP-305d,False,False,False,False,False,1.340699553489685,-98.18912506103516,24.568395614624023,-1,True
EW-985a,False,False,False,False,False,0.8878496885299683,115.41007995605469,0.02663848176598549,-1,True
EW-985c,False,False,False,False,False,1.0740958452224731,-22.244979858398438,6.904297351837158,-1,True
EW-985e,False,False,False,False,False,0.7680143713951111,-146.79611206054688,1.7374242544174194,-1,False
VH-874a,False,True,True,True,True,0.6855435967445374,-31.63237953186035,0.006661968771368265,-1,True
YV-800f,False,False,False,False,False,2.354339361190796,-218.47720336914062,1.9190400838851929,-1,False
YV-800c,False,False,False,False,False,0.7525254487991333,-142.82565307617188,7.567061424255371,-1,True
YV-800d,False,False,False,False,False,1.0425137281417847,-137.69732666015625,0.685565710067749,-1,False
YV-800e,False,False,False,False,False,2.315621852874756,-193.0371856689453,0.8300378918647766,-1,False
YV-800g,False,False,False,False,False,0.9499882459640503,-223.48387145996094,0.6113516092300415,-1,False
YV-800b,False,False,False,False,False,1.5212574005126953,-92.31684112548828,6.1582159996032715,-1,True
YV-599a,False,False,False,False,False,0.5480803847312927,131.09576416015625,2.6739180088043213,-1,True
YV-599d,False,False,False,False,False,0.9425548911094666,-156.15293884277344,14.147254943847656,-1,True
YV-599b,False,False,False,False,False,0.8569853901863098,-166.06565856933594,17.096485137939453,-1,True
YV-599c,False,False,False,False,False,0.3213191628456116,-174.701904296875,0.035203754901885986,-1,True
YV-131c,False,False,False,False,False,1.011734127998352,-152.6843719482422,78.46701049804688,-1,True
YV-599e,False,False,False,False,False,0.9844380617141724,-185.66940307617188,0.7028896808624268,-1,False
YV-131b,False,False,False,False,False,0.8674131035804749,-146.1934814453125,16.554447174072266,-1,True
YV-131d,False,False,False,False,False,1.3350070714950562,-144.435791015625,6.4380784034729,-1,True
YI-683b,True,True,True,True,False,0.7741301655769348,84.5413589477539,4.375916004180908,-1,True
UV-351c,True,True,True,True,False,0.8570513725280762,7.056011199951172,1.2253079414367676,-1,True
YV-599f,False,False,False,False,False,1.3027174472808838,-206.71434020996094,1.4453473091125488,-1,False
YV-441h,False,False,False,False,False,1.231971263885498,-218.47705078125,1.3431971073150635,-1,False
YV-441a,False,False,False,False,False,1.0487035512924194,-120.31865692138672,8.679561614990234,-1,True
YV-441g,False,False,False,False,False,2.3190364837646484,-224.5666961669922,1.4535709619522095,-1,False
YV-441e,False,False,False,False,False,1.4986331462860107,-191.5576171875,141.98654174804688,-1,True
IY-206j,True,True,False,True,False,0.6114972829818726,-236.94696044921875,1.96195650100708,-1,True
UV-062h,False,True,False,False,False,2.2175304889678955,-209.90074157714844,1.8427881002426147,-1,False
VH-331j,True,True,True,True,False,0.650335967540741,-258.128173828125,0.8886072635650635,-1,True
YV-131f,False,False,False,False,False,0.550275981426239,-187.63858032226562,1.912661075592041,-1,False
YV-131a,False,False,False,False,False,0.90016770362854,-52.01716232299805,8.272690773010254,-1,True
AM-783e,True,True,True,True,False,1.0247567892074585,-116.138427734375,36.362457275390625,-1,True
YV-391h,False,False,False,False,False,1.0509443283081055,-227.52574157714844,1.8310176134109497,-1,False
SG-195a,False,False,False,False,False,0.3143457770347595,224.42433166503906,0.0686083436012268,-1,True
WX-150d,False,False,False,False,False,0.861535906791687,41.15403747558594,30.923627853393555,-1,True
WX-318c,False,False,False,False,False,1.0855538845062256,25.703758239746094,6.823886871337891,-1,True
IC-162a,True,True,True,False,False,0.5913209915161133,-9.008671760559082,6.384847640991211,-1,True
CB-045d,True,True,True,True,False,0.31628987193107605,-7.244779109954834,0.000399130629375577,-1,True
WX-556b,False,False,False,False,False,1.3893063068389893,-157.82566833496094,35.2390251159668,-1,True
EE-233e,False,False,False,False,False,0.4281699061393738,-148.21054077148438,1.8681961297988892,-1,False
WU-882h,False,True,False,True,False,2.9826273918151855,-204.12440490722656,0.5474749207496643,-1,False
YV-131e,False,False,False,False,False,0.40389755368232727,-212.99676513671875,0.5217108726501465,-1,True
JY-136b,False,False,False,False,False,0.950006902217865,98.45762634277344,60.90501403808594,-1,True
JY-136f,False,False,False,False,False,0.8496843576431274,-165.88510131835938,1.6215063333511353,-1,False
VH-043e,True,True,True,True,False,1.1640983819961548,-198.2522735595703,1.8689857721328735,-1,False
JY-136e,False,False,False,False,False,0.6486813426017761,-102.14761352539062,21.272024154663086,-1,True
YV-391g,False,False,False,False,False,1.9109357595443726,-200.74769592285156,1.3762608766555786,-1,False
IC-162c,False,False,False,False,False,0.8583309054374695,-84.47777557373047,0.681345522403717,-1,True
GY-919a,False,True,False,True,False,0.9606062769889832,-170.06417846679688,0.017379600554704666,-1,True
UP-305e,False,False,False,False,False,0.9818846583366394,-125.67008209228516,4.186069488525391,-1,True
PD-175a,False,True,False,True,False,0.3894674777984619,111.1513442993164,0.08028484880924225,-1,True
VH-241b,False,True,False,True,False,0.7779335379600525,-35.406166076660156,12.695181846618652,-1,True
XD-055f,False,True,True,False,False,2.1696853637695312,-173.29879760742188,0.8198500275611877,-1,False
UB-808a,False,True,True,True,False,0.41161808371543884,-137.6680450439453,0.005695141851902008,-1,True
ZV-194d,True,True,True,True,False,1.3328211307525635,-188.3927001953125,0.052781470119953156,-1,True
VH-503c,True,True,True,True,False,0.8880680203437805,-71.2296142578125,1.01521897315979,-1,True
YV-131g,False,False,False,False,False,1.9338006973266602,-240.61312866210938,0.8043789863586426,-1,False
BN-299e,True,True,True,True,False,1.0409249067306519,2.593599557876587,138.00465393066406,-1,True
YV-441b,False,False,False,False,False,0.6877026557922363,-148.55662536621094,0.002982090227305889,-1,True
QV-695b,False,False,False,False,False,0.7680646777153015,7.5632829666137695,10.048240661621094,-1,True
EM-929c,True,True,True,True,False,0.7082474827766418,-49.94049072265625,0.14581449329853058,-1,True
YV-599g,False,False,False,False,False,1.698953628540039,-221.82406616210938,0.6376003623008728,-1,False
EY-351g,False,False,False,False,False,2.389535427093506,-197.7567596435547,0.97674161195755,-1,False
YA-646d,False,True,True,True,False,0.942339301109314,-27.392173767089844,56.55010986328125,-1,True
YV-441c,False,False,False,False,False,0.47349753975868225,-180.0461883544922,0.0032411213032901287,-1,True
QV-695a,False,False,False,False,False,0.8541939854621887,106.81536102294922,6.253690719604492,-1,True
IA-158c,True,True,True,True,False,0.999803900718689,-197.5343017578125,14.223387718200684,-1,True
XD-492e,False,True,True,False,False,0.6038184762001038,-232.72970581054688,1.0227972269058228,-1,False
LS-828a,False,True,False,False,False,0.4139994978904724,117.89732360839844,0.08330842107534409,-1,True
HM-301b,True,True,True,True,True,0.36914992332458496,-1.2062311172485352,0.03081698715686798,-1,True
VH-778d,False,True,True,True,False,0.9412710070610046,-119.90653991699219,0.6602031588554382,-1,False
UQ-965j,False,True,False,True,False,1.638853669166565,-242.46493530273438,4.372524738311768,-1,True
YV-441i,False,False,False,False,False,0.6406301856040955,-259.507080078125,0.14637818932533264,-1,True
GM-332d,False,True,False,True,False,0.589931845664978,-166.29417419433594,7.109883785247803,-1,True
YW-310f,False,False,False,False,False,1.7216148376464844,-211.0204315185547,1.2121514081954956,-1,False
UV-796c,True,True,True,True,False,0.9089683294296265,-26.04945945739746,0.16847746074199677,-1,True
YV-391b,False,False,False,False,False,0.8245165348052979,236.38156127929688,18.063514709472656,-1,True
YV-391d,False,False,False,False,False,1.31634521484375,-82.35745239257812,8.19154167175293,-1,True
IC-162f,False,False,False,False,False,2.1689867973327637,-186.303466796875,1.0644729137420654,-1,False
SO-838f,False,True,False,True,False,0.5409362316131592,-137.87161254882812,1.097734808921814,-1,False
QV-695c,False,False,False,False,False,0.944023609161377,-50.06416320800781,2.437191963195801,-1,True
WX-150g,False,False,False,False,False,2.359919309616089,-108.29263305664062,1.1705704927444458,-1,False
EE-233f,False,False,False,False,False,1.8273595571517944,-201.5839385986328,0.925578773021698,-1,False
JY-136d,False,False,False,False,False,1.0397268533706665,-18.61803436279297,45.21831130981445,-1,True
GH-209h,False,False,False,False,False,2.8627943992614746,-181.87115478515625,1.4295979738235474,-1,False
UX-674h,False,False,False,False,False,1.5790038108825684,-235.56959533691406,0.7176811695098877,-1,False
NL-506c,True,True,True,True,False,0.6086764931678772,-193.0596923828125,5.180843353271484,-1,True
NH-000c,False,True,True,False,False,0.5471418499946594,-178.67529296875,0.1889910250902176,-1,True
UI-206e,False,False,False,False,False,1.1020065546035767,-217.73635864257812,23.088674545288086,-1,True
UI-206h,False,False,False,False,False,2.44411301612854,-235.02569580078125,1.6009050607681274,-1,False
UI-973a,False,False,False,False,False,0.5979464054107666,273.9628601074219,7.065447807312012,-1,True
UI-550f,False,False,False,False,False,2.2027082443237305,-214.9485626220703,1.847091794013977,-1,False
HM-517i,False,False,False,False,False,0.921431303024292,-195.2201385498047,0.6043437123298645,-1,False
YV-441f,False,False,False,False,False,0.757369339466095,-200.63734436035156,1.7183592319488525,-1,False
YV-391a,False,False,False,False,False,0.5063447952270508,167.6353759765625,0.33986979722976685,-1,True
YV-391i,False,False,False,False,False,0.7614961266517639,-241.84873962402344,1.2547801733016968,-1,True
IC-162d,False,False,False,False,False,1.2962043285369873,-121.65933227539062,2.6231958866119385,-1,True
QV-695f,False,False,False,False,False,2.2688214778900146,-142.597900390625,1031.1890869140625,-1,True
DW-835c,True,True,True,True,False,0.7770699858665466,-101.1686782836914,0.3243245780467987,-1,True
GY-528c,False,True,False,False,False,1.0499331951141357,-195.09315490722656,5.44199800491333,-1,True
TO-392e,True,True,True,True,False,1.2110754251480103,-144.78854370117188,0.17505550384521484,-1,True
QF-930c,False,True,False,True,False,0.5910629630088806,-22.76456069946289,0.3029472231864929,-1,True
UI-550d,False,False,False,False,False,0.923496425151825,-138.21632385253906,1.8540703058242798,-1,False
RC-944d,False,True,False,False,False,0.7369186878204346,-195.8834991455078,1.7112137079238892,-1,True
YV-391e,False,False,False,False,False,0.8495377898216248,-121.12129211425781,1.6017924547195435,-1,False
SG-195c,False,False,False,False,False,1.023799180984497,-56.265724182128906,20.61114501953125,-1,True
YV-391c,False,False,False,False,False,0.6861239671707153,36.786197662353516,17.820924758911133,-1,True
IC-548a,False,False,False,False,False,0.7025165557861328,468.4388732910156,1.5732918977737427,-1,True
IC-548d,True,False,True,False,False,1.319336175918579,-113.7192611694336,2.736083984375,-1,True
IC-548c,True,False,True,False,False,0.9388389587402344,53.35254669189453,0.8161628246307373,-1,True
IC-548b,True,False,True,False,False,0.6541546583175659,83.84651184082031,2.2049570083618164,-1,True
IC-548e,False,False,False,False,False,0.8948073387145996,-126.09901428222656,0.5087696313858032,-1,False
IC-548f,False,False,False,False,False,2.8160855770111084,-206.8549346923828,1.9632446765899658,-1,False
OY-036b,False,False,False,False,False,0.5646217465400696,76.5401382446289,0.8786595463752747,-1,True
OY-036a,False,False,False,False,False,0.265125036239624,234.27215576171875,0.000005775176759925671,-1,True
OY-036c,False,False,False,False,False,0.4944537580013275,-2.6461126804351807,2.364048480987549,-1,True
OY-036d,False,False,False,False,False,0.9853264689445496,-164.11167907714844,1.7051275968551636,-1,False
JS-572c,True,True,True,True,False,1.0259889364242554,69.35704040527344,0.9105690717697144,-1,True
IC-162b,False,False,False,False,False,1.443253993988037,-27.84221076965332,13.343644142150879,-1,True
IC-162g,False,False,False,False,False,1.5791075229644775,-183.21788024902344,0.756476640701294,-1,False
WB-501b,False,True,False,True,False,0.7660183906555176,-50.397239685058594,1.8140895366668701,-1,True
GH-384b,False,True,False,True,False,1.0513591766357422,-148.763671875,20.383792877197266,-1,True
OZ-189b,False,True,True,True,False,0.8411782383918762,79.85452270507812,23.05988311767578,-1,True
VH-331e,True,True,True,True,True,1.007355809211731,-212.76853942871094,12.417101860046387,-1,True
VB-030d,False,False,False,False,False,0.7449911832809448,-206.12905883789062,0.12268464267253876,-1,True
VB-030b,False,False,False,False,False,1.1605277061462402,-148.4549560546875,6.364513397216797,-1,True
VB-030a,False,False,False,False,False,1.0298502445220947,-36.73283004760742,21.58035659790039,-1,True
VB-030c,False,False,False,False,False,0.7358130812644958,-170.49815368652344,1.8121920824050903,-1,True
VB-030e,False,False,False,False,False,0.9788522124290466,-191.75869750976562,90.62801361083984,-1,True
HP-242c,False,False,False,False,False,0.9936210513114929,-55.490203857421875,22.71934700012207,-1,True
HP-242d,False,False,False,False,False,0.6929783821105957,-98.78009033203125,1.2304831743240356,-1,False
YI-265g,True,True,True,True,False,1.3898991346359253,-203.79116821289062,0.8831604719161987,-1,False
QJ-382a,True,True,True,True,False,0.9577616453170776,19.1132869720459,17.83868408203125,-1,True
DC-094f,False,False,False,False,False,2.0556416511535645,-147.79368591308594,1.135529637336731,-1,False
DC-094a,False,False,False,False,False,0.923094630241394,216.33985900878906,3.6559560298919678,-1,True
DC-094e,False,False,False,False,False,0.568436861038208,-89.66580200195312,1.8280788660049438,-1,False
DC-094c,False,False,False,False,False,1.036790132522583,-30.79347801208496,0.10515179485082626,-1,True
DC-094b,False,False,False,False,False,0.8893004059791565,86.62641906738281,5.1386332511901855,-1,True
HP-242a,False,False,False,False,False,0.6573642492294312,201.09971618652344,0.2776881158351898,-1,True
DC-094d,False,False,False,False,False,1.5653636455535889,-62.591373443603516,61.256038665771484,-1,True
QR-220a,False,False,False,False,False,0.9408904910087585,-106.38378143310547,0.00006671647861367092,-1,True
QR-220c,False,False,False,False,False,0.8140354752540588,-125.32942962646484,6.790071964263916,-1,True
QR-220b,False,False,False,False,False,0.7819267511367798,-155.19175720214844,13.631643295288086,-1,True
HP-242b,False,False,False,False,False,0.4045771658420563,-5.104969024658203,0.42888954281806946,-1,True
QR-220f,False,False,False,False,False,1.8014665842056274,-202.38414001464844,1.8555796146392822,-1,False
QR-220e,False,False,False,False,False,1.6031088829040527,-210.5546417236328,0.4967333674430847,-1,True
QR-220g,False,False,False,False,False,1.9576283693313599,-234.53868103027344,1.3707348108291626,-1,False
QR-220d,False,False,False,False,False,0.5504946112632751,-199.384033203125,3.2509963512420654,-1,True
BS-257a,False,False,False,False,False,0.6995961666107178,-137.63143920898438,0.05087549239397049,-1,True
BS-257b,False,False,False,False,False,0.438884437084198,-134.29054260253906,1.3203017711639404,-1,True
BS-257d,False,False,False,False,False,0.9310900568962097,-156.5803680419922,36.73585510253906,-1,True
BS-257e,False,False,False,False,False,0.4952373504638672,-160.84909057617188,1.9161169528961182,-1,True
BS-257c,False,False,False,False,False,1.1832271814346313,-179.34356689453125,2.7398509979248047,-1,True
BS-257f,False,False,False,False,False,1.6577668190002441,-237.25064086914062,0.09454278647899628,-1,True
BS-987a,False,False,False,False,False,1.2495708465576172,443.35736083984375,74.37874603271484,-1,True
BS-987d,False,False,False,False,False,0.8985856771469116,-159.53016662597656,0.4005845785140991,-1,True
BS-290a,False,False,False,False,False,0.9442896842956543,97.06681823730469,14.902250289916992,-1,True
BS-290e,False,False,False,False,False,1.209330439567566,-143.22483825683594,25.94853973388672,-1,True
IC-162e,False,False,False,False,False,1.9913796186447144,-181.11004638671875,12.083497047424316,-1,True
QV-695e,False,False,False,False,False,0.8159782290458679,-162.4741668701172,0.00042003142880275846,-1,True
GH-459b,False,False,False,False,False,1.4802601337432861,-52.64570999145508,25.25640869140625,-1,True
EE-233d,False,False,False,False,False,0.7126361727714539,-140.48764038085938,0.01502086129039526,-1,True
OF-443b,False,True,True,True,False,0.6173018217086792,-11.861621856689453,0.0706910490989685,-1,True
WX-556c,False,False,False,False,False,0.5750452876091003,-141.5194549560547,0.0026162650901824236,-1,True
BS-987c,False,False,False,False,False,0.8074401617050171,-60.502464294433594,13.313596725463867,-1,True
GH-209i,False,False,False,False,False,1.1589757204055786,-194.09445190429688,1.2372829914093018,-1,False
BS-987e,False,False,False,False,False,1.946143388748169,-160.72830200195312,1.9994304180145264,-1,False
HY-784a,False,False,False,False,False,0.6751441955566406,-45.71015930175781,8.319137573242188,-1,True
HY-608g,False,False,False,False,False,2.5992636680603027,-207.4696807861328,1.2476732730865479,-1,False
BS-987f,False,False,False,False,False,2.135922431945801,-192.94534301757812,0.9423751831054688,-1,False
HY-608b,False,False,False,False,False,1.4074785709381104,-26.614347457885742,1.5329164266586304,-1,True
WX-318a,False,False,False,False,False,0.624843180179596,196.57113647460938,0.091384157538414,-1,True
BS-290g,False,False,False,False,False,2.789340019226074,-219.93067932128906,0.8579885959625244,-1,False
ZV-307g,True,True,True,True,False,1.40047025680542,-168.75173950195312,1.6229199171066284,-1,False
TO-392g,True,True,True,True,False,1.7146222591400146,-165.45510864257812,1.455795407295227,-1,False
QV-695d,False,False,False,False,False,0.6215471625328064,-110.29460906982422,0.6686987280845642,-1,True
BS-290c,False,False,False,False,False,0.3432700037956238,-33.972564697265625,0.0009474119287915528,-1,True
BS-290b,False,False,False,False,False,1.3914560079574585,95.14682006835938,35.756317138671875,-1,True
BI-500b,False,True,False,True,False,0.8984698057174683,25.59220314025879,35.215728759765625,-1,True
YI-683d,True,True,True,True,False,0.8579550981521606,-94.76165771484375,4.7516303062438965,-1,True
XD-311b,True,True,True,True,False,0.9143127799034119,180.52598571777344,28.00225830078125,-1,True
ZK-357e,False,False,False,False,False,0.855344831943512,-212.34104919433594,25.044830322265625,-1,True
BS-290f,False,False,False,False,False,0.633116602897644,-135.1664276123047,1.4582245349884033,-1,False
BS-290d,False,False,False,False,False,1.0263901948928833,-38.959442138671875,4.876994609832764,-1,True
ZK-602b,True,True,True,True,False,1.046076774597168,-161.99559020996094,0.00708186998963356,-1,True
HY-608c,False,False,False,False,False,1.1783336400985718,-64.03141784667969,6.6332526206970215,-1,True
BS-409c,False,False,False,False,False,1.7152070999145508,-104.48094940185547,81.04937744140625,-1,True
BS-409a,False,False,False,False,False,0.851770281791687,182.0458526611328,25.372167587280273,-1,True
BS-409b,False,False,False,False,False,1.0649173259735107,-82.95252227783203,1.8260091543197632,-1,True
QV-695g,False,False,False,False,False,1.72245454788208,-185.94419860839844,1.9421724081039429,-1,False
BS-409d,False,False,False,False,False,0.8528178930282593,-135.79563903808594,0.8598466515541077,-1,False
BS-409e,False,False,False,False,False,1.8628017902374268,-178.86404418945312,1.6886935234069824,-1,False
BS-409f,False,False,False,False,False,1.8312335014343262,-211.37686157226562,1.9849785566329956,-1,False
WX-285c,False,False,False,False,False,1.073263168334961,-52.03673553466797,10.835868835449219,-1,True
WX-691g,False,False,False,False,False,1.309118628501892,-217.7316131591797,1.961932897567749,-1,False
WX-691a,False,False,False,False,False,0.7703696489334106,591.9920043945312,29.400754928588867,-1,True
UI-986b,False,False,False,False,False,1.3268673419952393,22.98064422607422,0.23562359809875488,-1,True
WX-827c,False,False,False,False,False,0.9217121601104736,141.59078979492188,0.6002988815307617,-1,True
WX-691d,False,False,False,False,False,0.6322817206382751,-118.00370788574219,0.5458069443702698,-1,False
KC-765c,False,True,False,True,False,0.558508038520813,54.24970626831055,0.5211556553840637,-1,True
EE-154d,False,False,False,False,False,1.317858099937439,-212.4548797607422,44.59510803222656,-1,True
WX-691b,False,False,False,False,False,1.0544118881225586,70.32742309570312,17.162841796875,-1,True
YK-649c,True,True,True,True,False,0.45273077487945557,-116.929443359375,0.1218380481004715,-1,True
YI-280b,True,True,True,True,False,0.8227347135543823,329.7369689941406,3.869124174118042,-1,True
UI-986f,False,False,False,False,False,0.9893500804901123,-147.0482940673828,1.5599476099014282,-1,False
WX-285a,False,False,False,False,False,0.6145372986793518,75.16761016845703,3.23183274269104,-1,True
WX-285i,False,False,False,False,False,0.6118541955947876,-244.6752471923828,0.6332268118858337,-1,True
WX-827g,False,False,False,False,False,1.762618064880371,-140.27076721191406,0.9439824819564819,-1,False
EE-860d,False,False,False,False,False,1.3151050806045532,-86.84889221191406,40.12805938720703,-1,True
EE-981d,False,False,False,False,False,0.3759290874004364,-140.96490478515625,1.6330112218856812,-1,True
EE-860e,False,False,False,False,False,0.918689489364624,-165.95962524414062,1.0331441164016724,-1,False
EE-223b,False,False,False,False,False,0.8626499176025391,162.5437774658203,4.668393135070801,-1,True
EE-981a,False,False,False,False,False,0.38719913363456726,161.18048095703125,0.3424622416496277,-1,True
EE-981f,False,False,False,False,False,1.1164765357971191,-200.65261840820312,86.79118347167969,-1,True
EE-223e,False,False,False,False,False,1.0123416185379028,-125.1699447631836,1.6908891201019287,-1,False
WX-285d,False,False,False,False,False,1.1192361116409302,-49.00172805786133,67.16239166259766,-1,True
WX-285f,False,False,False,False,False,1.8350791931152344,-175.07940673828125,1.354680061340332,-1,False
UI-986a,False,False,False,False,False,0.6214602589607239,177.19725036621094,4.371097087860107,-1,True
EE-860f,False,False,False,False,False,1.5773032903671265,-210.03126525878906,1.8713899850845337,-1,False
WX-691e,False,False,False,False,False,1.8516404628753662,-130.66282653808594,1.5713809728622437,-1,False
WX-285e,False,False,False,False,False,1.0256035327911377,-159.92942810058594,1.7031453847885132,-1,True
UI-986h,False,False,False,False,False,2.368762254714966,-205.2899932861328,1.5404754877090454,-1,False
EE-223h,False,False,False,False,False,1.0936475992202759,-199.38609313964844,1.5213942527770996,-1,False
EE-154e,False,False,False,False,False,1.1162909269332886,-230.9479522705078,121.31781005859375,-1,True
WX-827b,False,False,False,False,False,0.4456791877746582,319.2463684082031,0.06412853300571442,-1,True
WX-827f,False,False,False,False,False,1.825097918510437,-88.43077087402344,0.947322428226471,-1,False
UI-986c,False,False,False,False,False,1.0092440843582153,-70.56757354736328,9.30274772644043,-1,True
EE-981g,False,False,False,False,False,1.5203797817230225,-236.37982177734375,0.5160300135612488,-1,False
EE-860a,False,False,False,False,False,0.6345924735069275,89.86835479736328,1.9823886156082153,-1,True
UI-986g,False,False,False,False,False,1.5981248617172241,-165.30506896972656,1.0957626104354858,-1,False
WX-827i,False,False,False,False,False,1.0591857433319092,-184.41217041015625,1.7219020128250122,-1,True
EE-223f,False,False,False,False,False,2.010988473892212,-128.51406860351562,0.9740188717842102,-1,False
EE-154b,False,False,False,False,False,0.340583473443985,-181.47132873535156,0.008533060550689697,-1,True
WX-285b,False,False,False,False,False,1.3743367195129395,44.5794677734375,20.937145233154297,-1,True
EE-981e,False,False,False,False,False,1.3673430681228638,-185.59481811523438,158.48146057128906,-1,True
WX-285g,False,False,False,False,False,1.8031244277954102,-206.95079040527344,1.85755455493927,-1,False
WB-947e,True,True,True,True,False,1.3528976440429688,-196.31613159179688,0.8497845530509949,-1,True
WX-691c,False,False,False,False,False,0.6521173715591431,17.421674728393555,26.53984260559082,-1,True
EE-223d,False,False,False,False,False,1.0068669319152832,-45.98760986328125,34.27828598022461,-1,True
WX-285h,False,False,False,False,False,1.6214159727096558,-238.24078369140625,0.8434739112854004,-1,False
WX-827a,False,False,False,False,False,0.9054920077323914,555.8152465820312,0.010146808810532093,-1,True
UI-986e,False,False,False,False,False,0.869660496711731,-153.51536560058594,0.5553924441337585,-1,True
WX-691f,False,False,False,False,False,2.1593873500823975,-198.77500915527344,0.561677873134613,-1,False
EE-154a,False,False,False,False,False,0.9245097637176514,-152.38290405273438,0.740522027015686,-1,True
WX-827h,False,False,False,False,False,1.6197433471679688,-177.0474090576172,1.5765595436096191,-1,False
EE-154c,False,False,False,False,False,0.3738380968570709,-198.8972930908203,0.00305610871873796,-1,True
WX-827e,False,False,False,False,False,0.9155377149581909,13.456155776977539,0.9717050790786743,-1,False
EE-154i,False,False,False,False,False,1.1668988466262817,-260.4211730957031,0.05259201303124428,-1,True
EE-154f,False,False,False,False,False,2.049794912338257,-237.3373260498047,1.384055256843567,-1,False
EE-154h,False,False,False,False,False,1.2747193574905396,-247.44735717773438,0.6890696287155151,-1,False
YV-441d,False,False,False,False,False,1.5767465829849243,-166.76121520996094,212.354248046875,-1,True
EE-981c,False,False,False,False,False,1.2929747104644775,-176.06614685058594,1.4575977325439453,-1,True
WX-827d,False,False,False,False,False,1.2491620779037476,27.319597244262695,33.249576568603516,-1,True
EE-860b,False,False,False,False,False,0.6476259231567383,12.01715087890625,0.4543442130088806,-1,True
JY-313d,False,False,False,False,False,0.4304884076118469,-46.67490768432617,0.2693668603897095,-1,True
EE-223a,False,False,False,False,False,1.1263893842697144,412.4280090332031,11.366485595703125,-1,True
JY-143a,False,False,False,False,False,1.0610886812210083,32.65003204345703,1.9779595136642456,-1,True
EE-223c,False,False,False,False,False,1.0598114728927612,-28.303882598876953,11.92992877960205,-1,True
EE-981b,False,False,False,False,False,1.0227559804916382,-152.8415069580078,0.2983233332633972,-1,True
JY-327d,False,False,False,False,False,0.815004289150238,-107.29893493652344,1.9416139125823975,-1,True
EE-860c,False,False,False,False,False,0.8590856790542603,15.867654800415039,7.984314441680908,-1,True
EE-154g,False,False,False,False,False,1.849677324295044,-226.99069213867188,1.1307450532913208,-1,False
JY-313a,False,False,False,False,False,0.6582408547401428,182.575927734375,0.5369206070899963,-1,True
JY-143b,False,False,False,False,False,1.1955684423446655,-50.89420700073242,9.372823715209961,-1,True
JY-313e,False,False,False,False,False,1.799627423286438,-131.5083465576172,1.605401635169983,-1,True
JY-427g,False,False,False,False,False,2.3058300018310547,-229.52880859375,1.2625831365585327,-1,False
JY-327g,False,False,False,False,False,2.0056610107421875,-188.501220703125,0.8866364359855652,-1,False
JY-457d,False,False,False,False,False,0.4652409851551056,-54.13693618774414,0.3152662515640259,-1,True
JY-457b,False,False,False,False,False,0.9808619618415833,268.8774108886719,13.059706687927246,-1,True
JY-327c,False,False,False,False,False,0.7214249968528748,-56.37031936645508,3.2818527221679688,-1,True
HY-865b,False,False,False,False,False,0.4488847553730011,-4.043349266052246,0.03285124897956848,-1,True
HY-865a,False,False,False,False,False,0.9380044341087341,-122.25885009765625,1.5661463737487793,-1,True
JY-427b,False,False,False,False,False,1.1613099575042725,-85.66718292236328,60.749141693115234,-1,True
HY-865c,False,False,False,False,False,0.7102674245834351,-136.30300903320312,14.173413276672363,-1,True
JY-143c,False,False,False,False,False,0.9605666995048523,-79.90155029296875,0.002342390362173319,-1,True
JY-143d,False,False,False,False,False,1.5919934511184692,-125.04669952392578,120.39759063720703,-1,True
JY-143e,False,False,False,False,False,1.7558212280273438,-166.02850341796875,0.8581722378730774,-1,False
JY-427c,False,False,False,False,False,0.8795517086982727,-177.60052490234375,0.622541606426239,-1,True
EE-223g,False,False,False,False,False,2.0898044109344482,-187.48406982421875,1.4737697839736938,-1,False
JY-327e,False,False,False,False,False,0.791824460029602,-142.9776611328125,0.9991109371185303,-1,False
JY-313b,False,False,False,False,False,0.45750394463539124,89.56987762451172,0.011011569760739803,-1,True
LB-428b,False,True,False,True,False,1.1957491636276245,73.36909484863281,11.601799011230469,-1,True
JY-327h,False,False,False,False,False,2.0304880142211914,-215.38333129882812,1.8527730703353882,-1,False
JY-327j,False,False,False,False,False,0.9212803244590759,-243.58929443359375,0.00025881643523462117,-1,True
JY-457a,False,False,False,False,False,0.26653119921684265,536.4019165039062,0.06048763915896416,-1,True
JY-457e,False,False,False,False,False,0.9038212299346924,-89.71641540527344,1.1652051210403442,-1,False
JY-327i,False,False,False,False,False,0.9969531893730164,-228.7196502685547,0.9802027344703674,-1,False
JY-143f,False,False,False,False,False,1.9019999504089355,-218.12286376953125,0.9786940813064575,-1,False
YI-705g,True,True,True,True,False,2.3234035968780518,-243.19235229492188,0.7359130382537842,-1,False
UY-408a,True,True,True,True,False,0.37431010603904724,52.67072677612305,0.21330435574054718,-1,True
JY-457g,False,False,False,False,False,3.0313994884490967,-153.22731018066406,0.5528661608695984,-1,False
JY-143g,False,False,False,False,False,1.059282898902893,-205.92564392089844,0.5152689218521118,-1,False
EE-223i,False,False,False,False,False,0.21212975680828094,-233.40469360351562,0.038904204964637756,-1,True
JY-427d,False,False,False,False,False,1.1511855125427246,-141.85037231445312,58.11857604980469,-1,True
JY-327b,False,False,False,False,False,0.6562011241912842,133.0390167236328,0.11755361407995224,-1,True
JY-313c,False,False,False,False,False,1.1293452978134155,-13.52818489074707,4.493165016174316,-1,True
JY-427e,False,False,False,False,False,0.8536867499351501,-212.319580078125,0.008202776312828064,-1,True
JY-327f,False,False,False,False,False,1.085740327835083,-161.0753631591797,1.6844109296798706,-1,False
JY-313f,False,False,False,False,False,0.5565744638442993,-125.11782836914062,1.9024138450622559,-1,False
JY-427a,False,False,False,False,False,1.1725094318389893,-125.4122085571289,5.179398059844971,-1,True
JY-457c,False,False,False,False,False,1.2746094465255737,67.27289581298828,7.275540828704834,-1,True
JY-457f,False,False,False,False,False,1.347381830215454,-116.45399475097656,1.7289893627166748,-1,False
UV-234a,False,True,False,True,False,0.6606582999229431,-149.684326171875,0.6651148200035095,-1,True
KI-446a,False,True,True,True,False,0.2144511491060257,267.4606018066406,0.05135152116417885,-1,True
UV-796b,True,True,True,True,True,1.0445626974105835,20.188152313232422,1.185520052909851,0.2200000286102295,True
KI-439d,True,True,True,True,False,0.6936611533164978,-164.3673858642578,1.1333248615264893,-1,True
HY-865e,False,False,False,False,False,0.8620412349700928,-235.16891479492188,0.8226408958435059,-1,False
HY-865d,False,False,False,False,False,1.5909488201141357,-211.20614624023438,1.1887621879577637,-1,True
HY-393a,False,False,False,False,False,1.0431978702545166,-169.62203979492188,1.0119494199752808,-1,True
HY-393d,False,False,False,False,False,1.8052995204925537,-224.42428588867188,21.385143280029297,-1,True
JY-427f,False,False,False,False,False,0.9329128861427307,-180.6774444580078,1.813581109046936,-1,False
HY-393b,False,False,False,False,False,1.0970979928970337,-145.9104461669922,24.370952606201172,-1,True
HY-456a,False,False,False,False,False,0.9680009484291077,146.3722381591797,2.8881006240844727,-1,True
HY-456c,False,False,False,False,False,0.6048604846000671,-113.65735626220703,1.595455288887024,-1,False
HY-393g,False,False,False,False,False,1.1543134450912476,-252.58518981933594,1.3114641904830933,-1,False
HY-393f,False,False,False,False,False,2.335352897644043,-212.3217315673828,0.6545507311820984,-1,False
HY-393c,False,False,False,False,False,1.7165868282318115,-192.63009643554688,44.35801696777344,-1,True
HY-393e,False,False,False,False,False,1.7769020795822144,-196.5250701904297,1.7862426042556763,-1,False
HY-456b,False,False,False,False,False,0.7214726209640503,-123.98296356201172,0.21481116116046906,-1,True
HY-456e,False,False,False,False,False,2.3597359657287598,-202.02972412109375,1.1077452898025513,-1,False
HY-456d,False,False,False,False,False,1.8739314079284668,-156.54354858398438,1.0798355340957642,-1,False
GH-384e,False,False,False,False,False,2.0891013145446777,-215.91490173339844,1.7844080924987793,-1,False
GH-384a,False,False,False,False,False,1.174499750137329,133.75270080566406,30.937820434570312,-1,True
GH-082f,False,False,False,False,False,0.8288182020187378,-157.84661865234375,0.7210787534713745,-1,False
GH-827b,False,False,False,False,False,0.7641537189483643,169.72254943847656,3.6143791675567627,-1,True
GH-527b,False,False,False,False,False,0.23766650259494781,-116.3330307006836,0.08612419664859772,-1,True
GH-459a,False,True,False,True,False,0.7023046016693115,46.866756439208984,0.9624021649360657,-1,True
GH-082h,False,False,False,False,False,1.9949206113815308,-194.53643798828125,0.6897560954093933,-1,False
YI-552c,True,True,True,True,False,1.109641671180725,-193.3496856689453,0.30835098028182983,-1,True
GH-527e,False,False,False,False,False,1.2238863706588745,-226.1886749267578,1.4251484870910645,-1,False
KI-401b,True,True,True,True,True,1.210205078125,-36.689579010009766,0.057668328285217285,-1,True
GH-082e,False,False,False,False,False,1.385083556175232,-115.10105895996094,42.95271301269531,-1,True
GH-827d,False,False,False,False,False,0.27696916460990906,-29.46760368347168,0.020870612934231758,-1,True
GH-827a,False,True,False,True,False,0.3707609474658966,342.05865478515625,0.1390344202518463,-1,True
GH-459d,False,True,False,True,False,0.6842952966690063,-171.4070587158203,1.8272854089736938,-1,False
GH-827f,False,False,False,False,False,0.7472831010818481,-103.31440734863281,1.0312656164169312,-1,False
GH-527c,False,False,False,False,False,0.689433217048645,-202.0611114501953,0.4336960017681122,-1,True
TD-228b,True,True,True,True,False,0.9293482303619385,54.30486297607422,1.3812479972839355,-1,True
GH-527f,False,False,False,False,False,2.4616739749908447,-244.75216674804688,1.4011502265930176,-1,False
WU-308c,True,True,True,True,False,1.0270274877548218,-196.6149444580078,49.23165512084961,-1,True
LZ-189a,False,False,False,False,False,0.4734604060649872,-16.754972457885742,0.1766468584537506,-1,True
YI-209b,False,False,True,True,False,0.7896462082862854,-100.5579833984375,37.167415618896484,-1,True
LZ-189c,False,False,False,False,False,0.2895740568637848,-81.22589111328125,0.11710229516029358,-1,True
GH-527d,False,False,False,False,False,1.1442509889602661,-226.04200744628906,70.6541519165039,-1,True
GH-827e,False,False,False,False,False,1.0985723733901978,-105.1270523071289,8.09009075164795,-1,True
XD-311c,False,True,True,True,False,0.7884756326675415,81.98954772949219,14.585115432739258,-1,True
VH-192b,False,True,True,True,False,0.9123984575271606,226.52947998046875,0.0001451662537874654,-1,True
OF-185d,True,True,True,True,False,1.5109328031539917,-189.75343322753906,0.9210284352302551,-1,True
LZ-189d,False,False,False,False,False,0.7637778520584106,-194.10708618164062,9.013386726379395,-1,True
LZ-259a,False,False,False,False,False,1.0454128980636597,-143.32806396484375,6.881997108459473,-1,True
LZ-259e,False,False,False,False,False,1.0727275609970093,-188.0586395263672,74.81986999511719,-1,True
LZ-259b,False,False,False,False,False,0.739829421043396,-163.7346649169922,1.737257480621338,-1,True
LZ-259c,False,False,False,False,False,0.8597238659858704,-173.56256103515625,0.08841624855995178,-1,True
LZ-259i,False,False,False,False,False,0.982208788394928,-242.5867156982422,1.3535792827606201,-1,False
LZ-259f,False,False,False,False,False,0.5911170840263367,-204.50430297851562,1.1271929740905762,-1,False
LZ-259h,False,False,False,False,False,1.5786120891571045,-229.3317413330078,1.557726502418518,-1,False
IA-151e,True,True,True,True,False,0.8335893750190735,-164.7584991455078,0.5541564226150513,-1,False
LZ-088b,False,False,False,False,False,1.250078797340393,105.45486450195312,35.49008560180664,-1,True
LZ-088a,False,False,False,False,False,0.4961550533771515,457.47515869140625,0.05897011607885361,-1,True
LZ-259g,False,False,False,False,False,1.3112144470214844,-240.73770141601562,0.8145421147346497,-1,False
LZ-259d,False,False,False,False,False,0.7553547024726868,-201.8768310546875,0.6709057092666626,-1,True
LZ-189b,False,False,False,False,False,1.3246575593948364,-153.7088165283203,8.35245418548584,-1,True
LZ-270g,False,False,False,False,False,2.798069953918457,-198.85195922851562,1.9133104085922241,-1,False
LZ-270h,False,False,False,False,False,1.311064600944519,-226.83740234375,1.355289340019226,-1,False
LZ-813b,False,False,False,False,False,0.47377827763557434,288.0660095214844,0.049756940454244614,-1,True
LZ-088e,False,False,False,False,False,0.9710575938224792,-159.00990295410156,1.2151978015899658,-1,False
JY-327a,False,False,False,False,False,0.43052372336387634,392.7880554199219,0.10856959223747253,-1,True
LZ-270c,False,False,False,False,False,0.7380252480506897,-74.65602111816406,19.08100128173828,-1,True
LZ-088d,False,False,False,False,False,1.4713380336761475,-123.05162048339844,0.3436191976070404,-1,True
GY-694b,False,True,True,True,False,0.6665751934051514,8.397521018981934,2.601897716522217,-1,True
LZ-270f,False,False,False,False,False,2.321373462677002,-194.8032684326172,0.9716598391532898,-1,False
WB-947a,True,True,True,True,False,0.870326578617096,-121.77238464355469,0.13779866695404053,-1,True
BN-299d,True,True,True,True,False,0.9713752269744873,41.579139709472656,0.5830985307693481,-0.19202333688735962,True
KI-840c,True,True,True,True,False,0.7814745903015137,33.3203125,0.07672221213579178,-1,True
CH-115b,True,True,True,True,False,1.043632984161377,-39.703086853027344,19.574716567993164,-1,True
AJ-946b,True,True,True,True,True,0.9360613226890564,44.601741790771484,3.3853673934936523,-1,True
WU-308a,True,True,True,True,False,0.933814287185669,-137.86573791503906,6.682529449462891,-1,True
ZV-759c,True,True,True,True,True,1.032425045967102,20.56932830810547,1.1871320009231567,-0.3399999737739563,True
IA-151b,True,True,True,True,False,0.5335562825202942,15.799894332885742,6.6407904624938965,-1,True
LZ-813e,False,False,False,False,False,1.9129985570907593,-182.13973999023438,1.863853931427002,-1,False
FK-037g,True,True,True,True,False,2.669118881225586,-195.75308227539062,0.7192195653915405,-1,False
LZ-270b,False,False,False,False,False,1.0513263940811157,-66.05394744873047,0.7236108183860779,-1,True
LZ-813d,False,False,False,False,False,0.6076340079307556,-74.6030502319336,1.6846842765808105,-1,False
LZ-270i,False,False,False,False,False,0.6669945120811462,-215.36146545410156,12.670268058776855,-1,True
LZ-813c,False,False,False,False,False,1.065145492553711,194.68727111816406,24.117910385131836,-1,True
IA-151c,True,True,True,True,False,0.6767138242721558,-122.77528381347656,0.12915293872356415,-1,True
EW-238c,True,True,True,True,False,0.9566338062286377,-8.171429634094238,0.09675032645463943,-1,True
GY-135b,False,True,False,True,False,0.41870608925819397,-34.914363861083984,0.12921097874641418,-1,True
LZ-270e,False,False,False,False,False,0.8220338225364685,-185.44692993164062,1.4616748094558716,-1,False
CC-541e,False,True,False,True,False,0.809848427772522,-187.43588256835938,1.9737133979797363,-1,False
TD-260b,True,True,True,True,False,0.736117959022522,19.625795364379883,0.31554675102233887,-1,True
KW-358c,True,True,True,True,False,0.897658109664917,-204.05323791503906,0.6676692366600037,-1,True
SE-751a,False,True,False,True,False,0.6050340533256531,-172.4189910888672,0.24985942244529724,-1,True
LZ-088c,False,False,False,False,False,0.6398143768310547,-37.26406478881836,0.593979001045227,-1,True
IA-158e,True,True,True,True,False,0.8052419424057007,-183.81231689453125,0.5555084347724915,-1,False
IY-028c,True,True,True,True,False,0.873073160648346,4.967824459075928,1.0844693183898926,-0.5,True
GC-032h,False,True,True,True,False,2.856557607650757,-165.6881103515625,1.5274174213409424,-1,False
XD-311e,False,True,True,True,False,1.6353209018707275,-173.17308044433594,0.8228318095207214,-1,False
LZ-270a,False,False,False,False,False,0.31426286697387695,72.60188293457031,0.02721085585653782,-1,True
LZ-270d,False,False,False,False,False,1.6879487037658691,-120.49053192138672,356.87396240234375,-1,True
KW-602c,True,True,True,True,False,0.7556583881378174,-12.730108261108398,0.2883416712284088,-1,True
YK-649b,True,True,True,True,True,0.5518755912780762,-22.774293899536133,0.6062875390052795,-1,True
QQ-001c,True,True,True,True,False,1.0083729028701782,-79.0737533569336,5.954085350036621,-1,True
LZ-813a,False,False,False,False,False,0.7577463984489441,475.5429382324219,0.21038779616355896,-1,True
LA-236e,False,True,False,True,False,0.8154431581497192,-134.7988739013672,1.915000557899475,-1,False
UB-860e,False,True,False,False,False,0.8176026344299316,-89.41717529296875,1.4382878541946411,-1,True
IA-093c,False,True,False,False,False,0.3995293378829956,15.917198181152344,0.08245198428630829,-1,True
WU-308b,True,True,True,True,False,1.5127404928207397,-180.646484375,0.003787709167227149,-1,True
GH-209b,False,True,False,True,False,0.6546534299850464,169.4619140625,1.030500888824463,-1,True
WU-974b,False,True,True,False,False,0.19355028867721558,163.9863739013672,0.003308200975880027,-1,True
WB-675c,True,True,True,True,False,0.4314446449279785,0.9077534675598145,0.0011662113247439265,-1,True
LS-934c,False,True,True,True,False,1.4014196395874023,-179.5870819091797,1.6519964933395386,-1,True
XD-534d,False,True,True,True,False,0.9458164572715759,-141.4571533203125,1.7343270778656006,-1,False
LS-014d,False,True,True,True,False,0.6618274450302124,-223.95697021484375,1.0922883749008179,-1,False
OY-793f,False,True,False,True,False,0.729209303855896,-169.99200439453125,0.991169810295105,-1,False
LS-014c,False,True,True,True,False,1.334599256515503,-217.7882843017578,0.0359814427793026,-1,True
WC-702j,False,True,False,True,False,0.5817521214485168,-237.7906036376953,1.2366055250167847,-1,False
IA-158b,True,True,True,True,False,0.6947528123855591,-79.74198913574219,2.7277328968048096,-1,True
LZ-088f,False,False,False,False,False,1.3183153867721558,-175.85433959960938,1.0214321613311768,-1,False
SL-542b,True,True,True,True,False,0.5700372457504272,168.88671875,1.6274853944778442,-1,True
LS-014b,False,True,True,True,False,0.8041627407073975,-181.80899047851562,1.800669550895691,-1,True
QJ-684c,False,True,True,True,False,1.3991844654083252,-108.42266082763672,8.937867164611816,-1,True
EL-179g,True,True,True,True,True,1.7709336280822754,-200.74436950683594,1.5505516529083252,-1,False
QJ-149c,True,True,True,True,False,0.4787873923778534,-21.298704147338867,0.4840981364250183,-1,True
AM-695e,True,True,True,True,False,0.8010321259498596,-148.70339965820312,1.6838310956954956,-1,False
WC-803b,True,False,True,False,False,0.8374093174934387,32.07611083984375,15.350865364074707,-1,True
HY-239b,True,True,True,True,False,0.7545341849327087,-35.96513366699219,0.9218673706054688,-1,True
AJ-135e,True,True,False,True,False,1.5003830194473267,-220.77023315429688,1.8307548761367798,-1,False
ZV-307b,True,True,True,True,False,0.4169022738933563,211.2493896484375,0.3542936444282532,-1,True
UB-282a,False,False,False,False,False,1.197933554649353,494.4962158203125,16.483989715576172,-1,True
GH-384c,False,True,False,True,False,0.9970985054969788,-142.52284240722656,66.7953872680664,-1,True
GY-252a,False,True,True,True,False,0.8859965205192566,95.25394439697266,0.11705174297094345,-1,True
FK-037f,True,True,True,True,False,2.1865828037261963,-192.7586669921875,0.6624418497085571,-1,False
OT-442h,True,True,True,True,False,1.0519477128982544,-221.016357421875,1.7827297449111938,-1,False
KC-424e,False,False,False,True,False,0.5725637674331665,-114.76979064941406,0.593897819519043,-1,False
EY-493d,False,True,True,False,False,0.6055337190628052,-149.94300842285156,2.9067201614379883,-1,True
KW-688b,False,True,False,True,False,1.0568090677261353,154.201904296875,23.426416397094727,-1,True
WU-070c,False,True,True,True,False,0.6811308860778809,-181.1387481689453,0.981591522693634,-1,True